-- MySQL dump 10.13  Distrib 8.0.31, for Win64 (x86_64)
--
-- Host: localhost    Database: tkdb
-- ------------------------------------------------------
-- Server version	5.6.34

/*!40101 SET @OLD_CHARACTER_SET_CLIENT=@@CHARACTER_SET_CLIENT */;
/*!40101 SET @OLD_CHARACTER_SET_RESULTS=@@CHARACTER_SET_RESULTS */;
/*!40101 SET @OLD_COLLATION_CONNECTION=@@COLLATION_CONNECTION */;
/*!50503 SET NAMES utf8 */;
/*!40103 SET @OLD_TIME_ZONE=@@TIME_ZONE */;
/*!40103 SET TIME_ZONE='+00:00' */;
/*!40014 SET @OLD_UNIQUE_CHECKS=@@UNIQUE_CHECKS, UNIQUE_CHECKS=0 */;
/*!40014 SET @OLD_FOREIGN_KEY_CHECKS=@@FOREIGN_KEY_CHECKS, FOREIGN_KEY_CHECKS=0 */;
/*!40101 SET @OLD_SQL_MODE=@@SQL_MODE, SQL_MODE='NO_AUTO_VALUE_ON_ZERO' */;
/*!40111 SET @OLD_SQL_NOTES=@@SQL_NOTES, SQL_NOTES=0 */;

--
-- Table structure for table `adjunto`
--

DROP TABLE IF EXISTS `adjunto`;
/*!40101 SET @saved_cs_client     = @@character_set_client */;
/*!50503 SET character_set_client = utf8mb4 */;
CREATE TABLE `adjunto` (
  `idadjunto` int(11) NOT NULL AUTO_INCREMENT,
  `tipo` varchar(4) DEFAULT NULL,
  `ruta` varchar(45) DEFAULT NULL,
  `fecha` datetime DEFAULT CURRENT_TIMESTAMP,
  PRIMARY KEY (`idadjunto`),
  UNIQUE KEY `idadjunto_UNIQUE` (`idadjunto`)
) ENGINE=InnoDB AUTO_INCREMENT=33 DEFAULT CHARSET=latin1;
/*!40101 SET character_set_client = @saved_cs_client */;

--
-- Dumping data for table `adjunto`
--

LOCK TABLES `adjunto` WRITE;
/*!40000 ALTER TABLE `adjunto` DISABLE KEYS */;
INSERT INTO `adjunto` VALUES (1,'IMG','ADJUNTO_1712448873058_1.png','2024-04-06 20:14:33'),(2,'IMG','ADJUNTO_1712448959337_2.png','2024-04-06 20:15:59'),(3,'IMG','ADJUNTO_1712448976867_3.jpg','2024-04-06 20:16:16'),(4,'IMG','ADJUNTO_1712451033691_3.png','2024-04-06 20:50:33'),(5,'IMG','ADJUNTO_1712451044279_4.jpg','2024-04-06 20:50:44'),(6,'IMG','ADJUNTO_1712451668410_4.png','2024-04-06 21:01:08'),(7,'IMG','ADJUNTO_1712451737333_5.png','2024-04-06 21:02:17'),(8,'IMG','ADJUNTO_1712451780424_6.jpeg','2024-04-06 21:03:00'),(9,'IMG','ADJUNTO_1712451855238_11.png','2024-04-06 21:04:15'),(10,'IMG','ADJUNTO_1712451875230_13.jpeg','2024-04-06 21:04:35'),(11,'IMG','ADJUNTO_1712453527743_15.png','2024-04-06 21:32:07'),(12,'IMG','ADJUNTO_1712501471908_1.png','2024-04-07 10:51:11'),(13,'IMG','ADJUNTO_1713044900850_7.jpg','2024-04-13 17:48:20'),(14,'IMG','ADJUNTO_1713044921513_7.jpg','2024-04-13 17:48:41'),(15,'IMG','ADJUNTO_1713044944488_7.jpg','2024-04-13 17:49:04'),(16,'IMG','ADJUNTO_1713045047294_17.jpg','2024-04-13 17:50:47'),(17,'IMG','ADJUNTO_1719588681013_7.png','2024-06-28 11:31:21'),(18,'IMG','ADJUNTO_1719588737789_7.jpg','2024-06-28 11:32:17'),(19,'IMG','ADJUNTO_1719588748756_6.png','2024-06-28 11:32:28'),(20,'IMG','ADJUNTO_1719591133594_6.png','2024-06-28 12:12:13'),(21,'IMG','ADJUNTO_1719798184363_1.png','2024-06-30 21:43:04'),(22,'IMG','ADJUNTO_1719798307867_1.png','2024-06-30 21:45:07'),(23,'IMG','ADJUNTO_1719798563774_1.png','2024-06-30 21:49:23'),(24,'IMG','ADJUNTO_1719799015885_2.jpg','2024-06-30 21:56:55'),(25,'IMG','ADJUNTO_1722959067132_1.png','2024-08-06 11:44:27'),(26,'IMG','ADJUNTO_1722959428385_ESTU.png','2024-08-06 11:50:28'),(27,'IMG','ADJUNTO_1722959746684_ESTU.png','2024-08-06 11:55:46'),(28,'IMG','ADJUNTO_1722959882131_ESTU.png','2024-08-06 11:58:02'),(29,'IMG','ADJUNTO_1722960018611_ESTU.png','2024-08-06 12:00:18'),(30,'IMG','ADJUNTO_1723940998033_ESTU.png','2024-08-17 20:29:58'),(31,'IMG','ADJUNTO_1723995807653_ESTU.png','2024-08-18 11:43:27'),(32,'IMG','ADJUNTO_1723999745472_ESTU.png','2024-08-18 12:49:05');
/*!40000 ALTER TABLE `adjunto` ENABLE KEYS */;
UNLOCK TABLES;

--
-- Table structure for table `campeonato`
--

DROP TABLE IF EXISTS `campeonato`;
/*!40101 SET @saved_cs_client     = @@character_set_client */;
/*!50503 SET character_set_client = utf8mb4 */;
CREATE TABLE `campeonato` (
  `idcampeonato` int(10) unsigned NOT NULL AUTO_INCREMENT,
  `nombre` varchar(45) DEFAULT NULL,
  `descripcion` blob,
  `fecha` datetime DEFAULT CURRENT_TIMESTAMP,
  `inscripcion` varchar(1) DEFAULT 'N',
  PRIMARY KEY (`idcampeonato`)
) ENGINE=InnoDB AUTO_INCREMENT=9 DEFAULT CHARSET=latin1;
/*!40101 SET character_set_client = @saved_cs_client */;

--
-- Dumping data for table `campeonato`
--

LOCK TABLES `campeonato` WRITE;
/*!40000 ALTER TABLE `campeonato` DISABLE KEYS */;
INSERT INTO `campeonato` VALUES (2,'TORNEO APERTURA 2023',_binary 'El torneo apertura es el primer campeonato del año rankeable organizado por la ATCTKDCBBA que incluirá las modalidades de combate y poomsae','2023-03-16 21:31:42','N'),(4,'CAMPEONATO HANMADANG 2023',_binary 'campeonato de rompimientos, demostración y estilo libre de la ATCTKDCBBA en todas las categorias','2023-07-14 20:30:18','N'),(5,'CAMPEONATO DICIEMBRE 2023',_binary 'Campeonato de Kyorugui y Poomsae','2023-11-29 19:21:34','N'),(6,'TORNEO SIJAB BULPE 9° VERSIÓN 2024',_binary 'campeonato de Kyorugui, poomsae y TK5 organizado por el club Sijab Bulpe Kwan','2024-01-20 20:21:12','N'),(7,'CAMPEONATO APERTURA ABRIL 2024',_binary 'Primer campeonato de la gestión 2024, con las modalidades de Kyorugui, Poomsae y TK5','2024-04-06 08:46:30','N'),(8,'HANMADANG 3°VERSIÓN','','2024-06-24 10:38:17','N');
/*!40000 ALTER TABLE `campeonato` ENABLE KEYS */;
UNLOCK TABLES;

--
-- Table structure for table `categoria`
--

DROP TABLE IF EXISTS `categoria`;
/*!40101 SET @saved_cs_client     = @@character_set_client */;
/*!50503 SET character_set_client = utf8mb4 */;
CREATE TABLE `categoria` (
  `idcategoria` int(11) NOT NULL AUTO_INCREMENT,
  `nombre` varchar(45) DEFAULT NULL,
  `edadini` int(11) NOT NULL DEFAULT '0',
  `edadfin` int(11) NOT NULL DEFAULT '0',
  `idcampeonato` int(11) NOT NULL DEFAULT '0',
  `genero` varchar(1) DEFAULT NULL,
  `estado` varchar(1) DEFAULT 'A',
  PRIMARY KEY (`idcategoria`)
) ENGINE=InnoDB AUTO_INCREMENT=99 DEFAULT CHARSET=latin1;
/*!40101 SET character_set_client = @saved_cs_client */;

--
-- Dumping data for table `categoria`
--

LOCK TABLES `categoria` WRITE;
/*!40000 ALTER TABLE `categoria` DISABLE KEYS */;
INSERT INTO `categoria` VALUES (1,'FESTIVAL',0,9,2,'M','P'),(2,'INFANTIL',10,11,2,'M','A'),(3,'CADETES',12,14,2,'M','A'),(4,'JUVENIL',15,17,2,'M','A'),(5,'MAYORES',18,30,2,'M','A'),(6,'SENIOR A',31,40,2,'M','A'),(7,'FESTIVAL',0,9,2,'F','P'),(8,'INFANTIL',10,11,2,'F','A'),(9,'CADETES',12,14,2,'F','A'),(10,'JUVENIL',15,17,2,'F','A'),(11,'MAYORES',18,30,2,'F','A'),(12,'SENIOR A',31,40,2,'F','A'),(13,'SENIOR B',41,70,2,'M','A'),(14,'SENIOR B',41,70,2,'F','A'),(15,'INFANTIL',10,11,3,'M','A'),(16,'INFANTIL',10,11,3,'F','A'),(17,'CADETES',12,14,3,'M','A'),(18,'CADETES',12,14,3,'F','A'),(19,'JUVENIL',15,17,3,'M','A'),(20,'JUVENIL',15,17,3,'F','A'),(21,'MAYORES',18,30,3,'M','A'),(22,'MAYORES',18,30,3,'F','A'),(23,'SENIOR A',31,40,3,'M','A'),(24,'SENIOR A',31,40,3,'F','A'),(25,'SENIOR B',41,70,3,'M','A'),(26,'SENIOR B',41,70,3,'F','A'),(27,'INFANTIL',10,11,4,'M','A'),(28,'INFANTIL',10,11,4,'F','A'),(29,'CADETES',12,14,4,'F','A'),(30,'CADETES',12,14,4,'M','A'),(31,'JUVENIL',15,17,4,'M','A'),(32,'JUVENIL',15,17,4,'F','A'),(33,'MAYORES',18,30,4,'M','A'),(34,'MAYORES',18,30,4,'F','A'),(35,'SENIOR A',31,40,4,'M','A'),(36,'SENIOR A',31,40,4,'F','A'),(37,'SENIOR B',41,70,4,'M','A'),(38,'SENIOR B',41,70,4,'F','A'),(39,'FESTIVAL',2,9,4,'M','P'),(40,'FESTIVAL',2,9,4,'F','P'),(41,'INFANTIL',10,11,5,'M','A'),(42,'INFANTIL',10,11,5,'F','A'),(43,'CADETES',12,14,5,'F','A'),(44,'CADETES',12,14,5,'M','A'),(45,'JUVENIL',15,17,5,'M','A'),(46,'JUVENIL',15,17,5,'F','A'),(47,'MAYORES',18,30,5,'M','A'),(48,'MAYORES',18,30,5,'F','A'),(49,'SENIOR A',31,40,5,'M','A'),(50,'SENIOR A',31,40,5,'F','A'),(51,'SENIOR B',41,70,5,'M','A'),(52,'SENIOR B',41,70,5,'F','A'),(53,'FESTIVAL',0,9,5,'M','P'),(54,'FESTIVAL',0,9,5,'F','P'),(55,'INFANTIL',10,11,6,'M','A'),(56,'INFANTIL',10,11,6,'F','A'),(57,'CADETES',12,14,6,'F','A'),(58,'CADETES',12,14,6,'M','A'),(59,'JUVENIL',15,17,6,'M','A'),(60,'JUVENIL',15,17,6,'F','A'),(61,'MAYORES',18,29,6,'F','A'),(62,'MAYORES',18,29,6,'M','A'),(63,'SENIOR A',30,35,6,'M','A'),(64,'SENIOR A',30,35,6,'F','A'),(65,'SENIOR B',36,41,6,'M','A'),(66,'SENIOR B',36,41,6,'F','A'),(67,'SENIOR C',42,80,6,'M','A'),(68,'SENIOR C',42,80,6,'F','A'),(69,'FESTIVAL',0,9,6,'M','P'),(70,'FESTIVAL',0,9,6,'F','P'),(71,'INFANTIL',10,11,7,'M','A'),(72,'INFANTIL',10,11,7,'F','A'),(73,'CADETES',12,14,7,'F','A'),(74,'CADETES',12,14,7,'M','A'),(75,'JUVENIL',15,17,7,'M','A'),(76,'JUVENIL',15,17,7,'F','A'),(77,'MAYORES',18,30,7,'F','A'),(78,'MAYORES',18,30,7,'M','A'),(79,'SENIOR A',31,40,7,'M','A'),(80,'SENIOR A',31,40,7,'F','A'),(81,'SENIOR B',41,80,7,'M','A'),(82,'SENIOR B',41,80,7,'F','A'),(83,'FESTIVAL',0,9,7,'M','P'),(84,'FESTIVAL',0,9,7,'F','P'),(85,'INFANTIL',10,11,8,'M','A'),(86,'INFANTIL',10,11,8,'F','A'),(87,'CADETES',12,14,8,'F','A'),(88,'CADETES',12,14,8,'M','A'),(89,'JUVENIL',15,17,8,'M','A'),(90,'JUVENIL',15,17,8,'F','A'),(91,'MAYORES',18,30,8,'M','A'),(92,'MAYORES',18,30,8,'F','A'),(93,'SENIOR A',31,40,8,'M','A'),(94,'SENIOR A',31,40,8,'F','A'),(95,'SENIOR B',41,80,8,'M','A'),(96,'SENIOR B',41,80,8,'F','A'),(97,'FESTIVAL',0,9,8,'M','P'),(98,'FESTIVAL',0,9,8,'F','P');
/*!40000 ALTER TABLE `categoria` ENABLE KEYS */;
UNLOCK TABLES;

--
-- Table structure for table `cinturon`
--

DROP TABLE IF EXISTS `cinturon`;
/*!40101 SET @saved_cs_client     = @@character_set_client */;
/*!50503 SET character_set_client = utf8mb4 */;
CREATE TABLE `cinturon` (
  `idcinturon` int(11) NOT NULL AUTO_INCREMENT,
  `idgrado` int(11) DEFAULT NULL,
  `nombre` varchar(45) DEFAULT NULL,
  PRIMARY KEY (`idcinturon`)
) ENGINE=InnoDB AUTO_INCREMENT=408 DEFAULT CHARSET=latin1;
/*!40101 SET character_set_client = @saved_cs_client */;

--
-- Dumping data for table `cinturon`
--

LOCK TABLES `cinturon` WRITE;
/*!40000 ALTER TABLE `cinturon` DISABLE KEYS */;
INSERT INTO `cinturon` VALUES (1,1,'10 KUP'),(2,1,'9 KUP'),(3,1,'8 KUP'),(4,2,'7 KUP'),(5,2,'6 KUP'),(6,2,'5 KUP'),(7,2,'4 KUP'),(8,3,'3 KUP'),(9,3,'2 KUP'),(10,3,'1 KUP'),(11,5,'1 DAN'),(13,5,'2 DAN'),(15,5,'2 DAN'),(16,5,'3 DAN'),(17,5,'4 DAN'),(18,6,'10KUP'),(19,6,'9KUP'),(20,7,'8KUP'),(21,8,'7KUP'),(22,8,'6KUP'),(23,9,'5KUP'),(24,10,'4KUP'),(25,10,'3KUP'),(26,11,'2KUP'),(27,11,'1KUP'),(28,13,'1DAN'),(29,14,'2DAN'),(30,15,'3DAN'),(31,15,'4DAN'),(32,16,'4KUP'),(33,16,'3KUP'),(34,17,'2KUP'),(35,17,'1KUP'),(36,18,'1DAN'),(37,18,'2DAN'),(38,18,'3DAN'),(39,18,'4DAN'),(40,18,'5DAN'),(41,19,'10KUP'),(42,19,'9KUP'),(43,20,'10KUP'),(44,20,'9KUP'),(45,20,'8KUP'),(46,21,'7KUP'),(47,21,'6KUP'),(48,22,'10 KUP'),(49,22,'9 KUP'),(50,22,'8 KUP'),(51,23,'7 KUP'),(52,23,'6 KUP'),(53,23,'5 KUP'),(54,23,'4 KUP'),(55,24,'3 KUP'),(56,24,'2 KUP'),(57,24,'1 KUP'),(58,25,'1 DAN'),(59,25,'2 DAN'),(60,25,'2 DAN'),(61,25,'3 DAN'),(62,25,'4 DAN'),(63,26,'10KUP'),(64,26,'9KUP'),(65,27,'8KUP'),(66,28,'7KUP'),(67,28,'6KUP'),(68,29,'5KUP'),(69,30,'4KUP'),(70,30,'3KUP'),(71,31,'2KUP'),(72,31,'1KUP'),(73,32,'1DAN'),(74,32,'2DAN'),(75,32,'3DAN'),(76,32,'4DAN'),(77,32,'5DAN'),(78,33,'10KUP'),(79,33,'9KUP'),(83,35,'10 KUP'),(84,35,'9 KUP'),(85,35,'8 KUP'),(86,36,'7 KUP'),(87,36,'6 KUP'),(88,36,'5 KUP'),(89,36,'4 KUP'),(90,37,'3 KUP'),(91,37,'2 KUP'),(92,37,'1 KUP'),(93,38,'1 DAN'),(94,38,'2 DAN'),(95,38,'2 DAN'),(96,38,'3 DAN'),(97,38,'4 DAN'),(98,39,'10KUP'),(99,39,'9KUP'),(100,40,'8KUP'),(101,41,'7KUP'),(102,41,'6KUP'),(103,42,'5KUP'),(104,43,'4KUP'),(105,43,'3KUP'),(106,44,'2KUP'),(107,44,'1KUP'),(108,45,'1DAN'),(109,45,'2DAN'),(110,45,'3DAN'),(111,45,'4DAN'),(112,45,'5DAN'),(116,47,'7KUP'),(117,47,'6KUP'),(118,48,'8 KUP'),(119,46,'10 KUP'),(120,46,'9 KUP'),(121,48,'7 KUP'),(122,49,'6 KUP'),(123,49,'5 KUP'),(124,50,'4 KUP'),(125,50,'3 KUP'),(126,51,'2 KUP '),(127,51,'1 KUP'),(128,52,'1 DAN'),(129,52,'2 DAN'),(130,52,'3 DAN'),(131,52,'4 DAN'),(132,53,'10 KUP'),(133,53,'9 KUP'),(134,53,'8 KUP'),(135,53,'7 KUP'),(136,53,'6 KUP'),(137,53,'5 KUP'),(138,53,'4 KUP'),(139,53,'3 KUP'),(140,53,'2 KUP'),(141,53,'1 KUP'),(142,53,'1 DAN'),(143,53,'2 DAN'),(144,53,'3 DAN'),(145,53,'4 DAN'),(146,54,'10 KUP'),(147,54,'9 KUP'),(149,55,'7 KUP'),(150,55,'6 KUP'),(151,55,'5 KUP'),(152,55,'4 KUP'),(154,56,'2 KUP'),(155,56,'1 KUP'),(156,57,'1 DAN'),(157,57,'2 DAN'),(158,57,'2 DAN'),(159,57,'3 DAN'),(160,57,'4 DAN'),(161,58,'10KUP'),(162,58,'9KUP'),(163,59,'8KUP'),(164,60,'7KUP'),(165,60,'6KUP'),(166,61,'5KUP'),(167,62,'4KUP'),(168,62,'3KUP'),(169,63,'2KUP'),(170,63,'1KUP'),(171,64,'1DAN'),(172,64,'2DAN'),(173,64,'3DAN'),(174,64,'4DAN'),(175,64,'5DAN'),(176,65,'10KUP'),(177,65,'9KUP'),(178,65,'8KUP'),(179,66,'7KUP'),(180,66,'6KUP'),(181,67,'8 KUP'),(182,67,'7 KUP'),(184,67,'6 KUP'),(185,69,'8 KUP'),(186,69,'7 KUP'),(187,69,'6 KUP'),(188,70,'5 KUP'),(189,70,'4 KUP'),(190,70,'3 KUP'),(191,71,'2 KUP'),(192,71,'1 KUP'),(193,72,'1 DAN'),(194,72,'2 DAN'),(195,72,'3 DAN'),(196,72,'4 DAN'),(197,72,'5 DAN'),(198,73,'10 KUP'),(199,73,'9 KUP'),(202,75,'8KUP'),(205,77,'5KUP'),(206,78,'4KUP'),(207,78,'3KUP'),(210,80,'1DAN'),(211,80,'2DAN'),(212,80,'3DAN'),(213,80,'4DAN'),(214,80,'5DAN'),(215,81,'10KUP'),(216,81,'9KUP'),(217,81,'8KUP'),(218,82,'7KUP'),(219,82,'6KUP'),(220,83,'8 KUP'),(221,83,'7 KUP'),(222,83,'6 KUP'),(223,84,'5 KUP'),(224,84,'4 KUP'),(225,84,'3 KUP'),(226,85,'2 KUP'),(227,85,'1 KUP'),(228,86,'1 DAN'),(229,86,'2 DAN'),(230,86,'3 DAN'),(231,86,'4 DAN'),(232,86,'5 DAN'),(235,74,'10KUP'),(236,74,'9KUP'),(237,76,'8KUP'),(238,76,'7KUP'),(239,76,'6KUP'),(240,77,'4KUP'),(241,77,'3KUP'),(242,79,'2KUP'),(243,79,'1KUP'),(244,87,'10 KUP'),(245,87,'9 KUP'),(246,88,'10KUP'),(247,88,'9KUP'),(248,89,'8KUP'),(249,90,'7KUP'),(250,90,'6KUP'),(251,91,'5KUP'),(252,92,'4KUP'),(253,92,'3KUP'),(254,93,'2KUP'),(255,93,'1KUP'),(256,94,'1DAN'),(257,94,'2DAN'),(258,94,'3DAN'),(259,94,'4DAN'),(260,94,'5DAN'),(261,95,'10KUP'),(262,95,'9KUP'),(263,95,'8KUP'),(264,96,'7KUP'),(265,96,'6KUP'),(266,97,'8 KUP'),(267,97,'7 KUP'),(268,97,'6 KUP'),(269,98,'5 KUP'),(270,98,'4 KUP'),(271,98,'3 KUP'),(272,99,'2 KUP'),(273,99,'1 KUP'),(274,100,'1 DAN'),(275,100,'2 DAN'),(276,100,'3 DAN'),(277,100,'4 DAN'),(278,100,'5 DAN'),(279,101,'8KUP'),(280,101,'7KUP'),(281,101,'6KUP'),(282,103,'5KUP'),(283,103,'4KUP'),(284,103,'3KUP'),(285,104,'2KUP'),(286,104,'1KUP'),(287,106,'1DAN'),(288,106,'2DAN'),(289,106,'3DAN'),(290,106,'4DAN'),(291,106,'5DAN'),(292,107,'1DAN'),(293,107,'2DAN'),(294,107,'3DAN'),(295,107,'4DAN'),(296,107,'5DAN'),(297,108,'10 KUP'),(298,108,'9 KUP'),(299,109,'10KUP'),(300,109,'9KUP'),(301,110,'10KUP'),(302,110,'9KUP'),(303,110,'8KUP'),(304,111,'7KUP'),(305,111,'6KUP'),(306,112,'8 KUP'),(307,112,'7 KUP'),(308,112,'6 KUP'),(309,113,'5 KUP'),(310,113,'4 KUP'),(311,113,'3 KUP'),(312,114,'2 KUP'),(313,114,'1 KUP'),(314,115,'1 DAN'),(315,115,'2 DAN'),(316,115,'3 DAN'),(317,115,'4 DAN'),(318,115,'5 DAN'),(319,116,'8KUP'),(320,116,'7KUP'),(321,116,'6KUP'),(322,117,'5KUP'),(323,117,'4KUP'),(324,117,'3KUP'),(325,118,'2KUP'),(326,118,'1KUP'),(327,119,'1DAN'),(328,119,'2DAN'),(329,119,'3DAN'),(330,119,'4DAN'),(331,119,'5DAN'),(332,120,'10 KUP'),(333,120,'9 KUP'),(334,120,'8 KUP'),(335,120,'7 KUP'),(336,120,'6 KUP'),(337,120,'5 KUP'),(338,120,'4 KUP'),(339,120,'3 KUP'),(340,120,'2 KUP'),(341,120,'1 KUP'),(342,120,'1 DAN'),(343,120,'2 DAN'),(344,120,'2 DAN'),(345,120,'3 DAN'),(346,120,'4 DAN'),(347,120,'5 DAN'),(348,121,'10 KUP'),(349,121,'9 KUP'),(350,121,'8 KUP'),(351,121,'7 KUP'),(352,121,'6 KUP'),(353,121,'5 KUP'),(354,121,'4 KUP'),(355,121,'3 KUP'),(356,121,'2 KUP'),(357,121,'1 KUP'),(358,121,'1 DAN'),(359,121,'2 DAN'),(360,121,'3 DAN'),(361,121,'4 DAN'),(362,121,'5 DAN'),(363,122,'10 KUP'),(364,122,'9 KUP'),(365,122,'8 KUP'),(366,122,'7 KUP'),(367,122,'6 KUP'),(368,122,'5 KUP'),(369,122,'4 KUP'),(370,122,'3 KUP'),(371,122,'2 KUP'),(372,122,'1 KUP'),(373,122,'1 DAN'),(374,122,'2 DAN'),(375,122,'3 DAN'),(376,122,'4 DAN'),(377,122,'5 DAN'),(378,123,'10 KUP'),(379,123,'9 KUP'),(380,123,'8 KUP'),(381,123,'7 KUP'),(382,123,'6 KUP'),(383,123,'5 KUP'),(384,123,'4 KUP'),(385,123,'3 KUP'),(386,123,'2 KUP'),(387,123,'1 KUP'),(388,123,'1 DAN'),(389,123,'2 DAN'),(390,123,'3 DAN'),(391,123,'4 DAN'),(392,123,'5 DAN'),(393,124,'10 KUP'),(394,124,'9 KUP'),(395,125,'8 KUP'),(396,125,'7 KUP'),(397,125,'6 KUP'),(398,126,'5 KUP'),(399,126,'4 KUP'),(400,126,'3 KUP'),(401,127,'2 KUP'),(402,127,'1 KUP'),(403,128,'1 DAN'),(404,128,'2 DAN'),(405,128,'3 DAN'),(406,128,'4 DAN'),(407,128,'5 DAN');
/*!40000 ALTER TABLE `cinturon` ENABLE KEYS */;
UNLOCK TABLES;

--
-- Table structure for table `clasificacion`
--

DROP TABLE IF EXISTS `clasificacion`;
/*!40101 SET @saved_cs_client     = @@character_set_client */;
/*!50503 SET character_set_client = utf8mb4 */;
CREATE TABLE `clasificacion` (
  `idclasificacion` int(10) unsigned NOT NULL AUTO_INCREMENT,
  `idcompetidor` int(11) DEFAULT NULL,
  `tipo` varchar(1) DEFAULT NULL,
  `idgrado` int(11) DEFAULT NULL,
  `idcategoria` int(11) DEFAULT NULL,
  `idsubcategoria` int(11) DEFAULT NULL,
  `idcampeonato` int(11) DEFAULT NULL,
  `estado` varchar(1) DEFAULT 'A',
  `genero` varchar(1) DEFAULT NULL,
  `idtipocompetencia` int(11) DEFAULT NULL,
  `posicion` int(11) DEFAULT NULL,
  `orden` int(11) DEFAULT NULL,
  `idcinturon` int(11) DEFAULT NULL,
  `puntuacion` double DEFAULT NULL,
  `rompio` double DEFAULT NULL,
  `norompio` double DEFAULT NULL,
  PRIMARY KEY (`idclasificacion`)
) ENGINE=InnoDB AUTO_INCREMENT=395 DEFAULT CHARSET=latin1;
/*!40101 SET character_set_client = @saved_cs_client */;

--
-- Dumping data for table `clasificacion`
--

LOCK TABLES `clasificacion` WRITE;
/*!40000 ALTER TABLE `clasificacion` DISABLE KEYS */;
INSERT INTO `clasificacion` VALUES (1,437,'R',46,39,0,4,'C','M',3,1,1,NULL,1,1,0),(2,429,'R',46,39,0,4,'C','M',3,1,2,NULL,1,1,0),(3,486,'R',46,39,0,4,'C','M',3,2,3,NULL,0,0,0),(4,488,'R',46,39,0,4,'C','M',4,1,4,NULL,1,1,0),(5,380,'R',46,39,0,4,'C','M',4,1,5,NULL,1,1,0),(6,374,'R',46,39,0,4,'C','M',4,1,6,NULL,1,1,0),(7,487,'R',46,39,0,4,'C','M',4,1,7,NULL,1,1,0),(8,516,'R',46,39,0,4,'C','M',4,1,8,NULL,1,1,0),(9,528,'R',46,39,0,4,'C','M',4,1,9,NULL,1,1,0),(10,533,'R',46,39,0,4,'C','M',11,2,10,NULL,0,0,0),(11,535,'R',46,39,0,4,'C','M',11,2,11,NULL,0,0,0),(12,507,'R',46,39,0,4,'C','M',11,1,12,NULL,1,1,0),(13,528,'R',46,39,0,4,'C','M',11,1,13,NULL,1,1,0),(14,437,'R',46,39,0,4,'C','M',12,1,14,NULL,1,1,0),(15,429,'R',46,39,0,4,'C','M',12,1,15,NULL,1,1,0),(16,436,'R',46,39,0,4,'C','M',12,1,16,NULL,1,1,0),(17,429,'R',46,39,0,4,'C','M',17,1,17,NULL,1,1,0),(18,487,'R',46,39,0,4,'C','M',17,1,18,NULL,1,1,0),(19,436,'R',46,39,0,4,'C','M',17,2,19,NULL,0,0,0),(20,535,'R',46,39,0,4,'C','M',23,1,20,NULL,1,1,0),(21,528,'R',46,39,0,4,'C','M',23,1,21,NULL,1,1,0),(22,386,'R',48,39,0,4,'C','M',4,1,22,NULL,1,1,0),(23,396,'R',48,39,0,4,'C','M',4,1,23,NULL,1,1,0),(24,438,'R',48,39,0,4,'C','M',4,2,24,NULL,0,0,0),(25,529,'R',48,39,0,4,'C','M',4,1,25,NULL,1,1,0),(26,521,'R',48,39,0,4,'C','M',11,1,26,NULL,1,1,0),(27,438,'R',48,39,0,4,'C','M',12,1,27,NULL,1,1,0),(28,481,'R',48,39,0,4,'C','M',12,1,28,NULL,1,1,0),(29,521,'R',48,39,0,4,'C','M',23,1,29,NULL,1,1,0),(30,396,'R',48,39,0,4,'C','M',23,1,30,NULL,1,1,0),(31,529,'R',48,39,0,4,'C','M',23,1,31,NULL,1,1,0),(32,472,'R',50,39,0,4,'C','M',9,1,32,NULL,1,1,0),(33,445,'R',51,39,0,4,'C','M',4,1,33,NULL,1,1,0),(34,463,'R',51,39,0,4,'C','M',4,1,34,NULL,1,1,0),(35,445,'R',51,39,0,4,'C','M',11,1,35,NULL,1,1,0),(36,463,'R',51,39,0,4,'C','M',11,1,36,NULL,1,1,0),(37,445,'R',51,39,0,4,'C','M',17,2,37,NULL,0,0,0),(38,466,'R',51,39,0,4,'C','M',17,1,38,NULL,1,1,0),(39,399,'R',46,40,0,4,'C','F',3,1,1,NULL,1,1,0),(40,372,'R',46,40,0,4,'C','F',3,1,2,NULL,1,1,0),(41,513,'R',46,40,0,4,'C','F',4,1,3,NULL,1,1,0),(42,504,'R',46,40,0,4,'C','F',11,1,4,NULL,1,1,0),(43,497,'R',46,40,0,4,'C','F',11,1,5,NULL,1,1,0),(44,485,'R',46,40,0,4,'C','F',12,2,6,NULL,0,0,0),(45,400,'R',46,40,0,4,'C','F',12,1,7,NULL,1,1,0),(46,366,'R',46,40,0,4,'C','F',12,1,8,NULL,1,1,0),(47,407,'R',46,40,0,4,'C','F',12,2,9,NULL,0,0,0),(48,539,'R',46,40,0,4,'C','F',23,1,10,NULL,1,1,0),(49,497,'R',46,40,0,4,'C','F',23,1,11,NULL,1,1,0),(50,502,'R',46,40,0,4,'C','F',23,1,12,NULL,1,1,0),(51,413,'R',48,40,0,4,'C','F',3,1,13,NULL,1,1,0),(52,419,'R',48,40,0,4,'C','F',9,1,14,NULL,0,0,0),(53,538,'R',48,40,0,4,'C','F',11,1,15,NULL,1,1,0),(54,419,'R',48,40,0,4,'C','F',12,1,16,NULL,1,1,0),(55,483,'R',48,40,0,4,'C','F',12,2,17,NULL,0,0,0),(56,538,'R',48,40,0,4,'C','F',23,1,18,NULL,1,1,0),(57,477,'R',48,40,0,4,'C','F',23,1,19,NULL,1,1,0),(58,413,'R',48,40,0,4,'C','F',23,1,20,NULL,1,1,0),(59,508,'R',50,40,0,4,'C','F',4,1,21,NULL,1,1,0),(60,514,'R',46,27,167,4,'C','M',11,1,1,NULL,0.5,0.5,0),(61,500,'R',46,27,167,4,'C','M',23,1,2,NULL,1,1,0),(62,430,'R',46,30,201,4,'C','M',3,1,3,NULL,1,1,0),(63,431,'R',46,30,201,4,'C','M',3,2,4,NULL,0,0,0),(64,517,'R',46,30,201,4,'C','M',4,4,5,NULL,0,0,0),(65,365,'R',46,30,201,4,'C','M',4,3,6,NULL,0.5,0.5,0),(66,430,'R',46,30,201,4,'C','M',4,1,7,NULL,1.5,1.5,0),(67,430,'R',46,30,201,4,'C','M',9,2,8,NULL,1,1,0),(68,501,'R',46,30,201,4,'C','M',9,1,9,NULL,2,2,0),(69,517,'R',46,30,201,4,'C','M',11,1,10,NULL,1,1,0),(70,505,'R',46,30,201,4,'C','M',11,1,11,NULL,1,1,0),(71,430,'R',46,30,201,4,'C','M',12,1,12,NULL,2.5,2.5,0),(72,470,'R',46,30,201,4,'C','M',12,2,13,NULL,0,0,0),(73,493,'R',46,30,207,4,'C','M',4,2,14,NULL,1,1,0),(74,435,'R',46,31,211,4,'C','M',3,1,15,NULL,4,4,0),(75,435,'R',46,31,211,4,'C','M',4,1,16,NULL,1,1,0),(76,435,'R',46,31,211,4,'C','M',11,1,17,NULL,1,1,0),(77,432,'R',46,31,211,4,'C','M',12,2,18,NULL,0,0,0),(78,435,'R',46,31,211,4,'C','M',12,1,19,NULL,5,5,0),(79,433,'R',46,31,211,4,'C','M',17,2,20,NULL,0,0,0),(80,434,'R',46,31,211,4,'C','M',17,1,21,NULL,1,1,0),(81,376,'R',46,33,223,4,'C','M',3,2,22,NULL,0,0,0),(82,506,'R',46,33,223,4,'C','M',4,1,23,NULL,1,1,0),(83,385,'R',46,33,224,4,'C','M',3,1,24,NULL,1,1,0),(84,459,'R',46,37,241,4,'C','M',4,1,25,NULL,2,2,0),(85,459,'R',46,37,241,4,'C','M',9,1,26,NULL,2,2,0),(86,439,'R',48,27,167,4,'C','M',3,1,27,NULL,1,1,0),(87,498,'R',48,27,167,4,'C','M',11,1,28,NULL,0.5,0.5,0),(88,439,'R',48,27,167,4,'C','M',23,1,29,NULL,1.5,1.5,0),(89,397,'R',48,27,176,4,'C','M',4,1,30,NULL,1,1,0),(90,394,'R',48,27,176,4,'C','M',23,1,31,NULL,1.5,1.5,0),(91,397,'R',48,27,176,4,'C','M',23,2,32,NULL,1,1,0),(92,454,'R',48,27,177,4,'C','M',11,1,33,NULL,0.5,0.5,0),(93,515,'R',48,30,201,4,'C','M',17,1,34,NULL,1,1,0),(94,373,'R',48,30,203,4,'C','M',12,1,35,NULL,1.5,1.5,0),(95,412,'R',48,30,206,4,'C','M',4,1,36,NULL,1,1,0),(96,406,'R',48,30,207,4,'C','M',4,2,37,NULL,0,0,0),(97,362,'R',48,31,211,4,'C','M',4,2,38,NULL,1,1,0),(98,462,'R',48,31,211,4,'C','M',4,3,39,NULL,0,0,0),(99,462,'R',48,31,211,4,'A','M',11,NULL,40,NULL,NULL,NULL,NULL),(100,362,'R',48,31,211,4,'C','M',17,1,41,NULL,1.8,1.8,0),(101,362,'R',48,31,211,4,'C','M',25,1,42,NULL,1,1,0),(102,367,'R',48,31,213,4,'C','M',4,1,43,NULL,2,2,0),(103,404,'R',48,31,214,4,'C','M',4,3,44,NULL,0,0,0),(104,440,'R',48,37,244,4,'C','M',3,1,45,NULL,4,4,0),(105,440,'R',48,37,244,4,'C','M',12,1,46,NULL,4,4,0),(106,512,'R',49,27,167,4,'C','M',11,1,47,NULL,1,1,0),(107,512,'R',49,27,167,4,'C','M',20,1,48,NULL,0.5,0.5,0),(108,441,'R',49,27,172,4,'C','M',4,1,49,NULL,1,1,0),(109,441,'R',49,27,172,4,'C','M',9,1,50,NULL,1,1,0),(110,441,'R',49,27,172,4,'C','M',23,1,51,NULL,0.5,0.5,0),(111,408,'R',49,27,176,4,'C','M',3,1,52,NULL,1,1,0),(112,384,'R',49,30,201,4,'C','M',3,1,53,NULL,1,1,0),(113,384,'R',49,30,201,4,'C','M',11,1,54,NULL,1.5,1.5,0),(114,531,'R',49,30,208,4,'C','M',4,1,55,NULL,1,1,0),(115,531,'R',49,30,208,4,'C','M',11,1,56,NULL,1.5,1.5,0),(116,387,'R',49,31,211,4,'C','M',4,1,57,NULL,1,1,0),(117,368,'R',49,31,213,4,'C','M',20,1,58,NULL,1,1,0),(118,398,'R',49,31,214,4,'C','M',3,1,59,NULL,1,1,0),(119,398,'R',49,31,214,4,'C','M',17,1,60,NULL,2.1,2.1,0),(120,398,'R',49,31,214,4,'C','M',20,1,61,NULL,1,1,0),(121,492,'R',49,31,215,4,'C','M',4,2,62,NULL,0,0,0),(122,491,'R',49,33,224,4,'C','M',4,1,63,NULL,1,1,0),(123,364,'R',49,33,224,4,'C','M',11,1,64,NULL,3,3,0),(124,364,'R',49,33,224,4,'E','M',25,NULL,65,NULL,NULL,NULL,NULL),(125,388,'R',49,35,232,4,'C','M',4,1,66,NULL,2,2,0),(126,403,'R',50,27,169,4,'C','M',4,1,67,NULL,1,1,0),(127,403,'R',50,27,169,4,'C','M',17,1,68,NULL,1,1,0),(128,471,'R',50,30,201,4,'C','M',17,1,69,NULL,1,1,0),(129,393,'R',50,30,207,4,'C','M',17,2,70,NULL,0.5,0.5,0),(130,393,'R',50,30,207,4,'C','M',24,1,71,NULL,1,1,0),(131,346,'R',50,31,211,4,'C','M',17,1,72,NULL,1.8,1.8,0),(132,346,'R',50,31,211,4,'C','M',25,1,73,NULL,1,1,0),(133,428,'R',50,31,215,4,'C','M',4,1,74,NULL,1,1,0),(134,428,'R',50,31,215,4,'C','M',9,1,75,NULL,0.5,0.5,0),(135,389,'R',50,33,223,4,'C','M',4,1,76,NULL,3,3,0),(136,363,'R',50,33,223,4,'C','M',9,1,77,NULL,4,4,0),(137,468,'R',50,33,223,4,'C','M',11,1,78,NULL,2,2,0),(138,389,'R',50,33,223,4,'C','M',12,1,79,NULL,1,1,0),(139,363,'R',50,33,223,4,'C','M',17,1,80,NULL,1,1,0),(140,363,'R',50,33,223,4,'C','M',18,1,81,NULL,0.5,0.5,0),(141,363,'R',50,33,223,4,'C','M',20,1,82,NULL,0.5,0.5,0),(142,540,'R',50,33,224,4,'C','M',9,2,83,NULL,0,0,0),(143,442,'R',50,33,225,4,'C','M',4,2,84,NULL,2,2,0),(144,442,'R',50,33,225,4,'C','M',17,2,85,NULL,0.5,0.5,0),(145,442,'R',50,33,225,4,'C','M',21,1,86,NULL,0,0,0),(146,465,'R',51,27,167,4,'C','M',11,1,87,NULL,0.5,0.5,0),(147,496,'R',51,30,201,4,'C','M',3,2,88,NULL,0,0,0),(148,446,'R',51,30,201,4,'C','M',3,1,89,NULL,1,1,0),(149,354,'R',51,30,201,4,'C','M',4,1,90,NULL,1,1,0),(150,443,'R',51,30,201,4,'C','M',4,2,91,NULL,0,0,0),(151,464,'R',51,30,201,4,'C','M',17,1,92,NULL,1,1,0),(152,464,'R',51,30,201,4,'C','M',20,1,93,NULL,1,1,0),(153,446,'R',51,30,201,4,'C','M',23,1,94,NULL,1,1,0),(154,534,'R',51,30,203,4,'A','M',11,NULL,95,NULL,NULL,NULL,NULL),(155,534,'R',51,30,203,4,'A','M',20,NULL,96,NULL,NULL,NULL,NULL),(156,444,'R',51,33,223,4,'C','M',4,1,97,NULL,2,2,0),(157,447,'R',51,33,223,4,'C','M',25,1,98,NULL,1,1,0),(158,524,'R',51,33,224,4,'C','M',17,1,99,NULL,0.5,0.5,0),(159,524,'R',51,33,224,4,'C','M',19,1,100,NULL,0.5,0.5,0),(160,460,'R',52,30,201,4,'C','M',4,1,101,NULL,1,1,0),(161,467,'R',52,30,201,4,'C','M',17,2,102,NULL,1,1,0),(162,460,'R',52,30,201,4,'C','M',17,3,103,NULL,0.5,0.5,0),(163,448,'R',52,30,204,4,'C','M',12,1,104,NULL,2.5,2.5,0),(164,448,'R',52,30,204,4,'C','M',17,1,105,NULL,1.5,1.5,0),(165,448,'R',52,30,204,4,'C','M',21,1,106,NULL,0.5,0.5,0),(166,410,'R',52,31,213,4,'C','M',4,2,107,NULL,0,0,0),(167,449,'R',52,31,215,4,'C','M',4,1,108,NULL,1,1,0),(168,449,'R',52,31,215,4,'C','M',11,1,109,NULL,2,2,0),(169,449,'R',52,31,215,4,'C','M',17,1,110,NULL,1.7,1.7,0),(170,473,'R',52,33,223,4,'C','M',11,1,111,NULL,2,2,0),(171,453,'R',52,33,223,4,'C','M',11,2,112,NULL,0,0,0),(172,499,'R',52,33,223,4,'C','M',17,1,113,NULL,1.5,1.5,0),(173,469,'R',52,33,223,4,'C','M',19,1,114,NULL,0.5,0.5,0),(174,371,'R',52,33,223,4,'C','M',20,1,115,NULL,0.5,0.5,0),(175,499,'R',52,33,223,4,'C','M',21,1,116,NULL,0.5,0.5,0),(176,453,'R',52,33,223,4,'C','M',25,2,117,NULL,0,0,0),(177,371,'R',52,33,223,4,'C','M',25,1,118,NULL,1,1,0),(178,510,'R',52,33,224,4,'C','M',4,1,119,NULL,4,4,0),(179,510,'R',52,33,224,4,'C','M',17,1,120,NULL,1.5,1.5,0),(180,450,'R',52,33,225,4,'C','M',3,1,121,NULL,3,3,0),(181,494,'R',52,33,225,4,'C','M',4,2,122,NULL,3,3,0),(182,450,'R',52,33,225,4,'C','M',9,2,123,NULL,0,0,0),(183,494,'R',52,33,225,4,'C','M',10,1,124,NULL,3,3,0),(184,402,'R',52,33,225,4,'C','M',17,3,125,NULL,0.5,0.5,0),(185,402,'R',52,33,225,4,'C','M',24,1,126,NULL,0.5,0.5,0),(186,377,'R',52,33,226,4,'C','M',9,1,127,NULL,4,4,0),(187,377,'R',52,33,226,4,'C','M',17,2,128,NULL,1,1,0),(188,375,'R',52,35,235,4,'C','M',3,1,129,NULL,6,6,0),(189,451,'R',52,35,235,4,'C','M',3,2,130,NULL,2,2,0),(190,451,'R',52,35,235,4,'C','M',9,1,131,NULL,4,4,0),(191,523,'R',46,28,179,4,'C','F',11,1,1,NULL,0.5,0.5,0),(192,401,'R',46,28,179,4,'C','F',12,1,2,NULL,0.5,0.5,0),(193,405,'R',46,28,179,4,'C','F',12,2,3,NULL,0,0,0),(194,503,'R',46,28,179,4,'C','F',23,1,4,NULL,0,0,0),(195,355,'R',46,29,191,4,'C','F',3,1,5,NULL,0.5,0.5,0),(196,475,'R',46,29,191,4,'C','F',11,1,6,NULL,0.5,0.5,0),(197,355,'R',46,29,191,4,'C','F',12,1,7,NULL,2,2,0),(198,361,'R',46,29,197,4,'C','F',4,1,8,NULL,0,0,0),(199,361,'R',46,29,197,4,'A','F',22,NULL,9,NULL,NULL,NULL,NULL),(200,360,'R',46,32,217,4,'C','F',12,1,10,NULL,1,1,0),(201,409,'R',46,32,217,4,'A','F',12,NULL,11,NULL,NULL,NULL,NULL),(202,482,'R',46,32,220,4,'C','F',12,2,12,NULL,0.5,0.5,0),(203,411,'R',46,34,227,4,'C','F',3,1,13,NULL,0,0,0),(204,411,'R',46,34,227,4,'C','F',17,1,14,NULL,1,1,0),(205,518,'R',48,28,179,4,'C','F',11,1,15,NULL,0.5,0.5,0),(206,537,'R',48,28,179,4,'C','F',23,1,16,NULL,0.5,0.5,0),(207,484,'R',48,28,184,4,'C','F',12,1,17,NULL,0.5,0.5,0),(208,420,'R',48,28,184,4,'C','F',17,1,18,NULL,0,0,0),(209,420,'R',48,28,184,4,'C','F',20,1,19,NULL,0.5,0.5,0),(210,452,'R',48,29,192,4,'C','F',23,1,20,NULL,0.5,0.5,0),(211,418,'R',48,29,200,4,'C','F',4,1,21,NULL,0.5,0.5,0),(212,455,'R',48,29,200,4,'C','F',11,1,22,NULL,0.5,0.5,0),(213,489,'R',48,32,217,4,'C','F',4,1,23,NULL,1,1,0),(214,356,'R',48,32,217,4,'C','F',11,1,24,NULL,0.5,0.5,0),(215,489,'R',48,32,217,4,'C','F',17,1,25,NULL,0,0,0),(216,522,'R',48,32,217,4,'C','F',23,1,26,NULL,1,1,0),(217,509,'R',48,32,219,4,'C','F',4,1,27,NULL,1,1,0),(218,417,'R',48,32,219,4,'C','F',4,1,28,NULL,1,1,0),(219,414,'R',48,32,220,4,'C','F',3,1,29,NULL,1,1,0),(220,414,'R',48,32,220,4,'C','F',23,2,30,NULL,0.5,0.5,0),(221,457,'R',48,34,227,4,'C','F',4,1,31,NULL,1,1,0),(222,456,'R',48,34,227,4,'C','F',11,1,32,NULL,1.5,1.5,0),(223,416,'R',48,34,230,4,'C','F',4,2,33,NULL,0,0,0),(224,415,'R',48,38,246,4,'C','F',4,1,34,NULL,1.5,1.5,0),(225,415,'R',48,38,246,4,'C','F',12,1,35,NULL,1.5,1.5,0),(226,358,'R',49,32,217,4,'C','F',4,1,36,NULL,0,0,0),(227,358,'R',49,32,217,4,'C','F',25,1,37,NULL,1,1,0),(228,480,'R',49,34,227,4,'C','F',23,1,38,NULL,0.5,0.5,0),(229,421,'R',50,28,183,4,'C','F',3,1,39,NULL,0.5,0.5,0),(230,421,'R',50,28,183,4,'C','F',21,1,40,NULL,0.5,0.5,0),(231,383,'R',50,29,195,4,'C','F',17,1,41,NULL,1,1,0),(232,383,'R',50,29,195,4,'C','F',25,2,42,NULL,0,0,0),(233,382,'R',50,29,198,4,'C','F',4,1,43,NULL,0.5,0.5,0),(234,395,'R',50,29,198,4,'C','F',4,1,44,NULL,0.5,0.5,0),(235,382,'R',50,29,198,4,'C','F',23,2,45,NULL,0.5,0.5,0),(236,395,'R',50,29,198,4,'C','F',23,1,46,NULL,1,1,0),(237,344,'R',50,29,199,4,'C','F',19,1,47,NULL,0.5,0.5,0),(238,344,'R',50,29,199,4,'C','F',23,1,48,NULL,1,1,0),(239,344,'R',50,29,199,4,'C','F',25,1,49,NULL,1,1,0),(240,359,'R',50,32,217,4,'C','F',3,1,50,NULL,1,1,0),(241,474,'R',50,32,217,4,'C','F',23,1,51,NULL,0.5,0.5,0),(242,359,'R',50,32,217,4,'C','F',25,1,52,NULL,1,1,0),(243,369,'R',50,34,227,4,'C','F',25,2,53,NULL,0,0,0),(244,370,'R',50,34,228,4,'C','F',17,2,54,NULL,1,1,0),(245,422,'R',50,34,229,4,'C','F',4,1,55,NULL,1,1,0),(246,422,'R',50,34,229,4,'C','F',9,1,56,NULL,3,3,0),(247,422,'R',50,34,229,4,'C','F',17,1,57,NULL,1.5,1.5,0),(248,422,'R',50,34,229,4,'C','F',25,1,58,NULL,1,1,0),(249,391,'R',50,36,236,4,'C','F',4,1,59,NULL,1,1,0),(250,423,'R',50,36,240,4,'C','F',3,1,60,NULL,1,1,0),(251,536,'R',51,28,179,4,'C','F',23,1,61,NULL,0.5,0.5,0),(252,519,'R',51,29,191,4,'C','F',9,1,62,NULL,1,1,0),(253,478,'R',51,29,191,4,'C','F',23,1,63,NULL,0.5,0.5,0),(254,392,'R',51,29,195,4,'C','F',24,1,64,NULL,0.5,0.5,0),(255,379,'R',51,32,217,4,'C','F',9,1,65,NULL,2.5,2.5,0),(256,425,'R',51,32,217,4,'C','F',22,1,66,NULL,0.5,0.5,0),(257,425,'R',51,32,217,4,'C','F',25,1,67,NULL,1,1,0),(258,381,'R',51,34,227,4,'C','F',17,1,68,NULL,0.5,0.5,0),(259,424,'R',51,34,228,4,'C','F',21,1,69,NULL,0.5,0.5,0),(260,424,'R',51,34,228,4,'C','F',23,1,70,NULL,0.5,0.5,0),(261,424,'R',51,34,228,4,'C','F',25,1,71,NULL,1,1,0),(262,479,'R',52,29,191,4,'C','F',4,1,72,NULL,1,1,0),(263,476,'R',52,32,217,4,'C','F',11,1,73,NULL,0.5,0.5,0),(264,426,'R',52,32,219,4,'C','F',9,1,74,NULL,1,1,0),(265,426,'R',52,32,219,4,'C','F',12,1,75,NULL,1,1,0),(266,378,'R',52,34,228,4,'C','F',9,1,76,NULL,1,1,0),(267,378,'R',52,34,228,4,'C','F',20,1,77,NULL,0.5,0.5,0),(268,378,'R',52,34,228,4,'C','F',25,1,78,NULL,1,1,0),(269,520,'R',52,36,236,4,'C','F',17,1,79,NULL,0.5,0.5,0),(270,390,'R',52,38,245,4,'C','F',4,1,80,NULL,1,1,0),(271,693,'P',58,41,255,5,'A','M',NULL,NULL,NULL,162,NULL,NULL,NULL),(272,747,'P',58,44,284,5,'A','M',NULL,NULL,NULL,162,NULL,NULL,NULL),(273,729,'P',58,44,284,5,'A','M',NULL,NULL,NULL,162,NULL,NULL,NULL),(274,752,'P',58,44,284,5,'A','M',NULL,NULL,NULL,162,NULL,NULL,NULL),(275,570,'P',58,45,294,5,'A','M',NULL,NULL,NULL,162,NULL,NULL,NULL),(276,601,'P',58,47,308,5,'A','M',NULL,NULL,NULL,162,NULL,NULL,NULL),(277,748,'P',58,47,306,5,'A','M',NULL,NULL,NULL,162,NULL,NULL,NULL),(278,751,'P',59,41,250,5,'A','M',NULL,NULL,NULL,163,NULL,NULL,NULL),(279,696,'P',59,44,284,5,'A','M',NULL,NULL,NULL,163,NULL,NULL,NULL),(280,591,'P',60,41,261,5,'A','M',NULL,NULL,NULL,164,NULL,NULL,NULL),(281,551,'P',60,41,259,5,'A','M',NULL,NULL,NULL,165,NULL,NULL,NULL),(282,636,'P',60,41,255,5,'A','M',NULL,NULL,NULL,165,NULL,NULL,NULL),(283,592,'P',60,41,253,5,'A','M',NULL,NULL,NULL,165,NULL,NULL,NULL),(284,576,'P',60,44,284,5,'A','M',NULL,NULL,NULL,165,NULL,NULL,NULL),(285,549,'P',60,44,290,5,'A','M',NULL,NULL,NULL,165,NULL,NULL,NULL),(286,637,'P',60,45,294,5,'A','M',NULL,NULL,NULL,164,NULL,NULL,NULL),(287,602,'P',60,47,309,5,'A','M',NULL,NULL,NULL,164,NULL,NULL,NULL),(288,610,'P',60,51,327,5,'A','M',NULL,NULL,NULL,164,NULL,NULL,NULL),(289,593,'P',61,41,255,5,'A','M',NULL,NULL,NULL,166,NULL,NULL,NULL),(290,768,'P',62,44,284,5,'A','M',NULL,NULL,NULL,168,NULL,NULL,NULL),(291,714,'P',62,45,294,5,'A','M',NULL,NULL,NULL,167,NULL,NULL,NULL),(292,603,'P',63,47,308,5,'A','M',NULL,NULL,NULL,169,NULL,NULL,NULL),(293,583,'P',64,44,284,5,'A','M',NULL,NULL,NULL,171,NULL,NULL,NULL),(294,560,'P',64,44,286,5,'A','M',NULL,NULL,NULL,171,NULL,NULL,NULL),(295,770,'P',64,47,306,5,'A','M',NULL,NULL,NULL,173,NULL,NULL,NULL),(296,607,'P',64,47,306,5,'A','M',NULL,NULL,NULL,171,NULL,NULL,NULL),(297,569,'P',64,47,306,5,'A','M',NULL,NULL,NULL,174,NULL,NULL,NULL),(298,774,'P',64,47,306,5,'A','M',NULL,NULL,NULL,171,NULL,NULL,NULL),(299,609,'P',64,49,318,5,'A','M',NULL,NULL,NULL,174,NULL,NULL,NULL),(300,597,'P',58,43,280,5,'A','F',NULL,NULL,NULL,161,NULL,NULL,NULL),(301,584,'P',59,43,274,5,'A','F',NULL,NULL,NULL,163,NULL,NULL,NULL),(302,600,'P',59,46,301,5,'A','F',NULL,NULL,NULL,163,NULL,NULL,NULL),(303,605,'P',59,48,310,5,'A','F',NULL,NULL,NULL,163,NULL,NULL,NULL),(304,773,'P',60,42,269,5,'A','F',NULL,NULL,NULL,165,6.2,NULL,NULL),(305,590,'P',60,42,267,5,'A','F',NULL,NULL,NULL,165,5.5,NULL,NULL),(306,559,'P',60,46,302,5,'A','F',NULL,NULL,NULL,165,NULL,NULL,NULL),(307,611,'P',60,52,331,5,'A','F',NULL,NULL,NULL,164,NULL,NULL,NULL),(308,546,'P',61,46,301,5,'A','F',NULL,NULL,NULL,166,NULL,NULL,NULL),(309,604,'P',61,48,312,5,'A','F',NULL,NULL,NULL,166,NULL,NULL,NULL),(310,594,'P',62,42,267,5,'A','F',NULL,NULL,NULL,167,7.1,NULL,NULL),(311,544,'P',62,48,312,5,'A','F',NULL,NULL,NULL,167,NULL,NULL,NULL),(312,621,'P',62,48,311,5,'A','F',NULL,NULL,NULL,168,NULL,NULL,NULL),(313,596,'P',63,43,283,5,'A','F',NULL,NULL,NULL,169,NULL,NULL,NULL),(314,625,'P',63,43,281,5,'A','F',NULL,NULL,NULL,169,NULL,NULL,NULL),(315,606,'P',63,48,311,5,'A','F',NULL,NULL,NULL,169,NULL,NULL,NULL),(316,578,'P',64,46,300,5,'A','F',NULL,NULL,NULL,171,NULL,NULL,NULL),(317,599,'P',64,46,303,5,'A','F',NULL,NULL,NULL,171,NULL,NULL,NULL),(318,598,'P',64,46,304,5,'A','F',NULL,NULL,NULL,171,NULL,NULL,NULL),(319,1000,'P',88,78,486,7,'A','M',NULL,NULL,NULL,247,NULL,NULL,NULL),(320,1123,'P',88,78,487,7,'A','M',NULL,NULL,NULL,247,NULL,NULL,NULL),(321,1072,'P',101,71,428,7,'A','M',NULL,NULL,NULL,279,NULL,NULL,NULL),(322,1145,'P',101,74,465,7,'A','M',NULL,NULL,NULL,281,NULL,NULL,NULL),(323,1026,'P',101,74,460,7,'A','M',NULL,NULL,NULL,280,NULL,NULL,NULL),(324,1144,'P',101,75,471,7,'A','M',NULL,NULL,NULL,281,NULL,NULL,NULL),(325,979,'P',101,78,486,7,'A','M',NULL,NULL,NULL,280,NULL,NULL,NULL),(326,943,'P',101,78,485,7,'A','M',NULL,NULL,NULL,279,NULL,NULL,NULL),(327,1025,'P',103,71,427,7,'A','M',NULL,NULL,NULL,284,NULL,NULL,NULL),(328,1142,'P',103,71,425,7,'A','M',NULL,NULL,NULL,282,NULL,NULL,NULL),(329,1075,'P',103,71,428,7,'A','M',NULL,NULL,NULL,283,NULL,NULL,NULL),(330,932,'P',103,74,458,7,'A','M',NULL,NULL,NULL,284,NULL,NULL,NULL),(331,1118,'P',103,74,459,7,'A','M',NULL,NULL,NULL,283,NULL,NULL,NULL),(332,1087,'P',103,74,458,7,'A','M',NULL,NULL,NULL,283,NULL,NULL,NULL),(333,1069,'P',103,74,460,7,'A','M',NULL,NULL,NULL,283,NULL,NULL,NULL),(334,1031,'P',103,74,464,7,'A','M',NULL,NULL,NULL,283,NULL,NULL,NULL),(335,1029,'P',103,74,460,7,'A','M',NULL,NULL,NULL,283,NULL,NULL,NULL),(336,1015,'P',103,75,469,7,'A','M',NULL,NULL,NULL,282,NULL,NULL,NULL),(337,1135,'P',103,78,486,7,'A','M',NULL,NULL,NULL,282,NULL,NULL,NULL),(338,1223,'P',103,78,486,7,'A','M',NULL,NULL,NULL,282,NULL,NULL,NULL),(339,1233,'P',104,71,430,7,'A','M',NULL,NULL,NULL,286,NULL,NULL,NULL),(340,981,'P',104,71,428,7,'A','M',NULL,NULL,NULL,285,NULL,NULL,NULL),(341,1035,'P',107,74,460,7,'A','M',NULL,NULL,NULL,292,NULL,NULL,NULL),(342,997,'P',107,74,462,7,'A','M',NULL,NULL,NULL,292,NULL,NULL,NULL),(343,1036,'P',107,75,470,7,'A','M',NULL,NULL,NULL,292,NULL,NULL,NULL),(344,1147,'P',107,78,487,7,'A','M',NULL,NULL,NULL,292,NULL,NULL,NULL),(345,1042,'P',107,78,486,7,'A','M',NULL,NULL,NULL,294,NULL,NULL,NULL),(346,1037,'P',107,78,487,7,'A','M',NULL,NULL,NULL,292,NULL,NULL,NULL),(347,1130,'P',107,79,492,7,'A','M',NULL,NULL,NULL,295,NULL,NULL,NULL),(348,1314,'R',124,85,507,8,'A','M',52,NULL,1,NULL,NULL,NULL,NULL),(349,1297,'R',124,85,507,8,'A','M',53,NULL,2,NULL,NULL,NULL,NULL),(350,1289,'R',124,88,541,8,'A','M',52,NULL,3,NULL,NULL,NULL,NULL),(351,1289,'R',124,88,541,8,'A','M',54,NULL,4,NULL,NULL,NULL,NULL),(352,1279,'R',124,88,543,8,'A','M',58,NULL,5,NULL,NULL,NULL,NULL),(353,1280,'R',124,88,545,8,'A','M',52,NULL,6,NULL,NULL,NULL,NULL),(354,1280,'R',124,88,545,8,'A','M',58,NULL,7,NULL,NULL,NULL,NULL),(355,1265,'R',124,88,548,8,'A','M',53,NULL,8,NULL,NULL,NULL,NULL),(356,1265,'R',124,88,548,8,'A','M',58,NULL,9,NULL,NULL,NULL,NULL),(357,1265,'R',124,88,548,8,'A','M',60,NULL,10,NULL,NULL,NULL,NULL),(358,1265,'R',124,88,548,8,'A','M',67,NULL,11,NULL,NULL,NULL,NULL),(359,1349,'R',124,89,551,8,'A','M',52,NULL,12,NULL,NULL,NULL,NULL),(360,1298,'R',124,89,551,8,'A','M',53,NULL,13,NULL,NULL,NULL,NULL),(361,1298,'R',124,89,551,8,'A','M',58,NULL,14,NULL,NULL,NULL,NULL),(362,1304,'R',124,89,551,8,'A','M',58,NULL,15,NULL,NULL,NULL,NULL),(363,1258,'R',124,93,575,8,'A','M',52,NULL,16,NULL,NULL,NULL,NULL),(364,1346,'R',125,85,507,8,'A','M',61,NULL,17,NULL,NULL,NULL,NULL),(365,1294,'R',125,85,511,8,'A','M',58,NULL,18,NULL,NULL,NULL,NULL),(366,1294,'R',125,85,511,8,'A','M',67,NULL,19,NULL,NULL,NULL,NULL),(367,1387,'R',125,85,512,8,'A','M',56,NULL,20,NULL,NULL,NULL,NULL),(368,1406,'R',125,85,513,8,'A','M',52,NULL,21,NULL,NULL,NULL,NULL),(369,1406,'R',125,85,513,8,'A','M',56,NULL,22,NULL,NULL,NULL,NULL),(370,1350,'R',125,85,515,8,'A','M',52,NULL,23,NULL,NULL,NULL,NULL),(371,1400,'R',125,85,515,8,'A','M',56,NULL,24,NULL,NULL,NULL,NULL),(372,1382,'R',125,88,541,8,'A','M',52,NULL,25,NULL,NULL,NULL,NULL),(373,1404,'R',125,88,541,8,'A','M',56,NULL,26,NULL,NULL,NULL,NULL),(374,1327,'R',125,88,541,8,'A','M',57,NULL,27,NULL,NULL,NULL,NULL),(375,1404,'R',125,88,541,8,'A','M',61,NULL,28,NULL,NULL,NULL,NULL),(376,1402,'R',125,88,541,8,'A','M',62,NULL,29,NULL,NULL,NULL,NULL),(377,1327,'R',125,88,541,8,'A','M',67,NULL,30,NULL,NULL,NULL,NULL),(378,1262,'R',125,88,543,8,'A','M',52,NULL,31,NULL,NULL,NULL,NULL),(379,1321,'R',125,88,543,8,'A','M',57,NULL,32,NULL,NULL,NULL,NULL),(380,1321,'R',125,88,543,8,'A','M',58,NULL,33,NULL,NULL,NULL,NULL),(381,1262,'R',125,88,543,8,'A','M',67,NULL,34,NULL,NULL,NULL,NULL),(382,1269,'R',125,88,548,8,'A','M',52,NULL,35,NULL,NULL,NULL,NULL),(383,1269,'R',125,88,548,8,'A','M',58,NULL,36,NULL,NULL,NULL,NULL),(384,1269,'R',125,88,548,8,'A','M',67,NULL,37,NULL,NULL,NULL,NULL),(385,1389,'R',125,89,551,8,'A','M',52,NULL,38,NULL,NULL,NULL,NULL),(386,1370,'R',125,89,551,8,'A','M',53,NULL,39,NULL,NULL,NULL,NULL),(387,1403,'R',125,89,551,8,'A','M',54,NULL,40,NULL,NULL,NULL,NULL),(388,1389,'R',125,89,551,8,'A','M',56,NULL,41,NULL,NULL,NULL,NULL),(389,1370,'R',125,89,551,8,'A','M',60,NULL,42,NULL,NULL,NULL,NULL),(390,1288,'R',125,91,564,8,'A','M',58,NULL,43,NULL,NULL,NULL,NULL),(391,1288,'R',125,91,564,8,'A','M',60,NULL,44,NULL,NULL,NULL,NULL),(392,1405,'R',125,91,565,8,'A','M',52,NULL,45,NULL,NULL,NULL,NULL),(393,1405,'R',125,91,565,8,'A','M',56,NULL,46,NULL,NULL,NULL,NULL),(394,1307,'R',125,95,584,8,'A','M',53,NULL,47,NULL,NULL,NULL,NULL);
/*!40000 ALTER TABLE `clasificacion` ENABLE KEYS */;
UNLOCK TABLES;

--
-- Table structure for table `club`
--

DROP TABLE IF EXISTS `club`;
/*!40101 SET @saved_cs_client     = @@character_set_client */;
/*!50503 SET character_set_client = utf8mb4 */;
CREATE TABLE `club` (
  `idclub` int(11) NOT NULL AUTO_INCREMENT,
  `nombre` varchar(45) DEFAULT NULL,
  `abreviado` varchar(45) DEFAULT NULL,
  `direccion` blob,
  `telefono` int(11) DEFAULT NULL,
  `estado` varchar(1) DEFAULT 'A',
  `puntuado` varchar(1) DEFAULT 'A',
  `idadjunto` int(11) DEFAULT NULL,
  PRIMARY KEY (`idclub`)
) ENGINE=InnoDB AUTO_INCREMENT=22 DEFAULT CHARSET=latin1;
/*!40101 SET character_set_client = @saved_cs_client */;

--
-- Dumping data for table `club`
--

LOCK TABLES `club` WRITE;
/*!40000 ALTER TABLE `club` DISABLE KEYS */;
INSERT INTO `club` VALUES (1,'SIJAB BULPE','SB',_binary 'calle san miguel s/n quillacollo',60790682,'A','A',23),(2,'IONG DO','ID',NULL,60790682,'A','A',2),(3,'TAE HAN','TH',_binary 'idelfonso murguia',60790682,'A','A',4),(4,'HANAUI HIM','HH',NULL,45786465,'A','A',6),(5,'MUSA TAEKWONDO ','MTKD',_binary 'modificar direccion\n',70382775,'A','A',7),(6,'SAINT DO KWAN','SD',_binary 'a',451254,'A','A',20),(7,'OLD SCHOOL','OS',_binary 'victor ustaris km 2',72211650,'A','A',18),(8,'BAEM DO KWAN','BD',_binary 'MODIFICAR LA DIRECCION DEL CLUB',65374196,'E','I',NULL),(9,'CMDC (CHALLAPATA-ORURO)','CCO',_binary 'challapata oruro calle la bandera esquina ofredi',74261440,'E','I',NULL),(10,'DRAGON NEGRO ','DN',_binary 'Av. 6 de agosto esquina herrera',67206249,'E','I',NULL),(11,'SU JO JHA','SJJ',_binary 'marquina quillacollo',72257598,'A','A',9),(12,'KUKKIWON PUNATA','KP',_binary 'municipio de punata calle julio arnez',75121285,'E','I',NULL),(13,'BUL SA JHO ','BSJ',_binary 'otb barrio petrolero',72755279,'A','A',10),(14,'HIM NAMU','HN',_binary 'tiquipaya',60788079,'E','I',NULL),(15,'EJEMPLO KWAN','EJ',_binary 'Calle imnominada',76410131,'E','I',11),(16,'KEUMGAM-DELFINES','KD',_binary 'CERCADO COCHABAMBA',60397018,'E','A',NULL),(17,'YEOLHANA KWAN','YK',_binary 'CERCADO COCHABAMBA',62612488,'A','A',16),(18,'KAMSA KWAN','KA',_binary 'Cercado Cochabamba ',70309374,'E','A',NULL),(19,'CHALLAPATA','CH',_binary 'Oruro',74261440,'E','A',NULL),(20,'PUNATA','PU',_binary 'punata cochabamba',75121285,'E','A',NULL),(21,'MODO DEMO','MD',_binary 'ASOCIACION',76410131,'A','A',NULL);
/*!40000 ALTER TABLE `club` ENABLE KEYS */;
UNLOCK TABLES;

--
-- Table structure for table `competidor`
--

DROP TABLE IF EXISTS `competidor`;
/*!40101 SET @saved_cs_client     = @@character_set_client */;
/*!50503 SET character_set_client = utf8mb4 */;
CREATE TABLE `competidor` (
  `idcompetidor` int(11) NOT NULL AUTO_INCREMENT,
  `nombres` varchar(45) DEFAULT NULL,
  `apellidos` varchar(45) DEFAULT NULL,
  `fecha` date DEFAULT NULL,
  `edad` int(11) DEFAULT NULL,
  `peso` float DEFAULT NULL,
  `ci` varchar(45) DEFAULT NULL,
  `idclub` int(11) DEFAULT NULL,
  `idcinturon` int(11) DEFAULT NULL,
  `idcampeonato` int(11) DEFAULT NULL,
  `tipo` varchar(5) DEFAULT NULL,
  `estado` varchar(1) DEFAULT 'P',
  `idgrado` int(11) DEFAULT NULL,
  `genero` varchar(1) DEFAULT NULL,
  `altura` float DEFAULT NULL,
  `idtipocompetencia` varchar(45) DEFAULT NULL,
  `idadjunto` int(11) DEFAULT NULL,
  PRIMARY KEY (`idcompetidor`)
) ENGINE=InnoDB AUTO_INCREMENT=1411 DEFAULT CHARSET=latin1;
/*!40101 SET character_set_client = @saved_cs_client */;

--
-- Dumping data for table `competidor`
--

LOCK TABLES `competidor` WRITE;
/*!40000 ALTER TABLE `competidor` DISABLE KEYS */;
INSERT INTO `competidor` VALUES (1,'DAVID ARIEL ','LIJERON FERNANDEZ ','2001-04-06',22,63,'7962178',5,38,2,'P','A',18,'M',1.72,NULL,NULL),(2,'FERNANDA ANTONELLA','MONTAÑO VILLARROEL','2012-11-28',11,40,'13289873',6,3,2,'C','P',1,'F',1.3,NULL,NULL),(3,'FABIANA RAFAELLA','MONTAÑO VILLARROEL','2015-08-11',8,32,'14647000',6,3,2,'C','P',1,'F',1,NULL,NULL),(4,'RONALDO ','CHOQUE MONTES','1999-06-11',24,87.4,'9383261',6,13,2,'C','P',5,'M',1.7,NULL,NULL),(5,'ADALID RODRIGO','BLANCO CARBAJAL','2010-01-08',13,100,'12682360',2,6,2,'C','P',2,'M',100,NULL,NULL),(6,'YISEL ALEJANDRA','MONTAÑO ACHIVARE','2010-03-08',13,59.7,'13994765',2,7,2,'C','P',2,'F',1.6,NULL,NULL),(7,'MADELEN','TRUJILLO PAEZ','2007-05-06',16,60,'13066406',6,1,2,'C','P',1,'F',1.5,NULL,NULL),(8,'DIEGO ARMANDO ','CUTIPA RAMIREZ','2007-03-10',16,100,'13499248',2,4,2,'C','E',2,'M',100,NULL,NULL),(9,'JEAN CARLA LIZETH ','MONTAÑO CONDORI','2011-10-31',12,42,'1442007606',2,8,2,'C','A',3,'F',1.46,NULL,NULL),(10,'ABIGAIL MARGARITA ','SAAVEDRA CONDORI','2009-04-15',14,51.5,'13717994',2,8,2,'C','A',3,'F',1.51,NULL,NULL),(11,'HAROLD DAVID ','ZENTENO TORRICO','2006-03-06',17,100,'1',2,5,2,'C','E',2,'M',100,NULL,NULL),(12,'OSCAR IGNACIO ','JORGE VARGAS','2014-02-06',9,33,'16425781',2,3,2,'C','A',1,'M',1,NULL,NULL),(13,'DILAN ARON MAURICIO ','SANCHEZ MAMANI','2005-09-12',18,57,'9996023',2,7,2,'C','A',2,'M',165,NULL,NULL),(14,'MICAELA ','ALBORTA BEDOYA','2007-05-24',16,56.8,'13001834',2,4,2,'C','A',2,'F',164,NULL,NULL),(15,'ANA VIRGINIA ','ROA DURÁN','2006-01-23',17,100,'11600857',2,3,2,'C','E',1,'F',100,NULL,NULL),(16,'ADRIANA','JORGE VARGAS','2006-06-27',17,54.8,'13719028',2,4,2,'C','A',2,'F',1.57,NULL,NULL),(17,'ALISSON NELVI ','BEJARANO CACERES','2007-05-30',16,100,'12686491',2,2,2,'C','P',1,'F',100,NULL,NULL),(18,'JESSICA NOEMI ','BEJARANO CACERES','2009-09-12',14,100,'12686492',2,2,2,'C','P',1,'F',100,NULL,NULL),(19,'NATALI VALERIA ','TERRAZAS NAVIA','2008-06-03',15,100,'13499151',2,2,2,'C','P',1,'F',100,NULL,NULL),(20,'STEFANY ARIANA ','IRAIZOS ECHALAR','2006-06-01',17,100,'13225953',2,19,2,'P','P',6,'F',100,NULL,NULL),(21,'JOSE SIMON ','PEREZ COCHA','2007-12-28',16,59,'12342116',2,1,2,'C','P',1,'M',176,NULL,NULL),(22,'EDUARDO ','PEREZ COCHA','2009-11-04',14,100,'12342117',2,1,2,'C','P',1,'M',100,NULL,NULL),(23,'ADRIEL LEONARDO ','ALIAGA MONTENEGRO','2010-01-28',13,100,'12371661',2,1,2,'C','P',1,'M',100,NULL,NULL),(24,'SANTIAGO EDWARD ','ESCOBAR LEYVA','2009-02-20',14,100,'13347855',2,9,2,'C','P',3,'M',100,NULL,NULL),(25,'JOSUE ERNESTO','MERCADO RIVERO','2005-10-10',18,56.3,'12343151',2,16,2,'C','A',5,'M',1.69,NULL,NULL),(26,'DAVID ANGEL','AGUILAR ZUBIETA','2003-01-10',20,63.3,'9483435',2,16,2,'C','A',5,'M',1.64,NULL,NULL),(27,'MIKAELA ARACELI','AGUILAR ZUBIETA','2004-03-15',19,49.3,'9483436',2,16,2,'C','A',5,'F',1.56,NULL,NULL),(28,'MIKAELA ARACELI','AGUILAR ZUBIETA','2004-03-15',19,100,'79726950',2,38,2,'P','A',18,'F',100,NULL,NULL),(29,'MARIELA THALIA','MERCADO RIVERO','1993-07-06',30,100,'5155406',2,39,2,'P','A',18,'F',1.6,NULL,NULL),(30,'THALYTA KOUM','MENDOZA MERCADO','2017-12-06',6,100,'1',2,1,2,'C','A',1,'F',100,NULL,NULL),(31,'PRUEBA','FUNCIONAMIENTO','2019-01-23',5,23,'124265',13,315,8,'C','P',115,'M',1.43,NULL,32),(32,'DAVID ANGEL','AGUILAR ZUBIETA','2003-01-10',20,100,'9483435',2,38,2,'P','A',18,'M',100,NULL,NULL),(33,'MARIO ERNESTO','MERCADO SORIA GALVARRO','1968-09-20',55,100,'3035773',2,29,2,'P','P',14,'M',100,NULL,NULL),(34,'NAHUM SEBASTIAN','MENDOZA MERCADO','2020-02-10',3,10,'1',2,1,2,'C','A',1,'M',10,NULL,NULL),(35,'IRMA ORIETTE ','RIVERO CALLEJAS','1968-03-01',55,100,'3135485',2,28,2,'P','E',13,'F',100,NULL,NULL),(36,'STEFANY ARIANA ','IRAIZOS ECHALAR','2006-06-01',17,48.7,'13225953',2,3,2,'C','A',1,'F',1.57,NULL,NULL),(37,'PABLO ENRIQUE ','VALDIVIESO','2010-04-25',13,74,'16245936',5,7,2,'C','P',2,'M',1.74,NULL,NULL),(38,'GUSTAVO ALEX ','MONTEIRO DA SILVA','2010-07-06',13,55.1,'E-10755915',5,6,2,'C','A',2,'M',1.58,NULL,NULL),(39,'LAURA COSSET','GUMIEL ROQUE','2006-12-27',17,55.4,'12906030',5,3,2,'C','P',1,'F',1.64,NULL,NULL),(40,'JOSUE FABRICO ','GUMIEL','2012-01-24',11,50,'12906368',5,3,2,'C','P',1,'M',1.51,NULL,NULL),(41,'DAFNE THAIS','GUMIEL ROQUE ','2009-11-26',14,60.5,'12906031',5,3,2,'C','P',1,'F',1.59,NULL,NULL),(42,'ANDRU LEDEMAN','SANDY NINA','2013-05-01',10,30.7,'13093828',5,7,2,'C','A',2,'M',1.41,NULL,NULL),(43,'AGUSTIN MAURICIO ','ATAHUICHI CAYOJA','2011-05-27',12,56.6,'14835195',5,3,2,'C','A',1,'M',1.48,NULL,NULL),(44,'ISABEL ','ROJAS USTARIZ','1994-02-06',29,65.2,'5319178',5,5,2,'C','A',2,'F',1.63,NULL,NULL),(45,'FABIOLA ','MERCADO MARAÑON ','1993-08-09',30,58.2,'8831564',4,11,2,'C','E',5,'F',1.57,NULL,NULL),(46,'ADRIANA','MERCADO MARAÑON','1993-08-09',30,75,'8831563',4,11,2,'C','E',5,'F',1.62,NULL,NULL),(47,'NICOLAS','MERCADO MARAÑON ','1998-08-14',25,65.5,'8831568',4,10,2,'C','A',3,'M',1.64,NULL,NULL),(48,'TOMAS ','ANDIA MERCAD','2016-08-02',7,22,'14743946',4,2,2,'C','A',1,'M',1.16,NULL,NULL),(49,'MAR NAOMI','DIAZ BAPTISTA','2013-07-28',10,33,'13380284',4,8,2,'C','E',3,'F',1.34,NULL,NULL),(50,'NICOLAS KIMEY','GUTIERREZ CABEZAS','2006-09-15',17,65.7,'9424252',5,4,2,'C','A',2,'M',1.75,NULL,NULL),(51,'SANTIAGO XAVIER ','PEREYRA COELLO','2009-06-01',14,62,'10910831',5,7,2,'C','P',2,'M',1.58,NULL,NULL),(52,'PATRICIA NANCY','LUIZAGA CARDOZO','1984-07-07',39,54,'4414173',5,5,2,'C','P',2,'F',1.57,NULL,NULL),(53,'ANTONIO MATEO','GARCÍA LOPEZ','2007-02-22',16,60.4,'12586896',5,11,2,'C','A',5,'M',1.63,NULL,NULL),(54,'MIRANDA ','ORELLANA CALLE ','2012-09-18',11,47,'15153411',5,7,2,'C','P',2,'F',1.48,NULL,NULL),(55,'CASANDRA','ORELLANA CALLE ','2011-08-03',12,52,'15153420',5,9,2,'C','P',3,'F',1.52,NULL,NULL),(56,'FRANCISCO FIDEL','AZCUI MANCILLA ','2005-09-01',18,68,'9445477',5,10,2,'C','P',3,'M',1.77,NULL,NULL),(57,'SANTIAGO ','BOHORQUEZ SUAREZ','2006-06-25',17,64,'9406491',5,6,2,'C','P',2,'M',1.71,NULL,NULL),(58,'NICOLAS CRISTIAN ','MARTINEZ GUARACHI ','2011-08-04',12,37.6,'14196223',5,11,2,'C','A',5,'M',1.47,NULL,NULL),(59,'SALVADOR ','GLADE CASTELLON ','2008-12-25',15,50,'13875037',5,10,2,'C','P',3,'M',1.68,NULL,NULL),(60,'VALENTINA CAMILA ','NOTTA ACOSTA ','2007-11-01',16,54.7,'13353286',5,10,2,'C','A',3,'F',1.61,NULL,NULL),(61,'MAIRA ','HINOJOSA ROJAS ','2010-02-01',13,51,'9447037',5,5,2,'C','P',2,'F',1.54,NULL,NULL),(62,'KIRA ALISON ','BARZOLA VEIZAGA','2010-04-23',13,44.5,'10994058',5,7,2,'C','A',2,'F',1.55,NULL,NULL),(63,'NICOLAS ALEJANDRO ','AVILES AZERO','2012-06-25',11,33,'13162111',5,2,2,'C','P',1,'M',1.44,NULL,NULL),(64,'AYELEN BETANIA','LAZARTE GONZALES','2013-11-27',10,30,'15236730',5,3,2,'C','P',1,'F',1.33,NULL,NULL),(65,'NICOLE ALISON','LAZARTE GONZALES','2006-12-07',17,46.6,'13752134',5,4,2,'C','A',2,'F',1.5,NULL,NULL),(66,'JUAN IGNACIO ','GONZALES CONTRERAS','2014-07-23',9,32,'15501456',5,20,2,'P','A',7,'M',1.31,NULL,NULL),(67,'LEONARDO','IRIARTE RAMIREZ','2016-09-13',7,32,'15352694',7,2,2,'C','A',1,'M',1.18,NULL,NULL),(68,'THIAGO OLIVER','CASTILLO YUCRA','2013-01-07',10,31,'13535142',7,4,2,'C','A',2,'M',1.2,NULL,NULL),(69,'JOSE CRISTHIAN','OBANDO ROCABADO','2007-02-23',16,83.6,'13525532',7,2,2,'C','A',1,'M',1.74,NULL,NULL),(70,'JOSE GERARDO ','OBANDO ROCABADO','2012-03-02',11,57.3,'15336578',7,2,2,'C','A',1,'M',1.51,NULL,NULL),(71,'LEONARDO ABRAHAM ','RODRÍGUEZ OBANDO','2013-08-26',10,28.8,'16996546',7,2,2,'C','A',1,'M',1.35,NULL,NULL),(72,'NATHALY KEISY','TORREZ GUTIERREZ','2005-12-25',18,57.2,'13749583',4,1,2,'C','A',1,'F',154,NULL,NULL),(73,'ALEXANDRA HATSU','CHAMBI VILLARROEL','2018-11-12',5,18.2,'15503457',7,1,2,'C','P',1,'F',1.03,NULL,NULL),(74,'NOEL','ALMENDRAS','2009-04-01',14,96.5,'Non',3,3,2,'C','P',1,'M',1.68,NULL,NULL),(75,'DANIEL ESDRAS','SAAVEDRA QUISBERT','2015-03-19',8,28.1,'Non',3,2,2,'C','P',1,'M',1.28,NULL,NULL),(76,'LUIS','HUANCA','2006-03-19',17,52.5,'Non',3,8,2,'C','P',3,'M',1.71,NULL,NULL),(77,'LUIS GUILLERMO','BALDERRAMA MEJIA','2012-12-10',11,52,'13529893',4,6,2,'C','P',2,'M',1.54,NULL,NULL),(78,'WALTER THABIT','ENCINAS CHURATA','2012-01-10',11,40.4,'13257905',1,19,2,'P','A',6,'M',1.6,NULL,NULL),(79,'ARMANDO','SOLIZ ARI','2004-02-06',19,49.2,'7379976',9,3,2,'C','A',1,'M',1.59,NULL,NULL),(80,'CYBER','SOLIZ ARI','2007-10-24',16,66.7,'7379977',9,7,2,'C','A',2,'M',1.71,NULL,NULL),(81,'CESIA ROMA','LAZARO MURAÑA','2004-03-09',19,85.2,'10479686',9,1,2,'C','A',1,'F',1.66,NULL,NULL),(82,'NATALY ','QUISPE LOPEZ','2009-12-14',13,45,'14668862',9,8,2,'C','P',3,'F',1.53,NULL,NULL),(83,'NATALY ','QUISPE LOPEZ','2009-12-14',13,45,'14668862',9,33,2,'P','A',16,'F',1.53,NULL,NULL),(84,'VICTORIA GISELLE','NINA GONZALES','2005-12-18',17,55,'7424730',9,35,2,'P','A',17,'F',1.59,NULL,NULL),(85,'MATIAS MIGUEL','NINA GONZALES','2010-03-02',13,60,'7424731',9,35,2,'P','A',17,'M',1.7,NULL,NULL),(86,'GUSTAVO ALEX','MONTEIRO DA SILVA','2010-07-06',13,54,'E-10755915',5,23,2,'P','A',9,'M',160.5,NULL,NULL),(87,'AGUSTIN MAURICIO ','ATAHUICHI CAYOJA','2011-05-27',12,55,'14835195',5,20,2,'P','A',7,'M',148.6,NULL,NULL),(88,'JOSUE FABRICIO ','GUMIEL ROQUE','2012-01-24',10,50,'12906368',5,20,2,'P','A',7,'M',150,NULL,NULL),(89,'JUAN IGNACIO ','GONZALES CONTRERAS','2014-07-23',9,32,'15501456',5,21,2,'P','I',8,'M',131,NULL,NULL),(90,'ANTONIO MATEO ','GARCÍA LOPEZ ','2007-02-22',15,60,'12586896',5,36,2,'P','A',18,'M',163.3,NULL,NULL),(91,'FRANCISCO FIDEL ','AZCUI MANCILLA ','2005-09-01',18,68,'9445477',5,27,2,'P','P',11,'M',177.03,NULL,NULL),(92,'SALVADOR ','GLADE CASTELLON ','2008-12-25',15,50,'13875037',5,35,2,'P','A',17,'M',168.05,NULL,NULL),(93,'DAVID ARIEL ','LIJERON FERNANDEZ ','2001-04-06',22,62.6,'7962178',5,16,2,'C','A',5,'M',1.71,NULL,NULL),(94,'KIRA ALISON ','BARZOLA VEIZAGA','2010-04-23',12,43,'10994058',5,33,2,'P','A',16,'F',1.55,NULL,NULL),(95,'MAIRA','HINOJOSA ROJAS','2010-02-01',13,51,'9447037',5,23,2,'P','A',9,'F',1.54,NULL,NULL),(96,'DAFNE THAIS','GUMIEL ROQUE','2009-11-26',14,59,'12906031',5,20,2,'P','A',7,'F',1.59,NULL,NULL),(97,'LAURA COSSET','GUMIEL ROQUE ','2006-12-27',17,54,'12906030',5,20,2,'P','A',7,'F',1.64,NULL,NULL),(98,'VALENTINA CAMILA ','NOTTA ACOSTA ','2007-11-01',16,52,'13353286',5,35,2,'P','A',17,'F',1.6,NULL,NULL),(99,'PATRICIA NANCY','LUIZAGA CARDOZO','1984-07-07',39,54,'4414173',5,23,2,'P','P',9,'F',1.57,NULL,NULL),(100,'ADRIAN RODRIGO','CHOQUEVILLCA CAMACHO','1986-12-15',37,108,'6402857',1,38,2,'P','A',18,'M',1.7,NULL,NULL),(101,'WALTER','ENCINAS CHURATA','2012-01-10',11,40.4,'13257905',1,2,2,'C','A',1,'M',1.49,NULL,NULL),(102,'JOSE HIROSHI ','VIGAMONTE CARDOZO','2015-09-22',8,52.8,'16069533',1,2,2,'C','P',1,'M',111,NULL,NULL),(103,'WILLYAM ','SAZURI CARDOZO','2015-10-07',8,20.7,'16069557',1,1,2,'C','P',1,'M',100,NULL,NULL),(104,'ANDREA','CERVANTES FLORES','2013-08-09',10,39.8,'15043596',1,3,2,'C','A',1,'F',1.44,NULL,NULL),(105,'JHENIFER WARA ','SARZURI CARDOZO','2008-04-23',15,41.6,'16069532',1,3,2,'C','P',1,'F',1.5,NULL,NULL),(106,'LUCIANA EMILY','GOMEZ BUENO','2017-09-15',6,33.4,'16060329',1,1,2,'C','P',1,'F',1.1,NULL,NULL),(107,'DIEGO ORLANDO ','MAITA VASQUEZ','2012-01-03',11,32.1,'14357959',1,4,2,'C','A',2,'M',1.32,NULL,NULL),(108,'JHERCELI MARY','QUISBERT PONCE','2015-01-18',8,35.8,'14328441',1,3,2,'C','A',1,'F',1.1,NULL,NULL),(109,'MATEO SEBASTIAN','RIOS TERRAZAS','2015-03-05',8,29.4,'14383892',1,2,2,'C','A',1,'M',1.1,NULL,NULL),(110,'ERICK DANIEL','MAITA VASQUEZ','2014-03-13',9,31.1,'14357921',1,4,2,'C','A',2,'M',1.2,NULL,NULL),(111,'JOSEPH','JALDIN VALLEJOS','2012-11-11',11,39.4,'15429159',1,4,2,'C','A',2,'M',1.35,NULL,NULL),(112,'LIZ ARLETH','MAITA VASQUEZ','2016-03-12',7,27,'0000002',1,3,2,'C','A',1,'F',1.1,NULL,NULL),(113,'NICOLAS AXCEL ','VELASCO RAMOS','2014-03-18',9,68.1,'14515725',1,3,2,'C','P',1,'M',1.3,NULL,NULL),(114,'ARIANA','CHOQUE SILEZ','2004-11-13',19,46.5,'7946242',1,1,2,'C','A',1,'F',1.51,NULL,NULL),(115,'FRANKLIN OMAR','QUISBERT FLORES','1988-01-04',35,73.4,'00000003',1,1,2,'C','A',1,'M',1.7,NULL,NULL),(116,'JOSE ARMANDO','SARABIA MIGUEL','2005-11-08',18,72.8,'12463119',1,7,2,'C','A',2,'M',1.7,NULL,NULL),(117,'JOEL DAVID','TERAN MONTECINOS','2008-12-29',15,46.7,'141213258',1,8,2,'C','A',3,'M',1.55,NULL,NULL),(118,'ANAHI JHISEL','RAMOS VILLARROEL','2010-07-13',13,55.8,'13161815',1,7,2,'C','A',2,'F',1.6,NULL,NULL),(119,'JHIOVANA','VILLARROEL ROCHA','1981-09-15',42,75.7,'5276623',1,2,2,'C','A',1,'F',1.56,NULL,NULL),(120,'VALERY REYCHEL','GUAMAN ZENTENO','2005-12-28',18,58.5,'9488322',1,5,2,'C','A',2,'F',1.59,NULL,NULL),(121,'RICARDO ENRIQUE','RAMOS MOSCOSO','1982-04-18',41,108.1,'1223181',1,2,2,'C','A',1,'M',1.67,NULL,NULL),(122,'STEVEN','CHOQUE SANTOS','2008-06-19',15,61.3,'15012108',2,2,2,'C','A',1,'M',1.71,NULL,NULL),(123,'EZEQUIAS SHELEN','ILLANES ARTEAGA','2011-01-01',13,38.6,'1',2,2,2,'C','A',1,'M',1.36,NULL,NULL),(124,'KEYDENS MIREL ','CHAVEZ MARTINEZ','2007-12-20',16,53,'1',2,2,2,'C','E',1,'F',164,NULL,NULL),(125,'JENNIFER MELANY','VALLEJOS GONZALES','2006-10-22',17,60.5,'14645765',2,4,2,'C','E',2,'F',162,NULL,NULL),(126,'TAMARA','WIELER SALINAS','1996-09-12',27,48.9,'6484322',2,11,2,'C','P',5,'F',1,NULL,NULL),(127,'ALISSON','BEJARANO CACERES','2007-05-30',16,1,'12689491',2,19,2,'P','A',6,'F',1,NULL,NULL),(128,'LUIS DANIEL','ALTAMIRANO APANA','2015-05-25',8,1,'14108318',2,21,2,'P','A',8,'M',1,NULL,NULL),(129,'OSCAR IGNACIO ','JORGE VARGAS','2014-02-06',9,1,'16425781',2,20,2,'P','P',7,'M',1,NULL,NULL),(130,'JEANCARLA LIZETH ','MONTAÑO CONDORI','2011-10-31',12,1,'14420076',2,33,2,'P','A',16,'F',1,NULL,NULL),(131,'JEANCARLA LIZETH ','MONTAÑO CONDORI','2011-10-31',12,1,'14420076',2,25,2,'P','E',10,'F',1,NULL,NULL),(132,'ABIGAIL MARGARITA ','SAAVEDRA CONDORI','2009-04-15',14,1,'13717994',2,33,2,'P','A',16,'F',1,NULL,NULL),(133,'ADRIANA ','JORGE VARGAS','2006-06-27',17,1,'13719028',2,21,2,'P','A',8,'F',1,NULL,NULL),(134,'DILAN ARON MAURICIO ','SANCHEZ MAMANI','2005-09-12',18,1,'9996023',2,25,2,'P','P',10,'M',1,NULL,NULL),(135,'JENNIFER MELANY ','VALLEJOS GONZALES','2006-10-22',17,60.5,'14645765',2,21,2,'P','A',8,'F',162,NULL,NULL),(136,'ANA VIRGINIA ','ROA DURÁN','2006-01-23',17,54,'11600857',2,3,2,'C','A',1,'F',1.58,NULL,NULL),(137,'EMILY ANABEL ','GUILLEN VILLEGAS','2008-08-24',15,54.8,'13750013',2,2,2,'C','A',1,'F',153,NULL,NULL),(138,'ADALID RODRIGO','BLANCO CARBAJAL ','2010-01-08',13,68,'12682360',2,6,2,'C','P',2,'M',159,NULL,NULL),(139,'LIAN GREGORI','FERNANDEZ CHOQUE','2014-02-06',9,30,'14540835',9,5,2,'C','A',2,'M',130,NULL,NULL),(140,'JOSE LEANDRO','MOLINA MEDRANO','2001-10-09',22,61,'13416290',2,22,2,'P','A',8,'M',170,NULL,NULL),(141,'HAROLD DAVID ','ZENTENO TORRICO','2006-03-06',17,1,'8780465',2,23,2,'P','A',9,'M',1,NULL,NULL),(142,'HAROLD DAVID ','ZENTENO TORRICO','2006-03-06',17,52.1,'8780465',2,6,2,'C','A',2,'M',1.66,NULL,NULL),(143,'DOUGLAS HUGO','ZELADA','1999-08-27',24,57.4,'12808483',2,8,2,'C','A',3,'M',1.64,NULL,NULL),(144,'JOSUE ERNESTO','MERCADO RIVERO','2005-10-10',18,1,'12343151',2,38,2,'P','A',18,'M',1,NULL,NULL),(145,'DAVID ANGEL','AGUILAR ZUBIETA','2003-01-10',20,1,'9483435',2,30,2,'P','P',15,'M',1,NULL,NULL),(146,'EVANS BENJAMIN ','LARA SORIA GALVARRO','2013-06-11',10,42,'16908608',2,3,2,'C','P',1,'M',1,NULL,NULL),(147,'BAYRON RAILY','LARA SORIA GALVARRO','2007-09-17',16,50,'13474333',2,3,2,'C','P',1,'M',160,NULL,NULL),(148,'DIEGO ARMANDO ','CUTIPA RAMIREZ','2007-10-03',16,59,'13499248',2,5,2,'C','A',2,'M',165,NULL,NULL),(149,'MISAEL BENJAMIN ','MARQUINA SANCHEZ','2009-11-30',14,76.9,'14095681',5,8,2,'C','A',3,'M',1.61,NULL,NULL),(150,'MARIELA THALIA ','MERCADO RIVERO','1993-07-06',30,1,'5155405',2,31,2,'P','E',15,'F',1,NULL,NULL),(151,'LUCIANO ANDREAS','NOTTA ACOSTA ','2010-12-09',13,44.1,'13353287',5,10,2,'C','A',3,'M',1.43,NULL,NULL),(152,'LUCIANO ANDREAS','NOTTA ACOSTA ','2010-11-09',13,44.5,'13353287',5,35,2,'P','A',17,'M',1.45,NULL,NULL),(153,'AIDAN ADRIAN','GUMUCIO GUMUCIO','2015-01-19',8,25,'14648206',5,2,2,'C','A',1,'M',1.33,NULL,NULL),(154,'DAMIAN DEANGELO','GUMUCIO','2013-03-28',10,52.4,'AM074667',5,2,2,'C','A',1,'M',1.42,NULL,NULL),(155,'ANDREA FERNANDA ','TORRICOS MERCADO ','2009-06-18',14,55,'9393272',5,11,2,'C','P',5,'F',1.57,NULL,NULL),(156,'ANDREA FERNANDA ','TORRICOS MERCADO ','2009-06-18',14,55,'9393272',5,36,2,'P','A',18,'F',1.57,NULL,NULL),(157,'LUIS FERNANDO','CHOQUE DURI','2006-02-02',17,65,'9453295',5,20,2,'P','A',7,'M',1.67,NULL,NULL),(158,'MATIAS ALEJANDRO ','MARQUINA SANCHEZ ','2012-11-28',11,52.35,'16353473',5,22,2,'P','A',8,'M',1.42,NULL,NULL),(159,'CRISTINA ANTUANETH ','RIOS TERRAZAS','2016-07-15',7,22.5,'14856686',1,2,2,'C','A',1,'F',0.9,NULL,NULL),(160,'VANIA ','QUISPE RIOS ','2012-07-26',11,36,'14735067',1,5,2,'C','P',2,'F',1.1,NULL,NULL),(161,'ALEXIA CATALINA ','OMONTE RIVAS','2015-08-05',8,20,'14829243',1,6,2,'C','A',2,'F',0.9,NULL,NULL),(162,'JUAN JOSÉ  ','RIOS VICENTE','2009-04-25',14,44.8,'000004',1,10,2,'C','A',3,'M',1.37,NULL,NULL),(163,'JHAIR EDSON ','QUISPE FERNANDEZ','2014-01-05',9,41,'15386850',1,10,2,'C','I',3,'M',1,NULL,NULL),(164,'ANGEL ','CASTIBLANCO CAMARGO','2014-01-25',9,37.7,'00000005',1,5,2,'C','A',2,'M',1,NULL,NULL),(165,'MIGUEL ANGEL ','CEREZO SANABRIA','2016-10-24',7,27.5,'16049664',1,1,2,'C','A',1,'M',0.8,NULL,NULL),(166,'BELLA ','CRESPO SAAVEDRA','2008-03-17',15,55.1,'14328008',1,2,2,'C','A',1,'F',1.59,NULL,NULL),(167,'RODRIGO ','SALAMANCA RIVAS','2007-05-10',16,52.8,'000007',1,3,2,'C','A',1,'M',1.63,NULL,NULL),(168,'CAMILA ANDREA ','SALAMANCA RIVAS','2005-11-08',18,52.3,'8812096',1,3,2,'C','A',1,'F',1.55,NULL,NULL),(169,'LUCIANE VALESKA ','OMONTE RIVAS','2008-07-27',15,49.1,'14829174',1,6,2,'C','A',2,'F',1.57,NULL,NULL),(170,'MAYUMI TATIANA ','FERNANDEZ LAFUENTE','2004-12-30',19,55.7,'12494610',1,8,2,'C','A',3,'F',1.59,NULL,NULL),(171,'ADALID ','VEIZAGA MENCIA','2008-09-11',15,80.5,'13035879',1,13,2,'C','A',5,'M',1.59,NULL,NULL),(172,'FRANS ROBERT ','ROMERO ROJAS','2004-05-30',19,95.3,'9325242',1,10,2,'C','P',3,'M',1.75,NULL,NULL),(173,'CLAUDIO DIEGO ','ENCINAS CHURATA','2003-03-21',20,50,'12905198',1,10,2,'C','A',3,'M',1.55,NULL,NULL),(174,'KRISTEL ASHELIN ','SORIA VALENCIA','2007-02-21',16,51.8,'14442349',1,11,2,'C','A',5,'F',1.65,NULL,NULL),(175,'BENJAMIN CALEB ','PINTO MAMANI','2006-01-31',17,57.9,'14123210',1,9,2,'C','A',3,'M',1.58,NULL,NULL),(176,'ROGER SAMUEL ','VASQUEZ PINTO ','2001-06-16',22,68.2,'87703015',1,4,2,'C','A',2,'M',1.63,NULL,NULL),(177,'RICARDO MARCELO ','MAMANI COCA','2004-12-30',19,71.1,'1358008',1,11,2,'C','A',5,'M',1.73,NULL,NULL),(178,'ADRIANA NICOLE ','GABRIEL MAMANI','2007-04-21',16,60.2,'21042007',1,2,2,'C','A',1,'F',1.63,NULL,NULL),(179,'JOSE AUGUSTO ','SALAMANCA VILLAFUERTE','1976-10-09',47,81.3,'4413285',1,1,2,'C','A',1,'M',1.63,NULL,NULL),(180,'ANDREA ','CERVANTES FLORES ','2013-08-09',10,39.7,'15043596',1,20,2,'P','A',7,'F',1.4,NULL,NULL),(181,'JHENIFER WARA ','SARZURI CARDOZO','2008-04-23',15,41.6,'16069532 ',1,20,2,'P','P',7,'F',1.58,NULL,NULL),(182,'DIEGO ORLANDO ','MAITA VASQUEZ','2012-01-03',11,32.9,'14357959',1,21,2,'P','A',8,'M',1.2,NULL,NULL),(183,'JHERCELI MARY ','QUISBERT PONCE','2015-01-18',8,35.8,'14328441',1,20,2,'P','P',7,'F',1,NULL,NULL),(184,'MATEO SEBASTIAN ','RIOS TERRAZAS','2015-03-05',8,29.4,'14383892',1,19,2,'P','A',6,'M',0.9,NULL,NULL),(185,'ERICK DANIEL ','MAITA VASQUEZ','2014-03-13',9,31.1,'14357921',1,21,2,'P','A',8,'M',1,NULL,NULL),(186,'JOSEPH ','JALDIN VALLEJOS','2012-11-11',11,39.3,'14735067',1,21,2,'P','A',8,'M',1.08,NULL,NULL),(187,'LIZ ARLETH ','MAITA VASQUEZ','2016-03-12',7,27,'000002',1,20,2,'P','P',7,'F',0.9,NULL,NULL),(188,'FRANKLIN OMAR ','QUISBERT FLORES','1988-01-04',35,72,'6547442',1,18,2,'P','A',6,'M',1.7,NULL,NULL),(189,'JOSE ARMANDO ','SARABIA MIGUEL','2005-11-08',18,73.2,'12463119',1,32,2,'P','A',16,'M',1.75,NULL,NULL),(190,'JOEL DAVID ','TERAN MONTECINOS','2008-12-29',15,45.9,'12463119',1,33,2,'P','P',16,'M',1.6,NULL,NULL),(191,'ANAHI JHISEL ','RAMOS VILLARROEL','2010-07-13',13,56.3,'13161815',1,32,2,'P','A',16,'F',1.6,NULL,NULL),(192,'VALERY REYCHEL ','GUAMAN ZENTENO','2005-12-28',18,59,'9488322',1,22,2,'P','A',8,'F',1.68,NULL,NULL),(193,'CARLA VALENTINA','GUEVARA LUNAR','2014-06-20',9,28,'E-11259424',8,4,2,'C','A',2,'F',1.25,NULL,NULL),(194,'MATEO JAZIEL','ARCE ESCOBAR','2015-01-30',8,28,'15097296',8,6,2,'C','A',2,'M',1.15,NULL,NULL),(195,'EMANUEL ANDRE','ARCE ESCOBAR','2017-07-24',6,20,'000002',8,5,2,'C','A',2,'M',0.95,NULL,NULL),(196,'SANTIAGO','CLARO MOYA','2013-04-17',10,35,'000003',8,3,2,'C','P',1,'M',135,NULL,NULL),(197,'ANGELES BERENICE','NAVA CUSIMAMANI','2012-01-30',11,30,'14829301',1,19,2,'P','P',6,'F',1.2,NULL,NULL),(198,'ISABEL GUADALUPE','CLARO MOYA','2015-11-12',8,20,'000004',8,2,2,'C','P',1,'F',100,NULL,NULL),(199,'ARIADNE VIVIANA ','SOLIZ BAUTISTA','2008-03-13',15,40,'15292713',1,21,2,'P','P',8,'F',1.5,NULL,NULL),(200,'FERNANDA ISABEL','APAZA BUTRON','2015-04-30',8,30,'14760774',8,3,2,'C','A',1,'F',125,NULL,NULL),(201,'JUNIOR','QUISPE','2023-04-15',21,77.2,'13068490',12,3,2,'C','A',1,'M',167,NULL,NULL),(202,'ANJO ','CAMACHO','2013-03-27',10,38.4,'14257822',12,5,2,'C','A',2,'M',143,NULL,NULL),(203,'ISSAC','DELGADILLO','2011-05-15',12,46,'14732767',12,5,2,'C','A',2,'M',155,NULL,NULL),(204,'PAOLA','SERRANO','2016-10-15',7,23,'14732920',12,4,2,'C','A',2,'F',120,NULL,NULL),(205,'PAOLA ','SERRANO','2016-10-06',7,28,'14732920',12,3,2,'C','E',1,'F',130,NULL,NULL),(206,'GABRIELA ','CAMACHO','2007-06-11',15,53.6,'12840747',12,2,2,'C','A',1,'F',152,NULL,NULL),(207,'SERGIO','CAMACHO','2014-08-12',9,30,'15572244',12,2,2,'C','A',1,'M',130,NULL,NULL),(208,'ZEUS','GUZMAN','2012-04-15',11,30.2,':::',12,5,2,'C','A',2,'M',137,NULL,NULL),(209,'IAN','GUZMAN','2011-04-15',12,60.8,'::::',12,5,2,'C','A',2,'M',1.65,NULL,NULL),(210,'PAUL','FLORES','2015-02-15',8,34,'::::',12,5,2,'C','A',2,'M',130,NULL,NULL),(211,'CRISTOPHER','CAMACHO','2012-07-15',11,56.1,';;;',12,5,2,'C','A',2,'M',150,NULL,NULL),(212,'JENNIFER','CAMACHO','2015-08-15',8,39,';;;;;',12,5,2,'C','A',2,'F',130,NULL,NULL),(213,'DAVID','BENITE ','2013-04-15',10,32,';;;',12,2,2,'C','A',1,'M',130,NULL,NULL),(214,'MATIAS','VELAZQUES','2013-06-15',10,54.2,';;;',12,3,2,'C','A',1,'M',148,NULL,NULL),(215,'MATEO','VELAZQUES','2017-06-15',6,20,';;;',12,1,2,'C','A',1,'M',120,NULL,NULL),(216,'ISSAC','DELGADILLO','2011-04-15',12,46,'14732767',12,22,2,'P','A',8,'M',150,NULL,NULL),(217,'JENNIFER','CAMACHO','2015-05-15',8,39,';;;',12,22,2,'P','A',8,'F',140,NULL,NULL),(218,'GABRIELA','CAMACHO','2008-04-15',15,55,':::',12,19,2,'P','A',6,'F',160,NULL,NULL),(219,'ANJO','CAMACHO','2013-03-27',10,38,';;;;',12,22,2,'P','A',8,'M',140,NULL,NULL),(220,'PAUL ','FLORES','2015-04-15',8,33,';;;',12,22,2,'P','A',8,'M',130,NULL,NULL),(221,'CRISTINA ANTUANETH ','RIOS TERRAZAS','2016-07-15',7,20,'14856686',1,19,2,'P','A',6,'F',1.2,NULL,NULL),(222,'VANIA ','QUISPE RIOS ','2012-07-26',11,35,'14735067',1,22,2,'P','A',8,'F',1.3,NULL,NULL),(223,'ALEXIA CATALINA ','OMONTE RIVAS','2015-08-05',8,17,'14829243',1,23,2,'P','A',9,'F',1.2,NULL,NULL),(224,'JUAN JOSÉ ','RIOS VICENTE ','2009-04-25',14,40,'000000010',1,35,2,'P','P',17,'M',1.5,NULL,NULL),(225,'JHAIR EDSON ','QUISPE FERNANDEZ','2014-01-05',9,40,'15386850',1,35,2,'P','A',17,'M',1.2,NULL,NULL),(226,'ANGEL DAMODAR','CASTIBLANCO CAMARGO','2014-01-25',9,25,'15140041',1,22,2,'P','A',8,'M',1.2,NULL,NULL),(227,'RODRIGO ','SALAMANCA RIVAS','2007-05-10',16,40,'8812095',1,20,2,'P','A',7,'M',1.7,NULL,NULL),(228,'CAMILA ANDREA ','SALAMANCA RIVAS','2005-11-08',18,53,'8812096',1,20,2,'P','A',7,'F',1.6,NULL,NULL),(229,'LUCIANE VALESKA ','OMONTE RIVAS','2008-07-27',15,51,'14829174',1,23,2,'P','A',9,'F',1.6,NULL,NULL),(230,'MAYUMI TATIANA',' FERNANDEZ LAFUENTE','2004-12-30',19,56,'12494610',1,33,2,'P','A',16,'F',1.6,NULL,NULL),(231,'ADALID ','VEIZAGA MENCIA','2008-09-11',15,82,'13035879',1,37,2,'P','A',18,'M',1.7,NULL,NULL),(232,'KRISTEL ASHELIN ','SORIA VALENCIA','2007-02-21',16,45,'14442349',1,36,2,'P','A',18,'F',1.7,NULL,NULL),(233,'ROGER SAMUEL ','VASQUEZ PINTO ','2001-06-16',22,68,'8773015',1,21,2,'P','P',8,'M',1.65,NULL,NULL),(234,'RICARDO ENRIQUE ','RAMOS MOSCOSO','1982-04-18',41,72,'5223181',1,19,2,'P','A',6,'M',1.75,NULL,NULL),(235,'JOSE AUGUSTO','SALAMANCA VILLAFUERTE','1976-10-09',47,82,'4413285',1,18,2,'P','A',6,'M',1.6,NULL,NULL),(236,'ARIANA NOELIA','PINTO ROMERO','2012-12-21',11,46.2,'14695867',4,4,2,'C','P',2,'F',0,NULL,NULL),(237,'ARIANA NOELIA ','PINTO ROMERO','2012-12-21',11,45,'14695867',4,21,2,'P','A',8,'F',1.34,NULL,NULL),(238,'DIEGO ARMANDO','CUTIPA RAMIREZ','2007-10-03',16,34,'13499248',2,22,2,'P','A',8,'M',1,NULL,NULL),(239,'PABLO ERIK','ORDOÑEZ BALCAZAR','2012-02-02',11,43.2,'10988456',4,4,2,'C','A',2,'M',1.54,NULL,NULL),(240,'DIEGO ARMANDO','CUTIPA RAMIREZ','2007-10-03',16,60.8,'13499248',4,5,2,'C','E',2,'M',1.64,NULL,NULL),(241,'JHIOVANA','VILLARROEL ROCHA','1981-09-15',42,50,'527663',1,19,2,'P','A',6,'F',1465,NULL,NULL),(242,'CLAUDIO DIEGO ','ENCINAS CHURATA','2003-03-21',20,1,'12905198',1,35,2,'P','A',17,'M',1,NULL,NULL),(243,'KEYDENSE MIRELLE','CHAVEZ MARTÍNEZ ','2007-11-20',16,55,'16907040',2,2,2,'C','A',1,'F',1.65,NULL,NULL),(244,'LIZETH ','LEON CLAROS','2009-03-25',14,50,'13527960',2,18,2,'P','A',6,'F',1.5,NULL,NULL),(245,'JOEL DAVID','TERAN MONTECINOS','2008-12-28',15,46.7,'14123258',1,8,2,'C','E',3,'M',1.55,NULL,NULL),(246,'RICARDO ENRIQUE','RAMOS MOSCOSO','1982-04-18',41,108.1,'5223181',1,2,2,'C','E',1,'M',1.67,NULL,NULL),(247,'RICARDO','BOLAÑOS ESCOBAR','2015-03-14',8,1,'14829772',4,18,2,'P','P',6,'M',1,NULL,NULL),(248,'LILIANA PIA','NAVARRO QUEREJAZU','1970-07-12',53,1,'1081819',3,20,2,'P','A',7,'F',1,NULL,NULL),(249,'FIORELLA SOFIA','JACOBS MOLINA','2016-08-01',7,10,'15399079',3,4,2,'C','A',2,'F',1,NULL,NULL),(250,'MADELEN','TRUJILLO PAEZ','2007-05-06',16,60,'13066406',6,18,2,'P','A',6,'F',1.5,NULL,NULL),(251,'JOSE EDUARDO','SOTO LOZA','2015-11-05',8,1,'14697902',13,2,2,'C','A',1,'M',1,NULL,NULL),(252,'AMIRA ISABELLA','AREVALO LUIZAGA','2017-01-18',6,10,'16562879',4,2,2,'C','A',1,'F',1,NULL,NULL),(253,'LIZETH','LEÓN CLAROS','2009-03-25',14,63.7,'13527960',2,2,2,'C','A',1,'F',1.63,NULL,NULL),(254,'SOFIELY MANDIRA','PARDO MEN','2015-02-11',8,1,'14762692',3,2,2,'C','E',1,'F',1,NULL,NULL),(255,'MARCELO JUAN CARLOS','REY COSSIO','2015-08-29',8,1,'14648446',3,3,2,'C','A',1,'M',1,NULL,NULL),(256,'SEBASTIAN MATEO','CUTILE FLORES','2014-02-27',9,49,'14620857',4,19,2,'P','I',6,'M',1.5,NULL,NULL),(257,'JAVIER HENRRY','GANDARILLAS CAZORLA','2015-10-16',8,1,'14445026',4,2,2,'C','A',1,'M',1,NULL,NULL),(258,'SEBASTIAN MATEO','CUTILE FLORES','2014-02-27',9,40,'146208',4,2,2,'C','A',1,'M',1.5,NULL,NULL),(259,'LUCIANA CAMILA','CHAVEZ CORDOVA','2008-11-19',15,55.4,'13748343',3,7,2,'C','A',2,'F',1.64,NULL,NULL),(260,'SOFIELY MANDIRA','PARDO MENA','2015-02-11',8,7,'14762692',3,2,2,'C','A',1,'F',7,NULL,NULL),(261,'BRIAN GONZALO','TERAN ARNEZ','2007-02-11',16,50,'13752921',4,23,2,'P','A',9,'M',1.7,NULL,NULL),(262,'MILENKA','CATORCENO GUZMAN','2003-04-06',20,60.1,'9380824',3,4,2,'C','A',2,'F',1.56,NULL,NULL),(263,'RAUL ADRIAN','ALCOBA SOTO','2015-11-09',8,30,'17030528',13,1,2,'C','A',1,'M',1,NULL,NULL),(264,'KHALED JHEYCOB','LEVITO SANTANDER','2017-03-01',6,1,'15168568',4,2,2,'C','E',1,'M',1,NULL,NULL),(265,'NOEMI GUADALUPE','RAMIREZ ALVARADO','2006-09-06',17,1,'15590350',3,18,2,'P','A',6,'F',1,NULL,NULL),(266,'LEONARDO','ROJAS SOTO','2016-11-17',7,30,'16893773',13,1,2,'C','A',1,'M',1,NULL,NULL),(267,'IBETH DANIELA','VEIZAGA ZAMBRANA','2007-02-16',16,76.5,'12713324',4,3,2,'C','A',1,'F',1.66,NULL,NULL),(268,'LETIZIA RUTH','SILES ARTUNDUAGA','2018-12-07',5,1,'15533090',4,1,2,'C','A',1,'F',1,NULL,NULL),(269,'LESNY ESTHER','RAMIREZ ALVARADO','2009-02-17',14,57.6,'15590359',3,1,2,'C','A',1,'F',1.68,NULL,NULL),(270,'AGUSTIN JOHANN','SILES ARTUNDUAGA','2013-08-28',10,42.9,'14255286',4,4,2,'C','A',2,'M',1.32,NULL,NULL),(271,'EMILY ARIANA ','GALINDO OTALORA','2010-04-11',13,49.5,'13750232',3,2,2,'C','A',1,'F',1.57,NULL,NULL),(272,'VICTOR MANUEL','ANDRADE GUZMAN','2014-10-20',9,38,'15270503',4,4,2,'C','A',2,'M',1,NULL,NULL),(273,'BRIANA ','GARCIA ESPINOZA','2011-01-01',13,46.8,'12402061',3,11,2,'C','A',5,'F',1.55,NULL,NULL),(274,'RAMIRO DASTAN','MORALES ALANOCA','2010-12-09',13,1,'16382487',4,34,2,'P','A',17,'M',1,NULL,NULL),(275,'CAMILO EZEQUIEL','PEREDO LIZARAZU','2008-10-02',15,67.2,'15146833',3,1,2,'C','A',1,'M',1.64,NULL,NULL),(276,'JENNIFER MELANY','VALLEJOS GONZALES','2006-10-02',17,61.7,'14645765',2,4,2,'C','A',2,'F',1.61,NULL,NULL),(277,'JOSUE BENJAMIN','GARCIA ESCALERA','2005-09-14',18,67.8,'13066375',2,1,2,'C','A',1,'M',1.64,NULL,NULL),(278,'MATIAS ALEJANDRO','CAMACHO ORTIZ','2008-11-13',15,78.3,'13097892',13,2,2,'C','A',1,'M',1.68,NULL,NULL),(279,'JUAQUIN ','CESPEDES FLORES','2013-11-08',10,48.9,'16857294',4,2,2,'C','A',1,'M',1.41,NULL,NULL),(280,'ANDREA CECILIA','SANCHEZ ZAMBRANA ','2012-06-28',11,43.5,'14442909',4,2,2,'C','A',1,'F',1.46,NULL,NULL),(281,'VICTOR JOSE','OCAMPO SOTO','2007-03-25',16,52.7,'13750757',13,2,2,'C','A',1,'M',1.74,NULL,NULL),(282,'ELIAS','ORTEGA ACHIVARE','2010-11-14',13,51.7,'12850789',3,4,2,'C','A',2,'M',1.55,NULL,NULL),(283,'ELMER MATIAS','ROJAS SOTO','2013-08-04',10,26.7,'16893751',13,1,2,'C','A',1,'M',1.28,NULL,NULL),(284,'AIDAN ADRIAN','GUMUCIO GUMUCIO','2015-01-19',8,1,'14648206',5,19,2,'P','P',6,'M',1,NULL,NULL),(285,'JORGE FABIÁN ','MELENDRES BENITEZ ','2013-08-30',10,46.3,'13225122',8,10,2,'C','A',3,'M',1.45,NULL,NULL),(286,'EDUARDO SANTIAGO','ROJAS HINOJOSA','2012-04-24',11,41.4,'14383248',3,10,2,'C','A',3,'M',1.36,NULL,NULL),(287,'MAR NAOMI','DIAZ BAPTISTA','2013-07-28',10,33.5,'13380284',4,9,2,'C','A',3,'F',1.35,NULL,NULL),(288,'FERNANDO','GRAGEDA BARROSO','2005-12-30',18,89.7,'13472731',3,11,2,'C','A',5,'M',1.79,NULL,NULL),(289,'JORGE FABIÁN ','MELENDRES BENITEZ ','2013-08-30',10,1,'13225122',8,35,2,'P','A',17,'M',1,NULL,NULL),(290,'CALEB ','VILAR MORALES','2016-03-01',7,1,'14646692',4,1,2,'C','A',1,'M',11,NULL,NULL),(291,'ABRIL ELIZA','MORALES CHINO','2018-11-04',5,1,'15494807',4,1,2,'C','A',1,'F',1,NULL,NULL),(292,'RICARDO','BOLAÑOS ESCOBAR','2015-03-14',8,1,'14859772',4,1,2,'C','A',1,'M',1,NULL,NULL),(293,'NYEN AUGUSTO','VILLCA GARCIA','2007-08-23',16,85.8,'13622952',3,3,2,'C','A',1,'M',1.68,NULL,NULL),(294,'ADRIAN NICOLAS','AREVALO LUIZAGA','2011-05-21',12,27.8,'16562449',4,3,2,'C','A',1,'M',1.38,NULL,NULL),(295,'AMIR ','VILLCA GARCIA','2012-09-02',11,40.7,'155742283',3,3,2,'C','A',1,'M',1.42,NULL,NULL),(296,'JOAQUIN OMAR','ALVAREZ GONZALES','2008-04-01',15,57.5,'13791978',3,1,2,'C','A',1,'M',1.72,NULL,NULL),(297,'ALEJANDRO MISAEL','PONCE ESCOBAR','2005-04-17',18,1,'13032043',4,33,2,'P','A',16,'M',1,NULL,NULL),(298,'MIGUEL ANGEL','QUISPE QUISPE','2011-10-24',12,62.2,'16037123',13,1,2,'C','A',1,'M',1.69,NULL,NULL),(299,'JASSIEL ADRANE','LOPEZ FERNANDEZ','2008-12-17',15,1,'16767497',2,23,2,'P','A',9,'F',1,NULL,NULL),(300,'JOSE LEANDRO','MOLINA MEDRANO','2001-10-09',22,80.5,'13416290',2,5,2,'C','A',2,'M',1.51,NULL,NULL),(301,'CHELSIE SAMANTHA','CACERES CASTELLON','2014-05-05',9,1,'14755697',4,3,2,'C','A',1,'F',1,NULL,NULL),(302,'ALEJANDRO MISAEL','PONCE ESCOBAR','2005-04-17',18,58.6,'13032043',4,8,2,'C','A',3,'M',1.54,NULL,NULL),(303,'ERIKA MARIEL','CAMACHO ROSALES','1998-09-01',25,1,'9499164',2,34,2,'P','A',17,'F',1,NULL,NULL),(304,'ANDRES JHERSSON','QUELALI ROCHA','2002-10-25',21,77.2,'8696331',1,11,2,'C','A',5,'M',1.68,NULL,NULL),(305,'NICOLE ','CAMACHO ROSALES','2003-10-12',20,1,'13594270',2,23,2,'P','A',9,'F',1,NULL,NULL),(306,'OLIVER NICOLAS','JUANEZ HERBAS','2010-03-04',13,52.6,'69507708',3,11,2,'C','A',5,'M',1.63,NULL,NULL),(307,'BRIAN GONZALO','TERAN ARNEZ','2007-02-11',16,88,'13752921',4,6,2,'C','A',2,'M',1.76,NULL,NULL),(308,'YISEL ALEJANDRA','MONTAÑO ACHIVARE','2010-03-08',13,59.7,'13994765',3,7,2,'C','A',2,'F',1.6,NULL,NULL),(309,'TOMAS ','ANDIA MERCADO','2016-08-02',7,1,'655391877',4,2,2,'C','E',1,'M',1,NULL,NULL),(310,'SERGIO','GALARZA BECERRA','1998-10-15',25,65,'8815143',11,37,2,'P','A',18,'M',4,NULL,NULL),(311,'JHENNY ESTHER','AYMAYA LAZARO','2014-01-12',9,1,'15544518',11,1,2,'C','A',1,'F',1,NULL,NULL),(312,'LUIS DANIEL ','ALTAMIRANO APANA','2015-05-25',8,2,'14108318',2,4,2,'C','A',2,'M',1,NULL,NULL),(313,'NICOLE','CAMACHO ROSALES','2003-10-12',20,50.3,'13594270',2,6,2,'C','A',2,'F',1.61,NULL,NULL),(314,'BENJAMIN KALEB','ROCHA VARGAS','2014-05-23',9,28.5,'13826038',3,10,2,'C','A',3,'M',1.35,NULL,NULL),(315,'MARIA CONCEPCION','ROCA ACHIVARE','1982-12-08',41,53.7,'4197928',3,13,2,'C','A',5,'F',1.6,NULL,NULL),(316,'SAMUEL XAVI','ROCHA VARGAS','2011-12-05',12,52,'12581551',3,36,2,'P','A',18,'M',1,NULL,NULL),(317,'RONALDO','CHOQUE MONTES','1999-06-11',24,1,'9383261',6,37,2,'P','A',18,'M',1,NULL,NULL),(318,'SEBASTIAN','ESTRADA LA FUENTE','2010-12-29',13,52,'12714024',3,35,2,'P','A',17,'M',2,NULL,NULL),(319,'FRANCISCO','ESTRADA LA FUENTE','2013-04-10',10,2,'13131813',3,35,2,'P','A',17,'M',2,NULL,NULL),(320,'JASSIEL ADRIANE','LOPEZ FERNANDEZ','2008-12-17',15,42.9,'16767497',2,6,2,'C','A',2,'F',1.51,NULL,NULL),(321,'KENDRA ARELIZ','RODRIGUEZ VACA','2013-07-22',10,55.8,'13132968',4,3,2,'C','A',1,'F',1,NULL,NULL),(322,'ADRIAN RODRIGO','CHOQUEVILLCA CAMACHO','1986-12-15',37,109.2,'6402857',1,16,2,'C','A',5,'M',1.7,NULL,NULL),(323,'ADRIAN RODRIGO','CHOQUEVILLCA CAMACHO','1986-12-15',37,50,'6402857',1,16,2,'C','E',5,'M',1.5,NULL,NULL),(324,'ADRIAN RODRIGO','CHOQUEVILLCA CAMACHO','1986-12-15',37,50,'6402857',1,16,2,'C','E',5,'M',1.5,NULL,NULL),(325,'ADRIAN RODRIGO','CHOQUEVILLCA CAMACHO','1986-12-15',37,50,'6402857',1,16,2,'C','E',5,'M',1.5,NULL,NULL),(326,'IAN ANDRE','RODRIGUEZ VACA','2015-09-22',8,41.8,'14419354',4,3,2,'C','A',1,'M',1,NULL,NULL),(327,'SERGIO','GALARZA BECERRA','1998-10-15',25,61.3,'8815143',13,13,2,'C','E',5,'M',1.63,NULL,NULL),(328,'KHALED JHEYCOB ','LEVITO SANTANDER','2017-03-01',6,17.7,'15168568',4,2,2,'C','A',1,'M',1,NULL,NULL),(329,'KHALED JHEYCOB ','LEVITO SANTANDER','2017-03-01',6,17.7,'15168568',4,2,2,'C','E',1,'M',1,NULL,NULL),(330,'SERGIO','GALARZA BECERRA','1998-10-15',25,61.3,'8815143',11,13,2,'C','A',5,'M',1.63,NULL,NULL),(331,'RICARDO WENRY','MENDOZA VILLAROEL','1997-09-27',26,62.9,'13417759',3,11,2,'C','A',5,'M',1.7,NULL,NULL),(332,'JUAN DAVID','ESPINOZA DELGADILLO','2009-08-26',14,1,'9832995',4,22,2,'P','A',8,'M',1,NULL,NULL),(333,'MARIO ERNESTO','MERCADO SORIA GALVARRO','1968-09-20',55,78.2,'3035773',2,13,2,'C','A',5,'M',1.7,NULL,NULL),(334,'MARIO ERNESTO','MERCADO SORIAGALVARRO','1968-09-20',55,78.2,'3035773',2,13,2,'C','E',5,'M',1.7,NULL,NULL),(335,'KEYLA ALEXA ',' CONDORI GUTIERREZ','2015-07-27',8,1,'00000',4,1,2,'C','A',1,'F',1,NULL,NULL),(336,'ANTHONY ','GUZMAN ALANES','2015-06-30',8,1,'00000',4,1,2,'C','A',1,'M',1,NULL,NULL),(337,'VALERIA GUADALUPE','ROJAS ALBA','2014-05-09',9,1,'0000',4,2,2,'C','I',1,'F',1,NULL,NULL),(338,'LILIANA PIA','NAVARRO QUEREJAZU','1971-01-01',53,1,'0000001',3,20,2,'P','E',7,'F',1,NULL,NULL),(339,'NOE','YUCRA QUISPE','2008-07-11',15,54.7,'45612',9,5,2,'C','A',2,'M',1.68,NULL,NULL),(340,'CARLOS','MANSILLA','2014-05-04',9,24,'4554548',3,9,2,'C','A',3,'M',1.25,NULL,NULL),(341,'JUAN IGNACIO','GONZÁLEZ','2009-05-04',14,45,'4554564',5,5,2,'C','A',2,'M',1.5,NULL,NULL),(342,'PRUEBA','SISTEMAS','2000-03-20',23,45.8,'12345',4,43,2,'R','P',20,'M',12.3,'1:2',NULL),(343,'ADRIAN RODRIGO','CHOQUEVILLCA CAMACHO','1986-12-15',37,109.2,'6402857',1,16,3,'C','P',5,'M',1.7,'',NULL),(344,'ANAHI JHISEL ','RAMOS VILLARROEL','2010-07-13',13,56.3,'13161815',1,125,4,'R','A',50,'F',1.6,'25:23:19',NULL),(345,'DAVID ARIEL ','LIJERON FERNANDEZ ','2001-04-06',22,62.6,'7962178',5,16,4,'R','E',5,'M',1.71,NULL,NULL),(346,'HAROLD DAVID ','ZENTENO TORRICO','2006-03-06',17,1,'8780465',2,124,4,'R','A',50,'M',1,'17:25',NULL),(347,'RICARDO WENRY','MENDOZA VILLAROEL','1997-09-27',26,62.9,'13417759',3,128,4,'R','E',52,'M',1.7,'4',NULL),(348,'MADELEN','TRUJILLO PAEZ','2007-05-06',16,60,'13066406',6,119,4,'R','E',46,'F',1.5,'16',NULL),(349,'RONALDO','CHOQUE MONTES','1999-06-11',24,90,'9383261',6,129,4,'R','A',52,'M',1.7,'12',NULL),(350,'GUSTAVO ANTONIO','PASTOR VILLARROEL','2015-12-19',8,30,'30101011',6,118,4,'R','E',48,'M',1,'16',NULL),(351,'FERNANDA ANTONELLA','MONTAÑO VILLARROEL','2012-11-28',11,40,'13289873',6,121,4,'R','E',48,'F',1.2,'16',NULL),(352,'FABIANA RAFAELLA','MONTAÑO VILLARROEL','2015-08-11',8,30,'14647000',6,121,4,'R','E',48,'F',1,'16',NULL),(353,'ETHAN ','JALIL MARQUEZ','2013-09-05',10,40,'12946060',6,119,4,'R','P',46,'M',1,'12',NULL),(354,'SANTIAGO ','ESCOBAR LEYVA','2009-02-20',14,1,'13347855',2,126,4,'R','A',51,'M',1,'4',NULL),(355,'NICOLE ALEJANDRA ','QUISBERT CABALLERO','2010-07-01',13,1,'1',2,119,4,'R','A',46,'F',1,'3:12',NULL),(356,'EMILY ANABEL ','GUILLEN VILLEGAS','2008-08-24',15,1,'1',2,118,4,'R','A',48,'F',1,'11',NULL),(357,'LEONARD ANTHONY ','LUJAN ROJAS','2003-05-14',20,1,'6477071',2,128,4,'R','E',52,'M',1,'9',NULL),(358,'JENIFER MELANY ','VALLEJOS GONZALES ','2006-10-22',17,1,'14645765',2,122,4,'R','A',49,'F',1,'4:25',NULL),(359,'JASSIEL ADRANE','LOPEZ FERNANDEZ','2008-12-17',15,1,'16767497',2,124,4,'R','A',50,'F',1,'3:25',NULL),(360,'NATALI VALERIA','TERRAZAS NAVIA','2008-03-08',15,1,'13499151',2,120,4,'R','A',46,'F',1,'12',NULL),(361,'LIZETH ','LEON CLAROS','2009-03-25',14,50,'13527960',2,120,4,'R','A',46,'F',1.5,'4:22',NULL),(362,'BAYRON RAILY ','LARA SORIA GALVARRO','2007-04-17',16,1,'1',2,121,4,'R','A',48,'M',1,'4:17:25',NULL),(363,'DOUGLAS HUGO','ZELADA','1999-08-27',24,57.4,'12808483',2,125,4,'R','A',50,'M',1.64,'17:18:9:20',NULL),(364,'JOSE LEANDRO','MOLINA MEDRANO','2001-10-09',22,61,'13416290',2,123,4,'R','A',49,'M',170,'11:25',NULL),(365,'JOSTIN CEDRIC ','VIDAL MONSE ','2009-10-22',14,1,'1',2,120,4,'R','A',46,'M',1,'4',NULL),(366,'DALETH ','MARCA PACHECO','2014-06-11',9,1,'14443323',2,119,4,'R','A',46,'F',1,'12',NULL),(367,'STEVEN','CHOQUE SANTOS','2008-06-19',15,61.3,'15012108',2,118,4,'R','A',48,'M',1.71,'4',NULL),(368,'DIEGO ARMANDO ','CUTIPA RAMIREZ','2007-10-03',16,59,'13499248',2,122,4,'R','A',49,'M',165,'20',NULL),(369,'NATALIA KAREN','CAMACHO ROSALES','2000-12-03',23,1,'13752335',2,124,4,'R','A',50,'F',1,'25',NULL),(370,'NICOLE','CAMACHO ROSALES','2003-10-12',20,50.3,'13594270',2,124,4,'R','A',50,'F',1.61,'17',NULL),(371,'JOSUE ERNESTO','MERCADO RIVERO','2005-10-10',18,56.3,'12343151',2,130,4,'R','A',52,'M',1.69,'20:25',NULL),(372,'ALEXANDRA HATSU','CHAMBI VILLARROEL','2018-11-12',5,20,'15503457',7,119,4,'R','A',46,'F',1.02,'3',NULL),(373,'EZEQUIAS SHELEN','ILLANES ARTEAGA','2011-01-01',13,38.6,'1',2,118,4,'R','A',48,'M',1.36,'12',NULL),(374,'ISAEL JEREMY ','CUEVAS CATARI','2014-06-02',9,1,'1',2,119,4,'R','A',46,'M',1,'4',NULL),(375,'JORGE ARMANDO ','CHAMBI JANCOO ','1986-06-18',37,130,'5241142',7,130,4,'R','A',52,'M',1.84,'3',NULL),(376,'CARLOS DANIEL ','JUCHASARA QUISPE','2003-03-22',20,1,'9469374',2,119,4,'R','A',46,'M',1,'3',NULL),(377,'DAVID ANGEL','AGUILAR SUBIETA','2003-01-10',20,100,'9483435',2,130,4,'R','A',52,'M',100,'17:9',NULL),(378,'MIKAELA ARACELI','AGUILAR SUBIETA','2004-03-15',19,49.3,'9483436',2,130,4,'R','A',52,'F',1.56,'9:25:20',NULL),(379,'ALEXANDRA JHOHELY ','MONTAÑO BARRON','2007-03-02',16,1,'1',2,126,4,'R','A',51,'F',1,'9',NULL),(380,'AARON ELIAS ','VARGAS BERDEJA','2015-03-05',8,1,'16724370',2,119,4,'R','A',46,'M',1,'4',NULL),(381,'ERIKA MARIEL','CAMACHO ROSALES','1998-09-01',25,1,'9499164',2,126,4,'R','A',51,'F',1,'17',NULL),(382,'ABIGAIL MARGARITA ','SAAVEDRA CONDORI','2009-04-15',14,51.5,'13717994',2,125,4,'R','A',50,'F',1.51,'4:23',NULL),(383,'JEAN CARLA LIZETH ','MONTAÑO CONDORI','2011-10-31',12,42,'1442007606',2,125,4,'R','A',50,'F',1.46,'17:25',NULL),(384,'ADALID RODRIGO ','BLANCO CARBAJAL','2010-08-01',13,1,'12682360',2,123,4,'R','A',49,'M',1,'3:11',NULL),(385,'JOSUE BENJAMIN','GARCIA ESCALERA','2005-09-14',18,67.8,'13066375',2,120,4,'R','A',46,'M',1.64,'3',NULL),(386,'MATEO AKIM ','SANCHEZ MAMANI','2014-04-13',9,1,'14763109',2,121,4,'R','A',48,'M',1,'4',NULL),(387,'AMIR ISRAEL ','SANCHEZ MAMANI','2008-09-27',15,1,'9996024',2,123,4,'R','A',49,'M',1,'4',NULL),(388,'IVAN ARON ','SANCHEZ PEREZ','1988-07-03',35,1,'6857519',2,122,4,'R','A',49,'M',1,'4',NULL),(389,'DILAN ARON MAURICIO ','SANCHEZ MAMANI','2005-09-12',18,57,'9996023',2,125,4,'R','A',50,'M',165,'4:12',NULL),(390,'IRMA ORIETTE ','RIVERO CALLEJAS','1968-03-01',55,1,'3135485',2,128,4,'R','A',52,'F',1,'4',NULL),(391,'KATY','CHAMBI  BALDERRAMA','1983-04-13',40,1,'5248572',2,124,4,'R','A',50,'F',1,'4',NULL),(392,'KIRA ALISON ','BARZOLA VEIZAGA','2010-04-23',12,43,'10994058',5,126,4,'R','A',51,'F',1.55,'24',NULL),(393,'GUSTAVO ALEX ','MONTEIRO DA SILVA','2010-07-06',13,55.1,'E-10755915',5,124,4,'R','A',50,'M',1.58,'24:17',NULL),(394,'JOSUE FABRICIO ','GUMIEL ROQUE','2012-01-24',10,50,'12906368',5,121,4,'R','A',48,'M',150,'23',NULL),(395,'MAIRA','HINOJOSA ROJAS','2010-02-01',13,51,'9447037',5,124,4,'R','A',50,'F',1.54,'23:4',NULL),(396,'AIDAN ADRIAN','GUMUCIO CUMUCIO','2015-01-19',8,40,'14648206',5,118,4,'R','A',48,'M',130,'23:4',NULL),(397,'DAMIAN DEANGELO','GUMUCIO','2013-03-28',10,52.4,'AM074667',5,118,4,'R','A',48,'M',1.42,'4:23',NULL),(398,'NICOLAS KIMEY','GUTIERREZ CABEZAS','2006-09-15',17,65.7,'9424252',5,122,4,'R','A',49,'M',1.75,'20:17:3',NULL),(399,'MAYA AYLEN ','MAMANI DIAZ','2017-10-25',6,1,'00000001',1,119,4,'R','A',46,'F',1,'3',NULL),(400,'GABRIELA GISEL','MAMANI DIAZ','2014-09-06',9,1,'00000002',1,119,4,'R','A',46,'F',1,'12',NULL),(401,'ARELIZ BRIJITH','COLQUE ESCOBAR','2013-06-11',10,1,'0000003',1,119,4,'R','A',46,'F',1,'12',NULL),(402,'FRANCISCO FIDEL','AZCUI MANCILLA','2005-09-01',18,68,'9445477',5,128,4,'R','A',52,'M',176,'24:17',NULL),(403,'ANDRU LEDEMAN','SANDY NINA','2013-05-01',10,30.7,'13093828',5,125,4,'R','A',50,'M',1.41,'4:17',NULL),(404,'LUIS FERNANDO','CHOQUE DURI','2006-02-02',17,65,'9453295',5,121,4,'R','A',48,'M',1.67,'4',NULL),(405,'BRIANA ','SOTO RONDAN','2013-03-14',10,1,'0000000004',1,119,4,'R','A',46,'F',1,'12',NULL),(406,'AGUSTIN MAURICIO ','ATAHUICHI CAYOJA','2011-05-27',12,55,'14835195',5,121,4,'R','A',48,'M',148.6,'4',NULL),(407,'CRISTINA ANTUANETH','RIOS TERRAZAS','2016-07-15',7,1,'00000005',1,120,4,'R','A',46,'F',1,'12',NULL),(408,'MATIAS ALEJANDRO ','MARQUINA SANCHEZ ','2012-11-28',11,52.35,'16353473',5,123,4,'R','A',49,'M',1.42,'3',NULL),(409,'LESLY JAZMIN','HERRERA QUISPE','2006-07-25',17,1,'000000006',1,120,4,'R','A',46,'F',1,'12',NULL),(410,'ANTONIO MATEO','GARCÍA LOPEZ','2007-02-22',16,60.4,'12586896',5,128,4,'R','A',52,'M',1.63,'4',NULL),(411,'ARIANA','COLQUE SILES','2004-11-13',19,1,'9346242',1,120,4,'R','A',46,'F',1,'3:17',NULL),(412,'MATIAS','DE UGARTE MEDRANO','2011-10-23',12,50,'13131905',5,118,4,'R','A',48,'M',165,'4',NULL),(413,'ARIANA MASIEL','CAMPUZANO ESPINOZA','2015-11-04',8,1,'000000007',1,118,4,'R','A',48,'F',1,'23:3',NULL),(414,'ADRIANA NICOLE ','GABRIEL MAMANI','2007-04-21',16,60.2,'21042007',1,118,4,'R','A',48,'F',1.63,'3:23',NULL),(415,'JHIOVANA','VILLARROEL ROCHA','1981-09-15',42,50,'527663',1,118,4,'R','A',48,'F',1465,'4:12',NULL),(416,'PAOLA ANDREA','CHOQUE DURI','1998-10-30',25,70,'8800432',5,118,4,'R','A',48,'F',166,'4',NULL),(417,'LAURA COSSET','GUMIEL ROQUE ','2006-12-27',17,54,'12906030',5,121,4,'R','A',48,'F',1.64,'4',NULL),(418,'DAFNE THAIS','GUMIEL ROQUE','2009-11-26',14,59,'12906031',5,121,4,'R','A',48,'F',1.59,'4',NULL),(419,'JHERCELI MARY','QUISBERT PONCE','2015-01-18',8,1,'000000008',1,121,4,'R','A',48,'F',1,'9:12',NULL),(420,'ANDREA ','CERVANTES FLORES ','2013-08-09',10,39.7,'15043596',1,121,4,'R','A',48,'F',1.4,'20:17',NULL),(421,'VANIA ','QUISPE RIOS ','2012-07-26',11,35,'14735067',1,124,4,'R','A',50,'F',1.3,'3:21',NULL),(422,'VALERY REYCHEL ','GUAMAN ZENTENO','2005-12-28',18,59,'9488322',1,124,4,'R','A',50,'F',1.68,'25:4:9:17',NULL),(423,'PATRICIA NANCY','LUIZAGA CARDOZO','1984-07-07',39,167,'4414173',5,124,4,'R','A',50,'F',60,'3',NULL),(424,'MAYUMI TATIANA',' FERNANDEZ LAFUENTE','2004-12-30',19,56,'12494610',1,126,4,'R','A',51,'F',1.6,'25:21:23',NULL),(425,'ALISON THAIS ','MAMANI TORREZ','2008-06-20',15,1,'13260665',1,127,4,'R','A',51,'F',1,'25:22',NULL),(426,'KRISTEL ASHELIN ','SORIA VALENCIA','2007-02-21',16,51.8,'14442349',1,128,4,'R','A',52,'F',1.65,'12:9',NULL),(427,'MELINA SHARAI ','TRUJILLO MENDOZA','1999-11-30',24,1,'9309733',1,128,4,'R','A',52,'F',1,'3',NULL),(428,'BRIAN GONZALO ','TERAN ARNEZ','2007-02-11',16,80,'13752921',4,124,4,'R','A',50,'M',180,'4:9',NULL),(429,'JUAN JAIRO','SOLIZ VALENCIA','2014-05-10',9,1,'0000009',1,119,4,'R','A',46,'M',1,'3:12:17',NULL),(430,'ONAN RIQUELME','SOLIZ VENTURA','2009-09-20',14,1,'00000010',1,119,4,'R','A',46,'M',1,'4:3:9:12',NULL),(431,'ASSIER','MIRANDA CRUZ','2009-10-29',14,1,'00000010',1,119,4,'R','A',46,'M',1,'3',NULL),(432,'SEBASTIAN WILLFREDO','ZEBALLOS LAZARTE','2008-12-19',15,1,'00000012',1,119,4,'R','A',46,'M',1,'12',NULL),(433,'DANI JAMER','MIRANDA CRUZ','2007-01-22',16,1,'00000013',1,119,4,'R','A',46,'M',1,'17',NULL),(434,'JHON ALEX','ARROYO CRUZ','2007-05-10',16,1,'00000014',1,119,4,'R','A',46,'M',1,'17',NULL),(435,'JUAN JOSE','SOLIZ LAURA','2007-08-23',16,1,'00000015',1,119,4,'R','A',46,'M',1,'12:3:4:11',NULL),(436,'JHOSUA DOMINIC','CAMPUZANO ESPINOZA','2017-06-19',6,1,'000000016',1,120,4,'R','A',46,'M',1,'17:12',NULL),(437,'MIGUEL ANGEL','CEREZO SANABRIA','2016-10-24',7,1,'16049664',1,120,4,'R','A',46,'M',1,'3:12',NULL),(438,'MATEO SEBASTIAN','RIOS TERRAZAS','2015-03-05',8,1,'000000018',1,118,4,'R','A',48,'M',1,'12:4',NULL),(439,'CALEB BENJAMIN','CAMPUZANO ESPINOZA','2012-01-27',11,1,'000000019',1,118,4,'R','A',48,'M',1,'23:3',NULL),(440,'RICARDO ENRIQUE','RAMOS MOSCOSO','1982-04-18',41,108.1,'1223181',1,118,4,'R','A',48,'M',1.67,'12:3',NULL),(441,'JOSEPH','JALDIN VALLEJOS','2012-11-11',11,39.4,'15429159',1,123,4,'R','A',49,'M',1.35,'4:23:9',NULL),(442,'JOSE ARMANDO','SARABIA MIGUEL','2005-11-08',18,72.8,'12463119',1,125,4,'R','A',50,'M',1.7,'4:21:17',NULL),(443,'ALEXANDER ','MAMANI TORREZ','2010-06-19',13,1,'13260711',1,126,4,'R','A',51,'M',1,'4',NULL),(444,'JHONATAN JOSE','CAMACHO MALDONADO','1998-04-27',25,1,'8844881',1,126,4,'R','A',51,'M',1,'4',NULL),(445,'JHAIR EDSON','QUISPE FERNANDEZ','2014-01-05',9,1,'15386850',1,127,4,'R','A',51,'M',1,'17:4:11',NULL),(446,'JHOJANLI ','HINOJOSA VALLEJOS','2011-02-03',12,1,'14514456',1,127,4,'R','A',51,'M',1,'23:3',NULL),(447,'CLAUDIO DIEGO ','ENCINAS CHURATA','2003-03-21',20,50,'12905198',1,127,4,'R','A',51,'M',1.55,'25',NULL),(448,'JUAN JOSÉ  ','RIOS VICENTE','2009-04-25',14,44.8,'000004',1,128,4,'R','A',52,'M',1.37,'12:17:21',NULL),(449,'ADALID ','VEIZAGA MENCIA','2008-09-11',15,82,'13035879',1,129,4,'R','A',52,'M',1.7,'17:11:4',NULL),(450,'RICARDO MARCELO ','MAMANI COCA','2004-12-30',19,71.1,'1358008',1,128,4,'R','A',52,'M',1.73,'9:3',NULL),(451,'ADRIAN RODRIGO','CHOQUEVILLCA CAMACHO','1986-12-15',37,109.2,'6402857',1,131,4,'R','A',52,'M',1.7,'3:9',NULL),(452,'DULCE GABRIEL ','ALEMÁN RODRÍGUEZ','2010-12-15',13,30,'12504066',4,121,4,'R','A',48,'F',160,'23',NULL),(453,'JORGE MAURICIO','MAGNE COCA','2000-09-29',23,1,'9302713',1,128,4,'R','A',52,'M',1,'25:11',NULL),(454,'ANGEL SANTIAGO ','ALEMÁN RODRÍGUEZ ','2013-01-22',10,55,'12953580',4,121,4,'R','A',48,'M',145,'11',NULL),(455,'DAMARI LORENA','BALCAZAR ORDÓÑEZ ','2010-01-08',13,60,'13875485',4,121,4,'R','A',48,'F',165,'11',NULL),(456,'VANESSA SHARON ','BALCAZAR ORDOÑEZ ','2002-05-03',21,45,'7899216',4,121,4,'R','A',48,'F',150,'11',NULL),(457,'ALISSON DAYANA ','BALCÁZAR ORDÓÑEZ','2003-09-23',20,45,'7899238',4,121,4,'R','A',48,'F',150,'4',NULL),(458,'TAYLOR LUCAS','VILLARROEL PLAZA ','2012-10-30',11,3,'13224713',4,120,4,'R','E',46,'M',120,'23',NULL),(459,'BORIS MAHENDRA','VALDIVIA GUEVARA','1899-11-30',49,1,'3146370',3,120,4,'R','A',46,'M',1,'9:4',NULL),(460,'SERGIO BERNARDO','CLAROS CALERO','0000-00-00',13,1,'12936821',3,128,4,'R','A',52,'M',1,'17:4',NULL),(461,'NOEL','ALMENDRAS TOMAS','0000-00-00',15,1,'13526230',3,121,4,'R','E',48,'M',1,'4:11',NULL),(462,'NOEL','ALMENDRAS TOMAS','0000-00-00',15,1,'13526230',3,121,4,'R','A',48,'M',1,'4:11',NULL),(463,'CARLOS','MANSILLA RIVERA','0000-00-00',9,1,'14059964',3,126,4,'R','A',51,'M',1,'11:4',NULL),(464,'SEBASTIAN','ESTRADA LAFUENTE','0000-00-00',13,1,'12714024',3,127,4,'R','A',51,'M',1,'20:17',NULL),(465,'FRANCISCO','ESTRADA LAFUENTE','0000-00-00',10,1,'13131813',3,127,4,'R','A',51,'M',1,'11',NULL),(466,'BENJAMÍN CALEB','ROCHA VARGAS','0000-00-00',9,1,'13826038',3,127,4,'R','A',51,'M',1,'17',NULL),(467,'SAMUEL XAVI','ROCHA VARGAS','0000-00-00',12,1,'12581551',3,128,4,'R','A',52,'M',1,'17',NULL),(468,'JOSÉ MANUEL','CASTRO RODRIGUEZ','0000-00-00',22,1,'13594301',3,125,4,'R','A',50,'M',1,'11',NULL),(469,'ROBERTO','ROJAS GASTAÑAGGA','0000-00-00',22,1,'14831085',3,129,4,'R','A',52,'M',1,'19',NULL),(470,'CAMILO EZEQUIEL','PEREDO LIZARAZU','0000-00-00',14,1,'1',3,120,4,'R','A',46,'M',1,'12',NULL),(471,'HUGO FRANCISCO','MONTAÑO VIDAL','0000-00-00',14,1,'1',3,125,4,'R','A',50,'M',1,'17',NULL),(472,'TIMOTHY LUKA ','PRADO PANOZO','0000-00-00',9,1,'15111377',3,125,4,'R','A',50,'M',1,'9',NULL),(473,'DAVID ALEJANDRO','MERCADO SABJA','2001-06-12',22,1,'6417679',3,130,4,'R','A',52,'M',1,'11',NULL),(474,'LUCIANA CAMILA','CHAVEZ CORDOBA','0000-00-00',15,1,'13748343',3,125,4,'R','A',50,'F',1,'23',NULL),(475,'SHARON ASTRID','VERDUGUEZ AGUIRRE','0000-00-00',13,1,'1',3,120,4,'R','A',46,'F',1,'11',NULL),(476,'MARLI LEYLA','MERCADO SABJA','0000-00-00',16,1,'9453255',3,128,4,'R','A',52,'F',1,'11',NULL),(477,'CARLA VALENTINA','GUEVARA LUNAR','0000-00-00',9,1,'E 11259424',3,121,4,'R','A',48,'F',1,'23',NULL),(478,'LUCIA','CARVAJAL MERCADO','0000-00-00',13,1,'9494804',3,126,4,'R','A',51,'F',1,'23',NULL),(479,'BRIANA','GARCÍA ESPINOZA ','0000-00-00',12,1,'1',3,128,4,'R','A',52,'F',1,'4',NULL),(480,'MILENKA','CATORCENO GUZMÁN','2003-04-06',20,1,'9380824',3,122,4,'R','A',49,'F',1,'23',NULL),(481,'GUSTAVO ANTONIO ','PASTOR VILLARROEL','2015-12-19',8,30,'14580422',6,118,4,'R','A',48,'M',0.8,'12',NULL),(482,'MADELEN','TRUJILLO PAEZ','2007-05-06',16,60,'13066406',6,120,4,'R','A',46,'F',1.5,'12',NULL),(483,'FABIANA RAFAELLA ','MONTAÑO VILLARROEL','2015-08-11',8,30,'14647000',6,121,4,'R','A',48,'F',1,'12',NULL),(484,'FERNANDA ANTONELLA','MONTAÑO VILLARROEL','2012-11-28',11,40,'13289673',6,121,4,'R','A',48,'F',1.5,'12',NULL),(485,'SOFIA VICTORIA','PASTOR VILLARROEL','2018-02-22',5,20,'15254425',6,119,4,'R','A',46,'F',0.8,'12',NULL),(486,'LEONARDO RUBEN ','HURTADO GONZALES ','2014-07-27',9,35,'14831447',5,119,4,'R','A',46,'M',150,'3',NULL),(487,'MATEO ANDRES','LICONA AVILES','2015-07-08',8,30,'14763094',5,119,4,'R','A',46,'M',148,'4:17',NULL),(488,'FERNANDO ENRIQUE ','ZEBALLOS REVOLLO ','2016-05-30',7,30,'14585057',5,120,4,'R','A',46,'M',149,'4',NULL),(489,'ANA VIRGINIA','ROA DURAN','2006-01-23',17,1,'11600857',2,121,4,'R','A',48,'F',1,'4:17',NULL),(490,'ANA VIRGINIA','ROA DURAN','2006-01-23',17,1,'11600857',2,121,4,'R','E',48,'F',1,'4:17',NULL),(491,'JACINTO ','COLQUE CAISINA','2005-02-23',18,62,'14499877',11,122,4,'R','A',49,'M',1.66,'4',NULL),(492,'JHOAN','ROCHA CRUZ ','2008-11-14',15,77.4,'15431765',11,123,4,'R','A',49,'M',1.78,'4',NULL),(493,'BRYAN SANTIAGO','VIDAURRE CALLE ','2010-08-19',13,54.3,'13943826',11,120,4,'R','A',46,'M',1.7,'4',NULL),(494,'ANDRES JHERSSON','QUELALI ROCHA','2002-10-25',21,77.2,'8696331',1,128,4,'R','A',52,'M',1.68,'4:10',NULL),(495,'ANDRES JHERSSON','QUELALI ROCHA','2002-10-25',21,77.2,'8696331',1,11,4,'C','E',5,'M',1.68,NULL,NULL),(496,'SANTIAGO MATIAS','CONDORI ROCHA','2009-03-20',14,1,'14513439',1,126,4,'R','A',51,'M',1,'3',NULL),(497,'AMIRA ISABELLA ','ARÉVALO LUIZAGA','2017-01-18',6,2,'16562879',4,120,4,'R','A',46,'F',2,'11:23',NULL),(498,'JOAQUÍN ','CÉSPEDES FLORES ','2013-11-13',10,2,'16857294',4,118,4,'R','A',48,'M',2,'11',NULL),(499,'JOSÉ GUSTAVO','PÉREZ MAMANI','1999-09-07',24,1,'9342766',1,128,4,'R','A',52,'M',1,'17:21',NULL),(500,'TAYLOR LUCAS','VILLARROEL PLAZA ','2012-10-30',11,2,'13224713',4,120,4,'R','A',46,'M',2,'23',NULL),(501,'IAN MARCO','VILLARROEL PLAZA ','2009-07-10',14,2,'9423620',4,120,4,'R','A',46,'M',2,'9',NULL),(502,'KAYTLHEEN SALOME ','VILLARROEL PLAZA ','2015-03-24',8,2,'14196954',4,120,4,'R','A',46,'F',2,'23',NULL),(503,'ROSALBA ','PATTY CHUNGARA','2012-04-14',11,2,'14385297',4,120,4,'R','A',46,'F',2,'23',NULL),(504,'ALEJANDRA ','HERBAS RODRÍGUEZ ','2016-04-05',7,2,'14814654',4,119,4,'R','A',46,'F',2,'11',NULL),(505,'SANTIAGO NICOLÁS ','HERBAS RODRÍGUEZ ','2010-11-07',13,2,'9503255',4,119,4,'R','A',46,'M',2,'11',NULL),(506,'VICTOR HUGO ','CACHI FLORES','1996-12-24',27,56.9,'8696769',11,120,4,'R','A',46,'M',1.64,'4',NULL),(507,'ANTHONY FROILÁN ','GUZMÁN ALANES','2015-06-30',8,2,'14856094',4,120,4,'R','A',46,'M',2,'11',NULL),(508,'NELLY ','GALARZA SALAS','2016-07-07',7,25,'15298649',11,125,4,'R','A',50,'F',1.05,'4',NULL),(509,'JHOSELIN','MITTA MENESES','2008-06-26',15,54,'13260360',11,121,4,'R','A',48,'F',1.64,'4',NULL),(510,'SERGIO','GALARZA BECERRA ','1998-10-15',25,62,'8815143',11,129,4,'R','A',52,'M',1.66,'4:17',NULL),(511,'SERGIO','GALARZA BECERRA ','1998-10-15',25,62,'8815143',11,129,4,'R','E',52,'M',1.66,NULL,NULL),(512,'PABLO ERIK','ORDÓÑEZ BALCAZAR ','2012-02-29',11,2,'10988456',4,122,4,'R','A',49,'M',2,'20:11',NULL),(513,'JHENNY ESTHER','AYMAYA LÁZARO ','2014-01-12',9,27,'15544518',11,119,4,'R','A',46,'F',1.15,'4',NULL),(514,'CARLOS MANUEL','RODRIGUEZ LOBO','0000-00-00',10,1,'1',3,120,4,'R','A',46,'M',1,'11',NULL),(515,'MATIAS RAFAEL','SARAVIA ENCINAS','0000-00-00',14,1,'1',3,118,4,'R','A',48,'M',1,'17',NULL),(516,'ARON URIEL  31/07/2018  CBBA','ENRRIQUEZ FUENTES','2018-07-31',5,25,'15357303',11,119,4,'R','A',46,'M',0.98,'4',NULL),(517,'SAYYID EITAN','JALDIN AGUIRRE','0000-00-00',14,1,'1',3,120,4,'R','A',46,'M',1,'4:11',NULL),(518,'ANDREA ANGÉLICA','OJEDA LOAYZA','1899-11-30',11,1,'1',3,118,4,'R','A',48,'F',1,'11',NULL),(519,'CAMILA MARIANA','HERNANY VERA','1899-11-30',12,1,'1',3,127,4,'R','A',51,'F',1,'9',NULL),(520,'MARÍA CONCEPCION ','ROCA ACHIVARE','0000-00-00',40,1,'1',3,129,4,'R','A',52,'F',1,'17',NULL),(521,'SEBASTIÁN MATEO','CUTILE FLORES ','2014-02-27',9,2,'14620857',4,118,4,'R','A',48,'M',2,'11:23',NULL),(522,'IBETH ','VEIZAGA ZAMBRANA ','2007-02-16',16,2,'222',4,118,4,'R','A',48,'F',2,'23',NULL),(523,'CECILIA ANDREA','SÁNCHEZ ZAMBRANA ','2012-06-28',11,2,'2222',4,120,4,'R','A',46,'F',2,'11',NULL),(524,'NICOLAS ','MERCADO MARAÑON','1998-08-14',25,65,'8831568',4,127,4,'R','A',51,'M',1.6,'19:17',NULL),(525,'NICOLAS ','MERCADO MARAÑON ','1998-08-14',25,65,'8831568',4,127,4,'R','E',51,'M',1.6,NULL,NULL),(526,'TOMAS ','ANDIA MERCADO','2016-08-02',7,21,'14743946',4,120,4,'R','E',46,'M',1.2,NULL,NULL),(527,'TOMAS','ANDIA MERCADO','2016-08-02',7,21,'14743946',4,120,4,'R','E',46,'M',1.2,NULL,NULL),(528,'TOMAS ','ANDIA MERCADO','2016-08-02',7,21,'14743946',4,120,4,'R','A',46,'M',1.2,'11:23:4',NULL),(529,'VICTOR MANUEL','ANDRADE GUZMAN','2014-10-20',9,40,'15270503',4,121,4,'R','A',48,'M',1.2,'23:4',NULL),(530,'VICTOR MANUEL','ANDRADE GUZMAN ','2014-10-20',9,40,'15270503',4,121,4,'R','E',48,'M',1.2,NULL,NULL),(531,'JUAN DAVID ','ESPINOZA DELGADILLO','2009-08-26',14,60,'9832995',4,123,4,'R','A',49,'M',1.7,'4:11',NULL),(532,'JUAN DAVID','ESPINOZA DELGADILLO','2009-08-26',14,60,'9832995',4,123,4,'R','E',49,'M',1.7,NULL,NULL),(533,'ABEL','CHOQUE','2015-10-27',8,2,'222',4,120,4,'R','A',46,'M',2,'11',NULL),(534,'RAMIRO DASTAN ','MORALES ALANOCA ','2010-12-09',13,40,'16382487',4,126,4,'R','A',51,'M',1.56,'20:11',NULL),(535,'MOISES','RIVERA PAREDES','2014-01-08',9,30,'13534511',4,119,4,'R','A',46,'M',1.2,'23:11',NULL),(536,'MAR','DÍAZ BAPTISTA ','2013-07-28',10,2,'222',4,126,4,'R','A',51,'F',2,'23',NULL),(537,'ARIANA NOELIA','PINTO ROMERO ','2012-12-21',11,2,'14695867',4,121,4,'R','A',48,'F',2,'23',NULL),(538,'CHELSIE SAMANTHA','CÁCERES CASTELLÓN ','2014-05-05',9,2,'222',4,118,4,'R','A',48,'F',2,'23:11',NULL),(539,'ANTONELLA','CARDOZO CRUZ','2016-08-06',7,20,'222222',4,119,4,'R','A',46,'F',1.2,'23',NULL),(540,'ALEJANDRO MISAEL','PONCE ESCOBAR ','2005-04-17',18,60,'13032043',4,125,4,'R','A',50,'M',1.5,'9',NULL),(541,'RONALDO','CHOQUE MONTES','1999-06-11',24,1,'9383261',6,37,5,'C','E',18,'M',1,NULL,NULL),(542,'AGUSTIN MAURICIO ','ATAHUICHI CAYOJA','2011-05-27',12,55.3,'14835195',5,187,5,'C','A',69,'M',1.57,NULL,NULL),(543,'ISABEL ','ROJAS USTARIZ','1994-02-06',29,65.3,'5319178',5,189,5,'C','A',70,'F',1.63,NULL,NULL),(544,'ISABEL ','ROJAS USTARIZ','1994-02-06',29,65.2,'5319178',5,167,5,'P','A',62,'F',1.63,NULL,NULL),(545,'MAIRA','HINOJOSA ROJAS','2010-02-01',13,51,'9447037',5,190,5,'C','A',70,'F',1.53,NULL,NULL),(546,'NICOLE ALISON','LAZARTE GONZALES','2006-12-07',17,46.6,'13752134',5,166,5,'P','A',61,'F',1.5,NULL,NULL),(547,'JUAN IGNACIO','GONZÁLEZ','2014-07-23',9,33,'4554564',5,188,5,'C','A',70,'M',1.5,NULL,NULL),(548,'JUAN IGNACIO','GONZÁLEZ','2014-07-23',9,33,'4554564',5,166,5,'P','P',61,'M',1.5,NULL,NULL),(549,'AGUSTIN MAURICIO ','ATAHUICHI CAYOJA','2011-05-27',12,55,'14835195',5,165,5,'P','A',60,'M',148.6,NULL,NULL),(550,'ANTONIO MATEO','GARCÍA LOPEZ','2007-02-22',16,59.6,'12586896',5,193,5,'C','A',72,'M',1.65,NULL,NULL),(551,'JOSUE FABRICIO ','GUMIEL ROQUE','2012-01-24',10,50,'12906368',5,165,5,'P','A',60,'M',150,NULL,NULL),(552,'DAFNE THAIS','GUMIEL ROQUE','2009-11-26',14,60,'12906031',5,191,5,'C','A',71,'F',1.61,NULL,NULL),(553,'GUSTAVO ALEX ','MONTEIRO DA SILVA','2010-07-06',13,53.5,'E-10755915',5,190,5,'C','A',70,'M',1.68,NULL,NULL),(554,'DAVID ARIEL ','LIJERON FERNANDEZ ','2001-04-06',22,60.1,'7962178',5,195,5,'C','A',72,'M',1.73,NULL,NULL),(555,'ANDREA FERNANDA ','TORRICOS MERCADO ','2009-06-18',14,55.2,'9393272',5,194,5,'C','A',72,'F',1.57,NULL,NULL),(556,'ANDREA FERNANDA ','TORRICOS MERCADO ','2009-06-18',14,55,'9393272',5,194,5,'P','A',72,'F',1.57,NULL,NULL),(557,'MAIRA','HINOJOSA ROJAS','2010-02-01',13,51,'9447037',5,190,5,'P','A',70,'F',1.54,NULL,NULL),(558,'KIRA ALISON ','BARZOLA VEIZAGA','2010-04-23',12,47.1,'10994058',5,191,5,'C','A',71,'F',1.57,NULL,NULL),(559,'LAURA COSSET','GUMIEL ROQUE ','2006-12-27',17,54,'12906030',5,165,5,'P','A',60,'F',1.64,NULL,NULL),(560,'NICOLAS CRISTIAN ','MARTINEZ GUARACHI ','2011-08-04',12,37.6,'14196223',5,171,5,'P','A',64,'M',1.47,NULL,NULL),(561,'ALEXANDRA HATSU','CHAMBI VILLARROEL ','2018-11-12',5,21,'15503457',7,146,5,'C','A',54,'F',103,NULL,NULL),(562,'FERNANDO ENRIQUE','ZEBALLOS REVOLLO','2016-05-30',7,33,'14585057',5,163,5,'P','A',59,'M',131,NULL,NULL),(563,'FERNANDO ENRIQUE ','ZEBALLOS REVOLLO','2016-05-30',7,33,'14585057',5,185,5,'C','A',69,'M',13,NULL,NULL),(564,'MATEO ANDRES','LICONA AVILES','2015-07-08',8,29,'14763094',5,147,5,'C','A',54,'M',132,NULL,NULL),(565,'AYELEN BETANIA','LAZARTE GONZALES','2013-11-27',10,35.1,'15236730',5,188,5,'C','A',70,'F',1.38,NULL,NULL),(566,'PABLO ENRIQUE','VALDIVIESO','2010-04-25',13,72.3,'16245936',5,191,5,'C','A',71,'M',1.69,NULL,NULL),(567,'DAVID ALEJANDRO','MERCADO SABJA','2001-06-12',22,1,'6417679',3,130,2,'C','P',52,'M',1,NULL,NULL),(568,'DAVID ALEJANDRO','MERCADO SABJA','2001-06-12',22,1,'6417679',3,130,5,'C','E',52,'M',1,NULL,NULL),(569,'DAVID ALEJANDRO','MERCADO SABJA','2001-06-12',22,1,'6417679',3,174,5,'P','A',64,'M',1,NULL,NULL),(570,'MANUEL ALEJANDRO','TRUJILLO DIAZ','2007-10-21',16,1,'10567623',3,162,5,'P','A',58,'M',1.61,NULL,NULL),(571,'NICOLAS','LOPEZ ARIAS','2016-06-05',7,1,'14646831',3,161,5,'P','A',58,'M',1,NULL,NULL),(572,'CARLA VALENTINA','GUEVARA LUNAR','2014-06-20',9,1,'E11259424',3,187,5,'C','A',69,'F',1,NULL,NULL),(573,'ANGHELO NEYMAR','CLAURE DIAZ','2011-12-28',12,1,'14234245',3,187,5,'P','E',69,'M',1,NULL,NULL),(574,'EDUARDO SANTIAGO','ROJAS HINOJOSA','2012-04-24',11,45.5,'14383248',3,192,5,'C','A',71,'M',1.42,NULL,NULL),(575,'ISABELLA','GALVAN CORTEZ','2014-09-13',9,27,'14061371',3,147,5,'C','A',54,'F',1.22,NULL,NULL),(576,'ANGHELO NEYMAR ','CLAURE DIAZ','2011-12-28',12,1,'14234245',3,165,5,'P','A',60,'M',1,NULL,NULL),(577,'MARCEL JUAN CARLOS','REY COSSIO','2015-08-29',8,1,'1',3,186,5,'C','P',69,'M',1,NULL,NULL),(578,'MARLI LEYLA','MERCADO SABJA','2006-10-13',17,1,'9453255',3,171,5,'P','A',64,'F',1,NULL,NULL),(579,'MARLI LEYLA','MERCADO SABJA','2006-10-13',17,61.5,'9453255',3,193,5,'C','A',72,'F',1.61,NULL,NULL),(580,'SAYYID EITAM','JALDIN AGUIRRE','2008-09-25',15,66,'1',3,185,5,'C','A',69,'M',1.66,NULL,NULL),(581,'THIAGO MATEO','JALDIN AGUIRRE','2010-04-02',13,56.2,'1',3,185,5,'C','A',69,'M',1.52,NULL,NULL),(582,'JOSÉ GERARDO ','OBANDO ROCABADO ','2012-03-02',11,61.4,'15336578',7,186,5,'C','A',69,'M',1.57,NULL,NULL),(583,'SERGIO BERNARDO','CLAROS CALERO','2010-11-20',13,1,'12936821',3,171,5,'P','A',64,'M',1,NULL,NULL),(584,'SHARON ASTRID','VERDUGUEZ AGUIRRE','2009-07-31',14,1,'14384404',3,163,5,'P','A',59,'F',1,NULL,NULL),(585,'LUCIANA CAMILA','CHAVEZ CORDOBA','2008-11-19',15,43.7,'13748343',3,191,5,'C','A',71,'F',1.58,NULL,NULL),(586,'LIZ ARLETH','MAITE VASQUEZ','2016-03-12',7,10,'15434302',1,164,5,'P','A',60,'F',10,NULL,NULL),(587,'MATEO SEBASTIAN','RIOS TERRAZAS','2015-03-05',8,10,'14383892',1,164,5,'P','A',60,'M',10,NULL,NULL),(588,'ERICK DANIEL','MAITA VASQUEZ','2014-03-13',9,10,'14357921',1,165,5,'P','A',60,'M',10,NULL,NULL),(589,'JHAIR EDSON','QUISPE FERNANDEZ','2014-01-05',9,10,'15386850',1,170,5,'P','A',63,'M',10,NULL,NULL),(590,'ANDREA','CERVANTES FLORES','2013-08-09',10,40.8,'15043596',1,165,5,'P','A',60,'F',1.49,NULL,NULL),(591,'CALEB BENJAMIN','CAMPUZANO ESPINOZA','2012-01-27',11,61.3,'15985724',1,164,5,'P','A',60,'M',1.57,NULL,NULL),(592,'DIEGO ORLANDO ','MAITA VASQUEZ','2012-01-03',11,33.3,'14357959',1,165,5,'P','A',60,'M',1.37,NULL,NULL),(593,'JOSEPH','JALDIN VALLEJOS','2012-11-11',11,40.1,'15429159',1,166,5,'P','A',61,'M',1.41,NULL,NULL),(594,'VANIA ','QUISPE RIOS ','2012-07-26',11,40,'14735067',1,167,5,'P','A',62,'F',1.44,NULL,NULL),(595,'MARISEL','LOPEZ SOLIZ','2010-04-22',13,53.5,'13258192',1,162,5,'P','P',58,'F',1.56,NULL,NULL),(596,'ANAHI JHISEL ','RAMOS VILLARROEL','2010-07-13',13,59.5,'13161815',1,169,5,'P','A',63,'F',1.6,NULL,NULL),(597,'ADRIANA','ZOTO RONDAN','2009-07-07',14,50,'13161815',1,161,5,'P','A',58,'F',1.47,NULL,NULL),(598,'ALISON THAIS ','MAMANI TORREZ','2008-06-20',15,64.7,'13260665',1,171,5,'P','A',64,'F',1.62,NULL,NULL),(599,'SHEILA','OLIVERA CHOQUE','2008-11-16',15,60.2,'13465201',1,171,5,'P','A',64,'F',1.67,NULL,NULL),(600,'LESLY JAZMIN','HERRERA QUISPE','2006-07-25',17,45.1,'9533086',1,163,5,'P','A',59,'F',1.51,NULL,NULL),(601,'DEMIAN ALBERT ','VARGAS MEDRANO','2005-04-02',18,70.8,'12555381',1,162,5,'P','A',58,'M',1.74,NULL,NULL),(602,'JHIM ANGELO','ARIAS HINOJOSA','2005-03-16',18,86,'7402901',1,164,5,'P','A',60,'M',1.82,NULL,NULL),(603,'JOSE ARMANDO','SARABIA MIGUEL','2005-11-08',18,72.9,'12463119',1,169,5,'P','A',63,'M',1.71,NULL,NULL),(604,'VALERY REYCHEL ','GUAMAN ZENTENO','2005-12-28',18,60.7,'9488322',1,166,5,'P','A',61,'F',1.6,NULL,NULL),(605,'ARIANA','CHOQUE SILEZ','2004-11-13',19,46.5,'7946242',1,163,5,'P','A',59,'F',1.51,NULL,NULL),(606,'MAYUMI TATIANA',' FERNANDEZ LAFUENTE','2004-12-30',19,55.2,'12494610',1,169,5,'P','A',63,'F',1.58,NULL,NULL),(607,'CLAUDIO DIEGO ','ENCINAS CHURATA','2003-03-21',20,48.6,'12905198',1,171,5,'P','A',64,'M',1.57,NULL,NULL),(608,'MARCELINO REINALDO ','QUELALI ROCHA','2001-04-22',22,61.4,'8696325',1,171,5,'P','P',64,'M',1.71,NULL,NULL),(609,'ADRIAN RODRIGO','CHOQUEVILLCA CAMACHO','1986-12-15',37,105,'6402857',1,174,5,'P','A',64,'M',1.7,NULL,NULL),(610,'RICARDO ENRIQUE','RAMOS MOSCOSO','1982-04-18',41,107,'1223181',1,164,5,'P','A',60,'M',1.7,NULL,NULL),(611,'JHIOVANA','VILLARROEL ROCHA','1981-09-15',42,73.7,'527663',1,164,5,'P','A',60,'F',1.55,NULL,NULL),(612,'SAMANTA MIA ','SHIMOKAWA MAMANI','2017-01-16',6,10,'14866004',1,146,5,'C','A',54,'F',1,NULL,NULL),(613,'ALBERT ALEJANDRO','CANAPEI FLORES','2017-09-27',6,10,'15477173',1,146,5,'C','A',54,'M',1,NULL,NULL),(614,'IAN NICOLAS','ZOTO RONDAN','2017-04-05',6,10,'16571132',1,146,5,'C','A',54,'M',1,NULL,NULL),(615,'MAYA AYLEN ','MAMANI MERCADO','2017-10-25',6,10,'16689915',1,147,5,'C','A',54,'F',1,NULL,NULL),(616,'JHOSUA DOMINIC','CAMPUZANO ESPINOZA','2017-06-19',6,10,'16149538',1,185,5,'C','A',69,'M',1,NULL,NULL),(617,'NICOLE','CAMACHO ROSALES','2003-10-12',20,48.8,'13594270',2,190,5,'C','A',70,'F',1.61,NULL,NULL),(618,'NICOLE','CAMACHO ROSALES','2003-10-12',20,50.3,'13594270',2,124,5,'C','E',50,'F',1.61,NULL,NULL),(619,'DAVID FABRICIO','ARTEAGA VILLARROEL ','2010-11-24',13,45,'15154853',7,147,5,'C','P',54,'M',145,NULL,NULL),(620,'NICOLE','CAMACHO ROSALES','2003-10-12',20,50.3,'13594270',2,124,5,'C','E',50,'F',1.61,NULL,NULL),(621,'NICOLE','CAMACHO ROSALES','2003-10-12',20,50.3,'13594270',2,168,5,'P','A',62,'F',1.61,NULL,NULL),(622,'EMILY ANABEL ','GUILLEN VILLEGAS','2008-08-24',15,55.5,'1',2,186,5,'C','A',69,'F',1.54,NULL,NULL),(623,'EMILY ANABEL ','GUILLEN VILLEGAS','2008-08-24',15,1,'1',2,163,5,'P','A',59,'F',1,NULL,NULL),(624,'ABIGAIL MARGARITA ','SAAVEDRA CONDORI','2009-04-15',14,50.2,'13717994',2,191,5,'C','A',71,'F',1,NULL,NULL),(625,'ABIGAIL MARGARITA ','SAAVEDRA CONDORI','2009-04-15',14,51.5,'13717994',2,169,5,'P','A',63,'F',1.51,NULL,NULL),(626,'JASSIEL ADRANE','LOPEZ FERNANDEZ','2008-12-17',15,52.9,'16767497',2,189,5,'C','A',70,'F',1.52,NULL,NULL),(627,'JASSIEL ADRANE','LOPEZ FERNANDEZ','2008-12-17',15,1,'16767497',2,167,5,'P','P',62,'F',1,NULL,NULL),(628,'JEAN CARLA LIZETH ','MONTAÑO CONDORI','2011-10-31',12,42.5,'1442007606',2,190,5,'C','A',70,'F',1.44,NULL,NULL),(629,'SANTIAGO ','ESCOBAR LEYVA','2009-02-20',14,1,'13347855',2,126,5,'C','E',51,'M',1,NULL,NULL),(630,'SANTIAGO ','ESCOBAR LEYVA','2009-02-20',14,1,'13347855',2,126,5,'C','E',51,'M',1,NULL,NULL),(631,'SANTIAGO ','ESCOBAR LEYVA','2009-02-20',14,1,'13347855',2,126,5,'C','E',51,'M',1,NULL,NULL),(632,'SANTIAGO ','ESCOBAR LEYVA','2009-02-20',14,68.1,'13347855',2,191,5,'C','A',71,'M',1.76,NULL,NULL),(633,'RAFAEL ','REQUE ENRIQUE','2018-09-12',5,1,'1',3,146,5,'C','P',54,'M',1,NULL,NULL),(634,'NYEN AUGUSTO','VILLCA GARCIA','2007-08-23',16,79,'13622952',3,187,5,'C','A',69,'M',1.68,NULL,NULL),(635,'AVRIL ARLET','VASQUEZ MEJIA','2016-03-30',7,1,'1',3,146,5,'C','P',54,'F',1,NULL,NULL),(636,'AMIR ','VILLCA GARCIA','2012-09-02',11,40.7,'155742283',3,165,5,'P','A',60,'M',1.42,NULL,NULL),(637,'MATIAS RAFAEL','SARAVIA ENCINAS','2008-07-30',15,1,'1',3,164,5,'P','A',60,'M',1,NULL,NULL),(638,'HAROLD DAVID ','ZENTENO TORRICO','2006-03-06',17,52.6,'8780465',2,190,5,'C','A',70,'M',1.58,NULL,NULL),(639,'STEVEN','CHOQUE SANTOS','2008-06-19',15,62.3,'15012108',2,186,5,'C','A',69,'M',1.74,NULL,NULL),(640,'DAVID ANGEL','AGUILAR ZUBIETA','2003-01-10',20,58,'9483435',2,195,5,'C','A',72,'M',1.66,NULL,NULL),(641,'ERIKA MARIEL','CAMACHO ROSALES','1998-09-01',25,1,'9499164',2,191,5,'C','P',71,'F',1,NULL,NULL),(642,'CRISTINA ANTUANETH','RIOS TERRAZAS','2016-07-15',7,10,'14856686',1,147,5,'C','A',54,'F',1,NULL,NULL),(643,'DIEGO ARMANDO ','CUTIPA RAMIREZ','2007-10-03',16,59,'13499248',2,5,5,'C','E',2,'M',165,NULL,NULL),(644,'DIEGO ARMANDO ','CUTIPA RAMIREZ','2007-10-03',16,60,'13499248',2,188,5,'C','A',70,'M',1.67,NULL,NULL),(645,'LIZ ARLETH ','MAITA VASQUEZ','2016-03-13',7,10,'15434302',1,186,5,'C','A',69,'F',1,NULL,NULL),(646,'VANESSA','SILVESTRE CABRERA','2015-01-20',8,10,'14735647',1,146,5,'C','A',54,'F',1,NULL,NULL),(647,'MATEO SEBASTIAN','RIOS TERRAZAS','2015-03-05',8,10,'14383892',1,186,5,'C','A',69,'M',1,NULL,NULL),(648,'ARIANA MASIEL','CAMPUZANO ESPINOZA','2015-11-04',8,10,'16149535',1,186,5,'C','A',69,'F',1,NULL,NULL),(649,'THIAGO ','SILVESTRE GAMBOA','2014-11-12',9,10,'0543593',1,146,5,'C','A',54,'M',1,NULL,NULL),(650,'ERICK DANIEL','MAITA VASQUEZ','2014-03-13',9,10,'14357921',1,187,5,'C','A',69,'M',1,NULL,NULL),(651,'JHAIR EDSON','QUISPE FERNANDEZ','2014-01-05',9,10,'15386850',1,192,5,'C','A',71,'M',1,NULL,NULL),(652,'SHIRLEY KATHERINE','LEON AGUILAR','2013-07-11',10,50.2,'14447235',1,146,5,'C','A',54,'F',1.52,NULL,NULL),(653,'JHOVANY MATIAS','ALEGRE ARCANGEL','2013-08-28',10,36.8,'10000001',1,146,5,'C','E',54,'M',1.43,NULL,NULL),(654,'EMILY LUCIA','ESPINOZA DE LA FUENTE','2013-10-14',10,54.2,'14735701',1,147,5,'C','A',54,'F',1.47,NULL,NULL),(655,'ARELIZ BRIJITH','COLQUE ESCOBAR','2013-06-11',10,28.5,'0000003',1,147,5,'C','P',54,'F',1.33,NULL,NULL),(656,'BRIHANA ','ZOTO RONDAN','2013-03-14',10,35.4,'16571091',1,147,5,'C','A',54,'F',1.38,NULL,NULL),(657,'ANDREA ','CERVANTES FLORES ','2013-08-09',10,41,'15043596',1,187,5,'C','A',69,'F',1.49,NULL,NULL),(658,'CRISTIAN JHORDAN ','ACUÑA ESPINOZA','2012-03-14',11,20,'16341386',1,147,5,'C','E',54,'M',1.2,NULL,NULL),(659,'WALTER THABIT','ENCINAS CHURATA','2012-01-10',11,44.1,'13257905',1,147,5,'C','A',54,'M',1.55,NULL,NULL),(660,'NICOLE ALEJANDRA ','QUISBERT CABALLERO','2010-07-01',13,1,'1',2,119,5,'C','P',46,'F',1,NULL,NULL),(661,'DOUGLAS HUGO','ZELADA','1999-08-27',24,59,'12808483',2,190,5,'C','A',70,'M',1.64,NULL,NULL),(662,'JOSUE ERNESTO','MERCADO RIVERO','2005-10-10',18,57.4,'12343151',2,195,5,'C','A',72,'M',1.7,NULL,NULL),(663,'CALEB BENJAMIN','CAMPUZANO ESPINOZA','2012-01-27',11,61.3,'15985724',1,186,5,'C','P',69,'M',1.57,NULL,NULL),(664,'DIEGO ORLANDO ','MAITA VASQUEZ','2012-01-03',11,33.3,'14357959',1,187,5,'C','A',69,'M',1.37,NULL,NULL),(665,'JOSEPH','JALDIN VALLEJOS','2012-11-11',11,39.5,'15429159',1,188,5,'C','A',70,'M',1.39,NULL,NULL),(666,'VANIA ','QUISPE RIOS ','2012-07-26',11,39,'14735067',1,189,5,'C','A',70,'F',1.44,NULL,NULL),(667,'JHOMAR ','LOPEZ ANTEZANA','2011-09-14',12,68.8,'14699993',1,146,5,'C','E',54,'M',1.68,NULL,NULL),(668,'LUIS FERNANDO','ZOTO RONDAN','2010-09-03',13,54.1,'14512071',1,146,5,'C','A',54,'M',1.56,NULL,NULL),(669,'LUDWING GERMAN','ACUÑA ESPINOZA','2010-04-11',13,49.7,'16341342',1,147,5,'C','E',54,'M',1.52,NULL,NULL),(670,'MARISEL','LOPEZ SOLIZ','2010-04-22',13,52,'13258192',1,147,5,'C','A',54,'F',1.56,NULL,NULL),(671,'ANAHI JHISEL ','RAMOS VILLARROEL','2010-07-13',13,58.1,'13161815',1,191,5,'C','A',71,'F',1.6,NULL,NULL),(672,'ASSIER ','MIRANDA CRUZ','2009-10-19',14,69.8,'10019764',1,147,5,'C','E',54,'M',1.64,NULL,NULL),(673,'ADRIANA','ZOTO RONDAN','2009-07-07',14,49.2,'14512148',1,147,5,'C','A',54,'F',1.48,NULL,NULL),(674,'NATALIA','AJAILLO LOPEZ','2008-12-16',15,50.2,'14380600',1,147,5,'C','A',54,'F',1.54,NULL,NULL),(675,'JOEL DAVID','TERAN MONTECINOS','2008-12-29',15,40,'14123258',1,191,5,'C','E',71,'M',1.58,NULL,NULL),(676,'ALISON THAIS ','MAMANI TORREZ','2008-06-20',15,58,'13260665',1,193,5,'C','A',72,'F',1.65,NULL,NULL),(677,'SHEILA ','OLIVERA CHOQUE','2008-11-16',15,59.6,'13465201',1,193,5,'C','A',72,'F',1.66,NULL,NULL),(678,'LESLY JAZMIN','HERRERA QUISPE','2006-07-25',17,43.7,'9533086',1,185,5,'C','A',69,'F',1.51,NULL,NULL),(679,'VALERY REYCHEL ','GUAMAN ZENTENO','2005-12-28',18,60.3,'9488322',1,188,5,'C','A',70,'F',1.59,NULL,NULL),(680,'MAYUMI TATIANA',' FERNANDEZ LAFUENTE','2004-12-30',19,55.8,'12494610',1,191,5,'C','A',71,'F',1.58,NULL,NULL),(681,'MELINA SHARAI ','TRUJILLO MENDOZA','1999-11-30',24,61.5,'9309733',1,193,5,'C','A',72,'F',1.62,NULL,NULL),(682,'JHIOVANA','VILLARROEL ROCHA','1981-09-15',42,72.3,'527663',1,186,5,'C','A',69,'F',1.56,NULL,NULL),(683,'DANY JAMER','MIRANDA CRUZ','2007-01-22',16,70.6,'8773425',1,147,5,'C','E',54,'M',1.7,NULL,NULL),(684,'DEMIAN ALBERT','VARGAS MEDRANO','2005-04-02',18,60.1,'12555381',1,147,5,'C','A',54,'M',1.73,NULL,NULL),(685,'JHIM ANGELO','ARIAS HINOJOSA','2005-03-16',18,85.3,'7402901',1,186,5,'C','A',69,'M',1.82,NULL,NULL),(686,'JOSE ARMANDO','SARABIA MIGUEL','2005-11-08',18,72.6,'12463119',1,191,5,'C','A',71,'M',1.72,NULL,NULL),(687,'CLAUDIO DIEGO ','ENCINAS CHURATA','2003-03-21',20,49,'12905198',1,193,5,'C','A',72,'M',1.57,NULL,NULL),(688,'MARCELINO REINALDO','QUELALI ROCHA','2001-04-22',22,75.3,'8696325',1,193,5,'C','A',72,'M',1.71,NULL,NULL),(689,'ADRIAN RODRIGO','CHOQUEVILLCA CAMACHO','1986-12-15',37,105,'6402857',1,196,5,'C','E',72,'M',1.7,NULL,NULL),(690,'RICARDO ENRIQUE','RAMOS MOSCOSO','1982-04-18',41,107.3,'1223181',1,186,5,'C','A',69,'M',1.7,NULL,NULL),(691,'ALEXIA CATALINA','OMONTE RIVAS','2015-08-05',8,10,'14829243',1,188,5,'C','A',70,'F',1,NULL,NULL),(692,'ADRIANO MATEO','OMONTE RIVAS','2011-04-15',12,47.5,'14829275',1,188,5,'C','A',70,'M',1.54,NULL,NULL),(693,'ETHAN','JHALIL MARQUEZ','2013-09-05',10,40,'12946060',6,162,5,'P','A',58,'M',1.2,NULL,NULL),(694,'LUCIANE VALESKA ','OMONTE RIVAS','2008-07-27',15,53,'14829174',1,188,5,'C','A',70,'F',1.6,NULL,NULL),(695,'SAMI','CROITORU GRUBERG','2016-07-22',7,22.5,'00000',8,147,5,'C','P',54,'M',100,NULL,NULL),(696,'JOSTIN CEDRIC ','VIDAL MONSE ','2009-10-22',14,1,'1',2,163,5,'P','A',59,'M',1,NULL,NULL),(697,'BRITHANY DANNA','QUISPE PADILLA','2015-11-30',8,25,'15877998',13,147,5,'C','A',54,'F',80,NULL,NULL),(698,'GAEL REMI','HINOJOSA BALLESTEROS','2018-04-18',5,20,'15246201',13,146,5,'C','A',54,'M',70,NULL,NULL),(699,'JOSE MIGUEL','ZEBALLOS FLORES','2009-05-23',14,62.5,'1',2,147,5,'C','A',54,'M',1.68,NULL,NULL),(700,'LEONARD ANTHONY ','LUJAN ROJAS','2003-05-14',20,84,'1',2,193,5,'C','A',72,'M',1.68,NULL,NULL),(701,'PAUL ANDRU','QUISPE PADILLA ','2018-07-12',5,20,'15336790',13,147,5,'C','A',54,'M',60,NULL,NULL),(702,'LINET','VILLEGAS','2011-07-22',12,54,'1',2,146,5,'C','P',54,'F',1,NULL,NULL),(703,'KAYTHLEEN SALOME','VILLARROEL PLAZA','2015-03-24',8,1,'14196954',4,147,5,'C','A',54,'F',1,NULL,NULL),(704,'ALEJANDRA ','HERBAS RODRIGUEZ','2016-04-05',7,1,'14814654',4,147,5,'C','A',54,'F',1,NULL,NULL),(705,'MOISES','RIVERA PAREDES','2014-01-08',9,1,'13534511',4,147,5,'C','A',54,'M',1,NULL,NULL),(706,'VICTOR MANUEL','ANDRADE GUZMAN','2014-10-20',9,1,'15270503',4,187,5,'C','A',69,'M',1,NULL,NULL),(707,'SEBASTIÁN MATEO','CUTILE FLORES','2014-02-27',9,1,'14620857',4,185,5,'C','A',69,'M',1,NULL,NULL),(708,'REYCHEL ','AYAVIRI MARIACA','2014-09-30',9,1,'16072309',4,146,5,'C','A',54,'F',1,NULL,NULL),(709,'ALEJANDRA ','HERBAS RODRIGUEZ','2016-04-05',7,1,'14814654',4,162,5,'P','A',58,'F',1,NULL,NULL),(710,'KAYTHLEEN SALOME','VILLARROEL PLAZA','2015-03-24',8,1,'14196954',4,162,5,'P','A',58,'F',1,NULL,NULL),(711,'ANTONELLA GENESIS','CARDOZO CRUZ','2016-08-06',7,1,'16210074',4,147,5,'C','A',54,'F',1,NULL,NULL),(712,'SEBASTIAN MATEO','CUTILE FLORES','2014-02-27',9,1,'14620857',4,162,5,'P','A',58,'M',1,NULL,NULL),(713,'JORGE FABIÁN ','MELENDRES BENITEZ ','2013-08-30',10,1,'13225122',8,35,5,'C','P',17,'M',1,NULL,NULL),(714,'BRIAN GONZALO','TERÁN ARNEZ','2007-02-11',16,1,'13752921',4,167,5,'P','A',62,'M',1,NULL,NULL),(715,'CHELSIE SAMANTHA','CACERES CASTELLON','2014-05-05',9,1,'14755697',4,186,5,'C','A',69,'F',1,NULL,NULL),(716,'IAN MARCO ','VILLARROEL PLAZA','2009-07-10',14,43.4,'9423620',4,147,5,'C','A',54,'M',1.61,NULL,NULL),(717,'IAN MARCO','VILLARROEL PLAZA ','2009-07-10',14,2,'9423620',4,120,5,'P','P',46,'M',2,NULL,NULL),(718,'TAYLOR LUCAS','VILLARROEL PLAZA','2012-10-30',11,30.6,'13224713',4,147,5,'C','A',54,'M',1.4,NULL,NULL),(719,'TAYLOR LUCAS','VILLARROEL PLAZA ','2012-10-30',11,2,'13224713',4,120,5,'P','P',46,'M',2,NULL,NULL),(720,'BRIAN GONZALO','TERAN ARNEZ','2007-02-11',16,50,'13752921',4,188,5,'C','A',70,'M',1.7,NULL,NULL),(721,'RAUL ADRIÁN ','ALCOBA SOTO','2015-11-09',8,30,'17030528',13,147,5,'C','A',54,'M',50,NULL,NULL),(722,'ROSALBA ','PATTY CHUNGARA','2012-04-14',11,2,'14385297',4,120,5,'C','P',46,'F',2,NULL,NULL),(723,'PABLO ERIK ','ORDOÑEZ BALCAZAR ','2012-02-29',11,48.2,'10988456',4,188,5,'C','A',70,'M',1.59,NULL,NULL),(724,'PABLO ERIK','ORDOÑEZ BALCAZAR','2012-02-02',11,43.2,'10988456',4,4,5,'P','P',2,'M',1.54,NULL,NULL),(725,'ROSALBA ','PATTY CHUNGARA','2012-04-14',11,2,'14385297',4,120,5,'P','P',46,'F',2,NULL,NULL),(726,'JOSÉ EDUARDO','SOTO LOZA','2015-11-05',8,50,'14697902',13,186,5,'C','A',69,'M',60,NULL,NULL),(727,'NATALI ','TERÁN ARNEZ','1997-09-20',26,72,'9509484',4,188,5,'C','A',70,'F',1.69,NULL,NULL),(728,'SANTIAGO NICOLAS','HERBAS RODRIGUEZ ','2010-11-07',13,52.2,'9503255',4,147,5,'C','A',54,'M',1.67,NULL,NULL),(729,'SANTIAGO NICOLÁS ','HERBAS RODRÍGUEZ ','2010-11-07',13,2,'9503255',4,162,5,'P','A',58,'M',2,NULL,NULL),(730,'DULCE GABRIEL ','ALEMÁN RODRÍGUEZ','2010-12-15',13,47.3,'12504066',4,186,5,'C','A',69,'F',165,NULL,NULL),(731,'DULCE GABRIEL ','ALEMÁN RODRÍGUEZ','2010-12-15',13,30,'12504066',4,121,5,'P','A',48,'F',160,NULL,NULL),(732,'ANGEL SANTIAGO ','ALEMÁN RODRÍGUEZ ','2013-01-22',10,65.6,'12953580',4,186,5,'C','A',69,'M',1.56,NULL,NULL),(733,'ANGEL SANTIAGO ','ALEMÁN RODRÍGUEZ ','2013-01-22',10,55,'12953580',4,164,5,'P','A',60,'M',145,NULL,NULL),(734,'NICOLAS','MERCADO MARAÑON ','1998-08-14',25,63.5,'8831568',4,192,5,'C','A',71,'M',1.64,NULL,NULL),(735,'FABIOLA','MERCADO MARAÑÓN ','1993-08-09',30,53.8,'8831564',4,193,5,'C','A',72,'F',1.54,NULL,NULL),(736,'TOMAS','ANDIA MERCADO','2016-08-02',7,1,'14743946',4,147,5,'C','A',54,'M',1,NULL,NULL),(737,'RAMIRO DASTAN','MORALES ALANOCA','2010-12-09',13,48.4,'16382487',4,192,5,'C','A',71,'M',1.64,NULL,NULL),(738,'DARÁ YAZMIN','MOYA GIMENEZ','2017-09-21',6,40,'1596448',13,185,5,'C','A',69,'F',50,NULL,NULL),(739,'DARÁ YAZMIN','MOYA GIMENEZ ','2017-09-21',6,40,'1537858',13,163,5,'P','A',59,'F',60,NULL,NULL),(740,'BRUNO ALEXANDER','SOLIZ VIAMONT','2017-04-01',6,30,'16556145',13,146,5,'C','A',54,'M',50,NULL,NULL),(741,'CRYSTHOFER BRANDON','SOLIZ VIAMONT ','2014-08-24',9,80,'15587405',13,146,5,'C','A',54,'M',90,NULL,NULL),(742,'MIKAELA ARACELI','AGUILAR ZUBIETA','2004-03-15',19,49.4,'9483436',2,195,5,'C','A',72,'F',1.57,NULL,NULL),(743,'MIKAELA ARACELI','AGUILAR ZUBIETA','2004-03-15',19,49.3,'9483436',2,173,5,'P','A',64,'F',1.56,NULL,NULL),(744,'ALEX EMANUEL','MAMANI MOLINA ','2016-11-26',7,40,'15290111',13,146,5,'C','A',54,'M',40,NULL,NULL),(745,'BRIGHAM','PÉREZ MUÑOZ','2018-10-08',5,30,'15443520',13,146,5,'C','A',54,'M',50,NULL,NULL),(746,'MIGUEL ANGEL ','QUISPE QUISPE','2011-10-24',12,39.5,'16037123',13,147,5,'C','A',54,'M',1.45,NULL,NULL),(747,'MIGUEL ANGEL ','QUISPE QUISPE','2011-10-24',12,1,'16037123',13,162,5,'P','A',58,'M',1,NULL,NULL),(748,'ALFREDO','JANCKO LAKA','2005-11-10',18,1,'8036583',3,162,5,'P','A',58,'M',1,NULL,NULL),(749,'ALFREDO','JANCKO LAKA','2005-11-10',18,74.4,'8036583',3,147,5,'C','A',54,'M',1.74,NULL,NULL),(750,'SHERLYN JHANETH','HINOJOSA BALLESTEROS','2012-10-18',11,42.7,'16904401',13,147,5,'C','A',54,'F',1.49,NULL,NULL),(751,'WALTER THABIT','ENCINAS CHURATA','2012-01-10',11,1,'13257905',1,163,5,'P','A',59,'M',1,NULL,NULL),(752,'JOSE MIGUEL ','ZEBALLOS FLORES','2009-03-20',14,1,'13292686',2,162,5,'P','A',58,'M',1,NULL,NULL),(753,'NELLY','GALARZA SALAS','2015-07-07',8,20,'15298649',11,191,5,'C','A',71,'F',120,NULL,NULL),(754,'NEYMAR','RIOS PRADO','2011-09-06',12,1,'14382313',11,163,5,'P','E',59,'M',1,NULL,NULL),(755,'NICOLAS MARIO','LOPEZ PEREZ','2009-03-18',14,50.8,'13228232',13,146,5,'C','A',54,'M',1.56,NULL,NULL),(756,'NEYMAR','RIOS PRADO','2011-09-06',12,46.8,'14382313',11,185,5,'C','A',69,'M',1.47,NULL,NULL),(757,'JESUS CARLOS','MANSILLA RIVERA','2014-04-01',9,1,'14059964',3,191,5,'C','A',71,'M',1,NULL,NULL),(758,'BRIANA','GARCIA ESPINOZA','2011-01-01',13,50.8,'12402061',3,193,5,'C','A',72,'F',1.57,NULL,NULL),(759,'BRIANA ','GARCIA ESPINOZA','2011-01-01',13,46.8,'12402061',3,11,5,'P','A',5,'F',1.55,NULL,NULL),(760,'EZEQUIAS SHELEN ','ILLANES ARTEGA','2011-05-11',12,39.7,'15245979',2,186,5,'C','A',69,'M',1.39,NULL,NULL),(761,'IAN MARCO','VILLARROEL PLAZA ','2009-07-10',14,2,'9423620',4,162,5,'P','A',58,'M',2,NULL,NULL),(762,'TAYLOR LUCAS','VILLARROEL PLAZA ','2012-10-30',11,2,'13224713',4,162,5,'P','A',58,'M',2,NULL,NULL),(763,'LUZ AYLIN','MAMANI MOLINA','2015-07-21',8,40,'15290068',13,146,5,'C','A',54,'F',50,NULL,NULL),(764,'DILAN ARON','SANCHEZ MAMANI','2005-12-09',18,58.8,'9996023',2,169,5,'P','P',63,'M',1.64,NULL,NULL),(765,'OLIVER NICOLAS','JUANEZ HERBAS','2010-03-04',13,55.7,'9507708',3,193,5,'C','A',72,'M',1.67,NULL,NULL),(766,'DILAN ARON MAURICIO ','SANCHEZ MAMANI','2005-09-12',18,57.8,'9996023',2,191,5,'C','A',71,'M',1.64,NULL,NULL),(767,'VICTOR HUGO','CACHI FLORES','1996-12-24',27,52.8,'8696769',11,185,5,'C','A',69,'M',1.63,NULL,NULL),(768,'GUSTAVO ALEX','MONTEIRO DA SILVA','2010-07-06',13,1,'10755915',5,168,5,'P','A',62,'M',1,NULL,NULL),(769,'NELLY ','GALARZA SALAS','2015-07-07',8,1,'15298649',11,191,5,'C','E',71,'F',1,NULL,NULL),(770,'DAVID ARIEL','LIJERON FERNANDEZ','2001-04-06',22,1,'7962178',5,173,5,'P','A',64,'M',1,NULL,NULL),(771,'SERGIO','GALARZA BECERRA','1998-10-15',25,61.1,'8815143',11,194,5,'C','A',72,'M',1.64,NULL,NULL),(772,'ZOE TAIZ','MAMANI HERBAS','2015-06-21',8,22,'15721501',3,146,5,'C','A',54,'F',1,NULL,NULL),(773,'ARIANA NOELIA ','PINTO ROMERO','2012-12-21',11,45,'14695867',4,165,5,'P','A',60,'F',1.34,NULL,NULL),(774,'MARCO ARTURO','PINEDA VELÁSQUEZ','2001-05-31',22,1,'e-11604347',3,171,5,'P','A',64,'M',1,NULL,NULL),(775,'LUIS ANGEL','CADIMA YAVI','2010-12-24',14,1,'6402857',1,199,6,'C','E',73,'M',1,NULL,NULL),(776,'RICARDO ENRIQUE ','RAMOS MOSCOSO','1982-04-18',41,106,'5223181',1,222,6,'C','A',83,'M',1.69,NULL,NULL),(777,'JUAN ','CORTES SILVA','1975-01-26',49,87.6,'0000001',15,228,6,'C','E',86,'M',1.75,NULL,NULL),(778,'CISSA','CONDORI LOPEZ','2015-08-26',9,21.4,'15916016',14,226,6,'C','A',85,'F',1.28,NULL,NULL),(779,'BRIGITTE JHULIANA','MOROCO FLORES','2010-03-05',14,51.9,'14829204',14,227,6,'C','A',85,'F',1.55,NULL,NULL),(780,'NAYELI','MERIDA ZAMBRANA','2005-11-07',19,70.7,'14583833',14,221,6,'C','A',83,'F',1.54,NULL,NULL),(781,'SERGIO','GALARZA BECERRA ','1998-10-15',26,60.4,'8815143',11,229,6,'C','A',86,'M',1.65,NULL,NULL),(782,'NELLY ','GALARZA SALAS','2015-07-07',9,22.2,'15298649',11,226,6,'C','A',85,'F',1.23,NULL,NULL),(783,'CELINA ','CUSI QUISPE ','2009-10-31',15,48.65,'14761571',13,220,6,'C','A',83,'F',1.63,NULL,NULL),(784,'BRIGHAM ','PÉREZ MUÑOZ ','2018-10-08',6,21.3,'15443520',13,199,6,'C','A',73,'M',1.14,NULL,NULL),(785,'MAIREN GARDENIA ','DELGADILLO ALARCÓN ','2009-11-11',15,53.55,'10981341',13,198,6,'C','A',73,'F',1.57,NULL,NULL),(786,'CALEB BRANDON ','TORRICO JALLASI','2017-08-05',7,27.9,'16585198',13,199,6,'C','A',73,'M',1.19,NULL,NULL),(787,'NAOMY ','VÁSQUEZ MONTAÑO ','2010-06-24',14,51.15,'9458975',13,220,6,'C','A',83,'F',1.6,NULL,NULL),(788,'SHERLYN JANETH ','HINOJOSA BALLESTEROS ','2012-10-18',12,43,'16904401',13,220,6,'C','A',83,'F',1.49,NULL,NULL),(789,'VICTOR HUGO ','CACHI FLORES','1996-12-24',28,50.9,'8696769',11,221,6,'C','A',83,'M',1.62,NULL,NULL),(790,'BRITHANY DANNA','QUISPE PADILLA ','2015-11-30',9,34.6,'15877998',13,220,6,'C','A',83,'F',1.33,NULL,NULL),(791,'PAUL ANDRU','QUISPE PADILLA ','2018-07-12',6,19.5,'15336790',13,220,6,'C','A',83,'M',1.1,NULL,NULL),(792,'GAEL REMI ','HINOJOSA BALLESTEROS ','2018-04-18',6,22.2,'15246201',13,199,6,'C','A',73,'M',1.15,NULL,NULL),(793,'ÁLEX EMANUEL ','MAMANÍ MOLINA ','2016-11-26',8,26.45,'15290111',13,198,6,'C','A',73,'M',1.2,NULL,NULL),(794,'AYNETH ROUSEY','MAMANÍ MOLINA ','2013-03-30',11,61.1,'15290032',13,198,6,'C','A',73,'F',1.44,NULL,NULL),(795,'NICOLÁS MARIO ','LÓPEZ PÉREZ ','2009-03-18',15,52,'13228232',13,198,6,'C','A',73,'M',1.56,NULL,NULL),(796,'LUZ AYLIN ','MAMANÍ MOLINA ','2015-07-21',9,32.15,'15290068',13,198,6,'C','A',73,'F',1.24,NULL,NULL),(797,'NICOLÁS SEBASTIAN ','GUTIÉRREZ ','2009-02-18',15,70.4,'49311185',13,198,6,'C','A',73,'M',1.72,NULL,NULL),(798,'MIGUEL ÁNGEL ','QUISPE QUISPE ','2011-10-24',13,42.25,'16037123',13,220,6,'C','A',83,'M',1.45,NULL,NULL),(799,'ELMAR MATÍAS ','ROJAS SOTO ','2013-08-21',11,28.45,'16893751',13,221,6,'C','A',83,'M',1.37,NULL,NULL),(800,'LEONARDO ','ROJAS SOTO ','2016-11-17',8,23.75,'16893773',13,221,6,'C','A',83,'M',1.15,NULL,NULL),(801,'THYAGO DIDIER ','MELENDEZ YARVI','2009-04-24',15,58.5,'1255652',1,198,6,'C','A',73,'M',1.67,NULL,NULL),(802,'MAYA AYLEN','MAMANI MERCADO','2017-10-25',7,39.8,'16689915',1,220,6,'C','A',83,'F',1.2,NULL,NULL),(803,'VANIA ','QUISPE RIOS ','2012-07-26',11,40,'14735067',1,225,6,'C','A',84,'F',1.46,NULL,NULL),(804,'VANIA ','QUISPE RIOS ','2012-07-26',11,35,'14735067',1,241,6,'P','A',77,'F',1.3,NULL,NULL),(805,'EYMI ALEXIA','ARGOTE AVIS','2014-08-18',10,30.1,'15391490',14,221,6,'C','A',83,'F',1.31,NULL,NULL),(806,'ARIANE GUADALUPE','CADIMA YAVI','2015-12-18',9,1,'1601845',1,236,6,'P','A',74,'F',1,NULL,NULL),(807,'ARIANE GUADALUPE','CADIMA YAVI','2015-12-18',9,29.7,'16091845',1,199,6,'C','A',73,'F',1.25,NULL,NULL),(808,'MARCOS EDUARDO','ARGOTE AVIS','2011-11-03',13,59.8,'15391469',14,221,6,'C','A',83,'M',1.65,NULL,NULL),(809,'LUIS ANGEL','CADIMA YAVI','2010-12-24',14,60.4,'13035686',1,199,6,'C','A',73,'M',1.68,NULL,NULL),(810,'LUIS ANGEL','CADIMA YAVI','2010-12-24',14,1,'13035686',1,236,6,'P','A',74,'M',1,NULL,NULL),(811,'ALEXANDER ','ÁLVAREZ PARDO','2008-11-30',16,63.4,'00001',13,198,6,'C','A',73,'M',1.72,NULL,NULL),(812,'ALBERT ALEJANDRO','CANAPI FLORES','2017-09-27',7,23,'15477173',1,199,6,'C','A',73,'M',1.23,NULL,NULL),(813,'ROBERTO CARLOS','BALDERRAMA MARCA','2009-11-28',15,56.2,'9465589',14,198,6,'C','A',73,'M',1.66,NULL,NULL),(814,'ANDREA','CERVANTES FLORES','2013-08-09',10,41.8,'15043596',1,223,6,'C','A',84,'F',1.51,NULL,NULL),(815,'ANDREA ','CERVANTES FLORES ','2013-08-09',10,39.7,'15043596',1,205,6,'P','A',77,'F',1.4,NULL,NULL),(816,'ANAHI JHISEL ','RAMOS VILLARROEL','2010-07-13',13,57.1,'13161815',1,226,6,'C','A',85,'F',1.61,NULL,NULL),(817,'ANAHI JHISEL ','RAMOS VILLARROEL','2010-07-13',13,56.3,'13161815',1,242,6,'P','A',79,'F',1.6,NULL,NULL),(818,'ALISON THAIS ','MAMANI TORREZ','2008-06-20',15,65.7,'13260665',1,228,6,'C','A',86,'F',1.65,NULL,NULL),(819,'ALISON THAIS ','MAMANI TORREZ','2008-06-20',15,1,'13260665',1,0,6,'C','E',0,'F',1,NULL,NULL),(820,'ALISON THAIS ','MAMANI TORREZ','2008-06-20',15,1,'13260665',1,210,6,'P','A',80,'F',1,NULL,NULL),(821,'JHIOVANA','VILLARROEL ROCHA','1981-09-15',42,70.4,'5276623',1,222,6,'C','A',83,'F',1.55,NULL,NULL),(822,'JOSE DILAN','SALAZAR FUENTES','2008-07-04',16,70,'13160745',14,226,6,'C','A',85,'M',1.7,NULL,NULL),(823,'JHAIR EDSON ','QUISPE FERNANDEZ','2014-01-05',10,44,'15386850',1,227,6,'C','A',85,'M',1.4,NULL,NULL),(824,'JHAIR EDSON ','QUISPE FERNANDEZ','2014-01-05',10,1,'15386850',1,243,6,'P','E',79,'M',1,NULL,NULL),(825,'JHAIR EDSON ','QUISPE FERNANDEZ','2014-01-05',10,1,'15386850',1,243,6,'P','A',79,'M',1,NULL,NULL),(826,'BRYAN SANTIAGO ','VIDAURRE CALLE ','2010-08-19',14,53.2,'13943826',11,221,6,'C','A',83,'M',1.67,NULL,NULL),(827,'JHEFERSON ','QUISPE FERNANDEZ','2017-08-30',7,1,'1511262',1,198,6,'C','A',73,'M',1,NULL,NULL),(828,'JHOMAR ','LOPEZ ANTEZANA','2009-09-14',15,60.6,'14699993',1,199,6,'C','A',73,'M',1.7,NULL,NULL),(829,'MARISEL','LOPEZ SOLIZ','2010-04-22',13,54.1,'13258192',1,220,6,'C','A',83,'F',1.56,NULL,NULL),(830,'MARISEL','LOPEZ SOLIZ','2010-04-22',13,52,'13258192',1,237,6,'P','A',76,'F',1.56,NULL,NULL),(831,'LESLY JAZMIN','HERRERA QUISPE','2006-07-25',17,1,'9533086',1,238,6,'P','A',76,'F',1,NULL,NULL),(832,'ANELIS GUADALUPE','FLORES ORTUÑO','2014-02-21',10,46.3,'16351771',1,199,6,'C','A',73,'F',1.42,NULL,NULL),(833,'RAÚL ADRIAN ','ALCOBA SOTO','2015-11-09',9,25,'17030528',13,220,6,'C','A',83,'M',1.2,NULL,NULL),(834,'ANELIS GUADALUPE','FLORES ORTUÑO','2014-02-21',10,1,'16351771',1,236,6,'P','A',74,'F',1,NULL,NULL),(835,'JHISSEL ORIANA','TRUJILLO CARREÑO','2008-11-20',16,1,'13259492',1,237,6,'P','A',76,'F',1,NULL,NULL),(836,'JOSÉ EDUARDO ','SOTO LOZA ','2015-11-05',9,22,'14697902',13,222,6,'C','A',83,'M',1.23,NULL,NULL),(837,'JHISSEL ORIANA ','TRUJILLO CARREÑO','2008-11-20',16,50.8,'13259492',1,220,6,'C','A',83,'F',1.49,NULL,NULL),(838,'JAZMIN ANDREA ','FLORES ORTUÑO','2017-05-30',7,37.7,'16351805',1,198,6,'C','A',73,'F',1.3,NULL,NULL),(839,'PATRICK JOSUE','PARRA BELLOTT','2005-11-17',19,78.2,'13996865',14,224,6,'C','A',84,'M',1.64,NULL,NULL),(840,'JHOAN','ROCHA CRUZ','2008-11-14',16,76.1,'15431765',11,223,6,'C','A',84,'M',1.73,NULL,NULL),(841,'ANDREHINA ','CLAROS CAVEROS','2008-04-28',16,54,'14515436',11,198,6,'C','A',73,'F',1.55,NULL,NULL),(842,'JHOSELIN ','VEGAMONTE ENRRIQUEZ','2011-03-28',13,42.5,'12431013',11,198,6,'C','A',73,'F',1.49,NULL,NULL),(843,'DANITZA','COCA ARRASCAIN','2010-03-01',14,49.1,'14516843',11,198,6,'C','A',73,'F',1.54,NULL,NULL),(844,'JHENNY ESTHER ','AYMAYA LAZARO','2014-01-12',10,27.5,'15544518',11,220,6,'C','A',83,'F',1.3,NULL,NULL),(845,'JHOSELIN','MITTA MENESES','2008-06-26',15,47.1,'13260360',11,223,6,'C','A',84,'F',1.57,NULL,NULL),(846,'JHOSELIN','MITTA MENESES','2008-06-26',15,54,'13260360',11,237,6,'P','A',76,'F',1.64,NULL,NULL),(847,'MARIAN FILOMENA ','ARIAS HINOJOSA','2003-06-27',21,53.7,'7402921',1,224,6,'C','A',84,'F',1.6,NULL,NULL),(848,'ANELY AKEMI','ZAPATA GIACOMAN','2017-05-26',7,22.2,'15514945',14,198,6,'C','A',73,'F',1.15,NULL,NULL),(849,'EYMI ALEXIA','ARGOTE AVIS','2014-08-18',10,30.1,'15391490',14,238,6,'P','A',76,'F',1.31,NULL,NULL),(850,'LUIS ANDRES','CORO BERAMENDI','2009-01-26',15,90.7,'9532546',1,222,6,'C','A',83,'M',1.67,NULL,NULL),(851,'SHIRLEY KATERIN','LEON AGUILAR','2012-07-11',12,50,'14447235',1,199,6,'C','A',73,'F',1.53,NULL,NULL),(852,'EMILY LUCIA','ESPINOZA DE LA FUENTE','2013-10-14',10,47.7,'14735701',1,199,6,'C','A',73,'F',1.48,NULL,NULL),(853,'LUZ MELJHAIRA ','HUARACHI MAMANI ','2016-05-22',8,21.1,'15642416',11,199,6,'C','A',73,'F',1.21,NULL,NULL),(854,'JEFFREY THIAGO ','PATZI MAMANI','2015-03-16',9,27.9,'0000001',1,198,6,'C','A',73,'M',1.24,NULL,NULL),(855,'JHIM ANGELO','ARIAS HINOJOSA','2005-03-16',18,84.3,'7402901',1,222,6,'C','A',83,'M',1.82,NULL,NULL),(856,'LUDWING GERMAN','ACUÑA ESPINOZA','2010-04-11',14,50.8,'16341342',1,220,6,'C','A',83,'M',1.54,NULL,NULL),(857,'CRISTIAN JHORDAN ','ACUÑA ESPINOZA','2012-03-14',12,34.4,'16341386',1,220,6,'C','A',83,'M',1.4,NULL,NULL),(858,'DEYLI LUCERO','BALDERRAMA GUTIERREZ','2011-09-14',13,41.8,'1358977',1,198,6,'C','A',73,'F',1.58,NULL,NULL),(859,'DEYLI LUCERO','BALDERRAMA GUTIERREZ','2011-09-14',13,1,'13258977',1,235,6,'P','A',74,'F',1,NULL,NULL),(860,'LITZI','MOROCO MENDIETA','2013-01-06',11,28.2,'16245999',14,242,6,'P','A',79,'F',1.31,NULL,NULL),(861,'ASSIER','MIRANDA CRUZ','2009-10-19',15,70.1,'10019764',1,220,6,'C','A',83,'M',1.64,NULL,NULL),(862,'DANY JAMER ','MIRANDA CRUZ','2007-01-22',17,69.8,'8773425',1,220,6,'C','A',83,'M',1.7,NULL,NULL),(863,'LITZI','MOROCO MENDIETA','2013-01-06',11,28.2,'16245999',14,226,6,'C','A',85,'F',1.31,NULL,NULL),(864,'HASLEY AMBAR ','MONTAÑO ORTUÑO','2019-07-20',5,22.7,'16031637',1,198,6,'C','A',73,'F',1.14,NULL,NULL),(865,'GABRIELA ALEJANDRA ','VEGA GUAYNOCA','2013-11-26',11,30.7,'15004174',1,199,6,'C','A',73,'F',1.31,NULL,NULL),(866,'MELANY','VARGAS GUTIERREZ','2010-11-28',14,56.7,'12905817',1,198,6,'C','A',73,'F',1.53,NULL,NULL),(867,'HASIEL ISAAC','ALVAREZ MALDONADO','2016-10-03',8,24.3,'16190425',1,198,6,'C','A',73,'M',1.2,NULL,NULL),(868,'LUZ CAMILA','LEON NOYA','2010-04-25',14,57,'12869218',1,199,6,'C','A',73,'F',1.53,NULL,NULL),(869,'SERGIO','GALARZA BECERRA','1998-10-15',25,65,'8815143',11,0,6,'C','E',0,'M',4,NULL,NULL),(870,'SERGIO','GALARZA BECERRA','1998-10-15',25,65,'8815143',11,211,6,'P','A',80,'M',4,NULL,NULL),(871,'MAYUMI TATIANA',' FERNANDEZ LAFUENTE','2004-12-30',19,56,'12494610',1,226,6,'C','A',85,'F',1.58,NULL,NULL),(872,'MAYUMI TATIANA',' FERNANDEZ LAFUENTE','2004-12-30',19,55.8,'12494610',1,242,6,'P','A',79,'F',1.58,NULL,NULL),(873,'JHANDY MISHEL','MACIAS PEREZ','2017-01-28',7,22.2,'6090102',1,198,6,'C','A',73,'F',1.2,NULL,NULL),(874,'VALENTINA CLAUDIA ','VARGAS VILLARROEL','2018-04-05',6,1,'15520498',1,198,6,'C','A',73,'F',1,NULL,NULL),(875,'VALERIA CATALEYA ','VARGAS VILLARROEL','2020-06-06',4,1,'0000002',1,198,6,'C','A',73,'F',1,NULL,NULL),(876,'ASHLYN VALERY','RUIZ BARROSA','2020-02-13',4,1,'0000003',1,198,6,'C','A',73,'F',1,NULL,NULL),(877,'SAMANTA MIA ','SHIMOKAWA MAMANI','2017-01-16',7,1,'14866004',1,220,6,'C','A',83,'F',1,NULL,NULL),(878,'GABRIELA GISEL','MAMANI DIAZ','2014-09-06',10,31.3,'16558357',1,199,6,'C','A',73,'F',1.44,NULL,NULL),(879,'MAETO RICARDO','VARGAS RIOS','2014-05-06',10,33.6,'0000004',1,198,6,'C','A',73,'M',1.37,NULL,NULL),(880,'MARIA CECILIA','ROMERO NINA ','2015-05-05',9,27,'0000005',1,198,6,'C','A',73,'F',1.29,NULL,NULL),(881,'VALERY REYCHEL','GUAMAN ZENTENO','2005-12-28',18,60.1,'9488322',1,223,6,'C','A',84,'F',1.62,NULL,NULL),(882,'VALERY REYCHEL','GUAMAN ZENTENO','2005-12-28',18,58.5,'9488322',1,205,6,'P','A',77,'F',1.59,NULL,NULL),(883,'BRIANA ISABELA ','OMONTE RIVAS','2018-12-15',6,1,'17185435',1,198,6,'C','A',73,'F',1,NULL,NULL),(884,'ADRIANO MATEO','OMONTE RIVAS','2011-04-15',12,49.7,'14829275',1,224,6,'C','A',84,'M',1.56,NULL,NULL),(885,'LUCIANE VALESKA ','OMONTE RIVAS','2008-07-27',15,53.7,'14829174',1,224,6,'C','A',84,'F',1.61,NULL,NULL),(886,'ALEXIA CATALINA ','OMONTE RIVAS','2015-08-05',8,22.7,'14829243',1,224,6,'C','A',84,'F',1.18,NULL,NULL),(887,'ALEXIA CATALINA ','OMONTE RIVAS','2015-08-05',8,17,'14829243',1,240,6,'P','A',77,'F',1.2,NULL,NULL),(888,'JOSEPH','JALDIN VALLEJOS','2012-11-11',11,39.7,'15429159',1,224,6,'C','A',84,'M',1.4,NULL,NULL),(889,'AARON SANTIAGO ','VELIZ','2014-08-17',10,48.6,'16013530',11,198,6,'C','A',73,'M',1.42,NULL,NULL),(890,'SEBASTIAN ','PARDO SOTO','2015-11-21',9,27.5,'15829836',11,198,6,'C','A',73,'M',1.31,NULL,NULL),(891,'AARON URIEL ','ENRIQUEZ FUENTES ','2018-07-31',6,22.2,'15357303',11,199,6,'C','A',73,'M',1.28,NULL,NULL),(892,'NELLY ','GALARZA SALAS','2015-07-07',9,22.2,'15298649',11,242,6,'P','A',79,'F',1.23,NULL,NULL),(893,'SHEILA ','OLIVERA CHOQUE','2008-11-16',15,59.6,'13465201',1,228,6,'C','A',86,'F',1.66,NULL,NULL),(894,'SAMUEL MAIKEL','RODRIGUEZ GALLARGO','2008-07-18',16,58,'00002',13,198,6,'C','A',73,'M',1.71,NULL,NULL),(895,'ANDRES JHERSSON','QUELALI ROCHA','2002-10-25',21,79,'8696331',1,228,6,'C','A',86,'M',1.7,NULL,NULL),(896,'JULIO','ARMANDO','1996-07-22',28,49,'1234567',15,270,7,'C','E',98,'M',1.5,NULL,NULL),(897,'JULIO','ARMANDO','1996-07-22',28,49,'1234567',15,283,7,'P','E',103,'M',1.5,NULL,NULL),(898,'JULIO','ARMANDO','1996-07-05',28,49.1,'1234567',15,270,7,'C','E',98,'M',1.7,NULL,NULL),(899,'JULIO','ARMANDO','1996-07-05',28,49.1,'1234567',15,283,7,'P','E',103,'M',1.7,NULL,NULL),(900,'JULIO','ARMANDO','1998-07-02',26,48.1,'1234567',15,270,7,'C','E',98,'M',1.7,NULL,NULL),(901,'JULIO','ARMANDO','1998-07-02',26,48.1,'1234567',15,283,7,'P','E',103,'M',1.7,NULL,NULL),(902,'JULIO','ARMANDO','1996-07-02',28,49.1,'1234567',15,270,7,'C','E',98,'M',1.7,NULL,NULL),(903,'JULIO','ARMANDO','1996-07-02',28,49.1,'1234567',15,283,7,'P','E',103,'M',1.7,NULL,NULL),(904,'TARSILA ','LOPEZ SUXO','2009-11-10',15,48,'8484633',17,281,7,'P','A',101,'F',1.67,NULL,NULL),(905,'ABEL ISRAEL','BRAVO MERCADO','1997-09-01',30,79.9,'9323240',16,277,7,'C','A',100,'M',184,NULL,NULL),(906,'TIFFANY KAY','CABALLERO PEREZ','2008-02-18',16,1,'9454341',16,293,7,'P','E',107,'F',162,NULL,NULL),(907,'SARAH KATE','CABALLERO PEREZ','2015-01-18',9,38,'14817690',16,284,7,'P','E',103,'F',138,NULL,NULL),(908,'ETHAN SANTIAGO','VILLARROEL PARDO','2017-12-09',7,24,'16273383',17,279,7,'C','E',101,'M',1.1,NULL,NULL),(909,'ETHAN SANTIAGO','VILLARROEL PARDO','2017-12-09',7,29,'16273383',17,266,7,'C','A',97,'M',1.2,NULL,NULL),(910,'AINOA MADELEN','ESCOBAR CANAVIRI','2010-07-17',14,66.1,'14038128',17,244,7,'C','A',87,'F',1.58,NULL,NULL),(911,'KIARA ','POLO DE ACHA','2013-12-02',11,32,'13418840',16,268,7,'C','A',97,'F',140,NULL,NULL),(912,'RAFAELA','POLO DE ACHA','2016-09-26',8,1,'14697601',16,267,7,'C','A',97,'F',125,NULL,NULL),(913,'JOAQUIN ','CARVAJAL MEAVE','2017-03-22',7,26,'15498186',16,267,7,'C','E',97,'M',115,NULL,NULL),(914,'SHEYLA DAYANA ','VILLARROEL  PACHECO','2012-02-15',12,1,'15778508',16,279,7,'P','E',101,'F',160,NULL,NULL),(915,'NADIA NICOL','TORRICO SANCHES','2007-09-06',17,1,'13718827',16,247,7,'P','E',88,'F',157,NULL,NULL),(916,'VALERIA ESTEFANIA','RODRIGUEZ','1985-10-07',39,72,'5190015',16,292,7,'P','E',107,'F',155,NULL,NULL),(917,'ALEX PAUL','CONDORI CABEZAS','2006-08-27',18,57,'13524997',16,272,7,'C','A',99,'M',170,NULL,NULL),(918,'ABEL RONNY','CONDORI CABEZAS','2005-09-23',19,70,'13893455',16,272,7,'C','A',99,'M',170,NULL,NULL),(919,'ALEJANDRA NOEMI','CAMACHO REYES','2010-10-13',14,1,'12747978',16,284,7,'P','A',103,'F',170,NULL,NULL),(920,'ANTONELLA MICHELLE','RIVERA MOLINA','2009-08-26',15,1,'9470234',16,285,7,'P','A',104,'F',160,NULL,NULL),(921,'KATHERINE RAYSA ','MAMANI PUMA','2006-11-11',18,1,'9493068',16,283,7,'P','A',103,'F',1.65,NULL,NULL),(922,'MARIEL MELANIE','CAMPOS NAVARRO','2011-12-28',13,1,'13130828',16,281,7,'P','E',101,'F',160,NULL,NULL),(923,'JHERSON ','RAMOS SOLIS','2003-09-27',21,78,'9489263',16,244,7,'C','A',87,'M',180,NULL,NULL),(924,'ANDRES GABRIEL','QUINTANILLA MALDONADO','2005-04-01',19,75,'9316401',16,276,7,'C','A',100,'M',180,NULL,NULL),(925,'ARIANA VALESKA','PARDO QUISBERT','2010-03-30',14,48,'13091864',16,268,7,'C','A',97,'F',155,NULL,NULL),(926,'ARIANA VALESKA','PARDO QUISBERT','2010-03-30',14,1,'13091864',16,281,7,'P','A',101,'F',155,NULL,NULL),(927,'MATIAS ALONSO',' TERRAZAS CLAVIJO','2016-12-26',8,25,'16390741',16,266,7,'C','A',97,'M',115,NULL,NULL),(928,'SARAH KATE','CABALLERO PEREZ','2015-01-18',9,1,'14817690',16,271,7,'C','A',98,'F',130,NULL,NULL),(929,'AGUSTINA ','BASS WERNER LUJAN','2014-03-05',10,34,'13988296',16,245,7,'C','P',87,'F',130,NULL,NULL),(930,'TIFFANY KAY','CABALLERO PEREZ','2008-02-18',16,1,'9454341',16,293,7,'P','A',107,'F',155,NULL,NULL),(931,'MARIEL MELANIE ','CAMPOS NAVARRO','2011-12-28',13,1,'13130828',16,281,7,'P','A',101,'F',160,NULL,NULL),(932,'NEYMAR RENATO','VARGAS HERNANY','2012-01-27',12,1,'14177314',16,284,7,'P','A',103,'M',155,NULL,NULL),(933,'NADIA NICOL','TORRICO SANCHES','2007-09-06',17,1,'13718827',16,247,7,'P','A',88,'F',165,NULL,NULL),(934,'SHEYLA DAYANA ','VILLARROEL PACHECO','2012-02-15',12,1,'15778508',16,279,7,'P','A',101,'F',165,NULL,NULL),(935,'FACUNDO IMANOL','PARDO QUISBERT','2015-04-07',9,27,'15044886',16,267,7,'C','A',97,'M',130,NULL,NULL),(936,'VALERIA ESTEFANIA','RODRIGUEZ','1985-10-07',39,72,'5190015',16,274,7,'C','A',100,'F',155,NULL,NULL),(937,'SARAH KATE','CABALLERO PEREZ','2015-01-18',9,1,'14817690',16,284,7,'P','A',103,'F',130,NULL,NULL),(938,'JUAN JOSE','SANCHEZ','2000-04-10',24,45,'7933318',2,246,7,'P','E',88,'M',1.5,NULL,NULL),(939,'ANTONELLA MICHELLE','RIVERA MOLINA','2009-08-26',15,64,'9470234',16,272,7,'C','P',99,'F',165,NULL,NULL),(940,'JUAN JOSE','SANCHEZ','2000-04-10',24,78,'7933318',1,245,7,'C','E',87,'M',1.56,NULL,NULL),(941,'JOSE MARIA ','GUTIERREZ CUBA','2014-10-23',10,33,'13970097',16,266,7,'C','A',97,'M',130,NULL,NULL),(942,'MEGAN ','MONTECINOS MALDONADO','2009-10-29',15,1,'9418457',16,282,7,'P','A',103,'F',145,NULL,NULL),(943,'JUAN JOSE','AQUINO COSSIO','2002-10-26',22,1,'9471391',16,279,7,'P','A',101,'M',170,NULL,NULL),(944,'JUAN JOSE ','AQUINO COSSIO','2002-10-26',22,64,'9471391',16,267,7,'C','A',97,'M',170,NULL,NULL),(945,'KATHERINE RAYSA','MAMANI PUMA','2006-11-11',18,52,'9493068',16,270,7,'C','A',98,'F',165,NULL,NULL),(946,'ALEJANDRA NOEMI','CAMACHO REYES','2010-10-13',14,57,'12747978',16,271,7,'C','A',98,'F',170,NULL,NULL),(947,'VALERIA ESTEFANIA ','RODRIGUEZ','1985-10-07',39,1,'5190015',16,292,7,'P','A',107,'F',155,NULL,NULL),(948,'ADRIAN OLIVER','GUZMAN MEDINA','2009-12-06',15,54,'12620754',16,274,7,'C','A',100,'M',170,NULL,NULL),(949,'NAOMI ADELA','GONZALES GARVIZU','2012-05-02',12,67,'15979007',16,266,7,'C','A',97,'F',160,NULL,NULL),(950,'LUCIANA ','ANTEZANA GUTIERREZ','2008-09-09',16,58,'13875556',16,245,7,'C','A',87,'F',160,NULL,NULL),(951,'AVRIL VALERIA','ARZE MORALES','2009-05-06',15,54,'13594093',16,273,7,'C','A',99,'F',160,NULL,NULL),(952,'LEONARDO DANIEL','HERMOSA QUINTEROS','2009-10-21',15,46,'13620980',16,267,7,'C','A',97,'M',165,NULL,NULL),(953,'ZAIRA FERNANDA ','QUIÑONES ALAVI','2009-10-26',15,50,'14444488',16,273,7,'C','A',99,'F',165,NULL,NULL),(954,'ZAIRA FERNANDA','QUIÑONES ALAVI','2009-10-26',15,1,'14444488',16,286,7,'P','A',104,'F',165,NULL,NULL),(955,'AUGUSTO NICOLAS ','PASTRANA MEDRANO','2013-08-24',11,31,'14094624',16,266,7,'C','A',97,'M',130,NULL,NULL),(956,'LUCIANO ARIEL','PASTRANA MEDRANO','2015-11-12',9,30,'15603205',16,245,7,'C','A',87,'M',130,NULL,NULL),(957,'LORENA ABIGAIL ','PASTRANA MEDRANO','2018-04-14',6,23,'15603166',16,245,7,'C','A',87,'F',110,NULL,NULL),(958,'DIEGO MAURICIO','NAVARRO DURAN','1990-08-09',34,78,'5268822',16,274,7,'C','A',100,'M',173,NULL,NULL),(959,'NATALIA ILIANA','CANEO COCA','2013-01-09',11,40,'14193079',16,273,7,'C','A',99,'F',155,NULL,NULL),(960,'NICOLAS CARLOS','CANEDO COCA','2010-01-16',14,54,'13001610',16,274,7,'C','A',100,'M',168,NULL,NULL),(961,'JHASMYN ACARELY','CARRILLO BALDIVIEZO','2001-11-14',23,48,'9373106',16,272,7,'C','A',99,'F',165,NULL,NULL),(962,'JHASMYN ARACELY ','CARRILLO BALDIVIEZO','2001-11-14',23,1,'9373106',16,286,7,'P','A',104,'F',155,NULL,NULL),(963,'LEANDRO','BRACAMONTE GUTIERREZ','2007-01-05',17,74,'9448238',16,275,7,'C','A',100,'M',175,NULL,NULL),(964,'MARIEL MELANIE','CAMPOS NAVARRO','2011-12-28',13,52,'13130828',16,268,7,'C','A',97,'F',160,NULL,NULL),(965,'JOAQUIN','CARVAJAL MEAVE','2017-03-27',7,23,'15418168',16,267,7,'C','A',97,'M',120,NULL,NULL),(966,'JUAN JOSE','SANCHEZ','1999-04-11',25,25,'7933318',1,246,7,'P','E',88,'M',1.54,NULL,NULL),(967,'JHON ANGEL ','LAZARO MURAÑA','2005-07-30',19,61,'10479685',19,268,7,'C','A',97,'M',170,NULL,NULL),(968,'CESIA ROMA','LAZARO MURAÑA','2004-03-09',20,83,'10479868',19,245,7,'C','E',87,'F',170,NULL,NULL),(969,'CESIA ROMA','LAZARO MURAÑA','2004-03-09',20,83,'10479686',19,245,7,'C','A',87,'F',170,NULL,NULL),(970,'CESIA ROMA','LAZARO MURAÑA','2004-03-09',20,83,'10479686',19,245,7,'C','E',87,'F',171,NULL,NULL),(971,'JOSEPH DAMASO','TRISTAN ILLANES','2004-05-01',20,94,'9434279',16,274,7,'C','A',100,'M',180,NULL,NULL),(972,'LIAN GREGORY','FERNANDEZ CHOQUE','2014-02-06',10,36,'14540835',19,272,7,'C','E',99,'M',140,NULL,NULL),(973,'LIAN GREGORY','FERNANDEZ CHOQUE','2014-02-06',10,36,'14540835',19,272,7,'C','E',99,'M',140,NULL,NULL),(974,'LIAN GREGORY','FERNANEZ CHOQUE','2014-02-06',10,36,'14540835',19,272,7,'C','E',99,'M',138,NULL,NULL),(975,'CESIA ROMA ','LAZARO MURAÑA','2004-03-09',20,83,'10479686',19,245,7,'C','E',87,'F',170,NULL,NULL),(976,'LIAN GREGORY','FERNANDEZ CHOQUE','2014-02-06',10,36,'14540835',19,271,7,'C','A',98,'M',137,NULL,NULL),(977,'CESIA ROMA','LAZARO MURAÑA','2004-03-09',20,83,'10479686',19,0,7,'C','E',0,'F',171,NULL,NULL),(978,'CESIA ROMA','LAZARO MURAÑA','2004-03-09',20,83,'10479686',19,0,7,'C','E',0,'F',171,NULL,NULL),(979,'JHON ANGEL','LAZARO MURAÑA','2005-07-30',19,61,'10479685',19,280,7,'P','A',101,'M',170,NULL,NULL),(980,'CESIA ROMA','LAZARO MURAÑA','2004-03-09',20,83,'10479686',19,247,7,'P','A',88,'F',170,NULL,NULL),(981,'LIAN  G. ','FERNANDEZ CHOQUE','2014-02-06',10,36,'14540835',19,285,7,'P','A',104,'M',137,NULL,NULL),(982,'LEONARDO IVAN','QUISPE CORTEZ','2012-06-17',12,64.5,'13474566',17,245,7,'C','P',87,'M',1.65,NULL,NULL),(983,'PRUEBA','SITEAS','2015-04-01',9,52,'123456',19,244,7,'C','E',87,'M',24,NULL,NULL),(984,'PRUEBA','SITEAS','2015-04-01',9,52,'123456',19,247,7,'P','E',88,'M',24,NULL,NULL),(985,'RONALDO ','CHOQUE MONTES','1999-06-11',24,80,'9383261',6,275,7,'C','A',100,'M',1.7,NULL,NULL),(986,'ETHAN','JHALIL MARQUEZ','2013-09-05',11,40,'12946060',6,245,7,'C','P',87,'M',1.43,NULL,NULL),(987,'JORGE FABIÁN ','MELENDRES BENITEZ ','2013-08-30',10,46.3,'13225122',8,0,7,'C','P',0,'M',1.45,NULL,NULL),(988,'MAYA AYLEN ','MAMANI MERCADO','2017-10-25',7,40,'16689915',1,266,7,'C','A',97,'F',1,NULL,NULL),(989,'BENJAMIN KALEB','ROCHA VARGAS','2014-05-23',10,30.1,'13826038',3,273,7,'C','A',99,'M',1.4,NULL,NULL),(990,'SAMUEL XAVI','ROCHA VARGAS','2011-12-05',12,52,'12581551',3,0,7,'C','E',0,'M',1,NULL,NULL),(991,'LUIS LEO','HUANCA YUCRA','2005-11-30',19,56.9,'13620770',3,272,7,'C','A',99,'M',1.72,NULL,NULL),(992,'CAROLINA','PACOHUANCA VELIZ','2008-10-30',16,54.4,'012024',1,244,7,'C','A',87,'F',1.6,NULL,NULL),(993,'YHAIL EDUARDO','HUANCA YUCRA','2008-09-13',16,54.2,'13620884',3,272,7,'C','P',99,'M',1.71,NULL,NULL),(994,'ANGHELO NEYMAR','CLAURE DIAZ','2011-12-28',13,45.6,'14234245',3,270,7,'C','A',98,'M',1.59,NULL,NULL),(995,'GENESIS',' PACOHUANCA VELIZ','2006-06-27',18,62,'16115141',1,245,7,'C','A',87,'F',1.61,NULL,NULL),(996,'ALBERT ALEJANDRO','CANAPI FLORES','2017-09-27',7,23.2,'15477173',1,266,7,'C','A',97,'M',1.23,NULL,NULL),(997,'SAMUEL XAVI','ROCHA VARGAS','2011-12-05',13,45.2,'12581551',3,292,7,'P','A',107,'M',1.61,NULL,NULL),(998,'JORGE FABIAN','MELENDRES BENITEZ','2013-08-30',11,47.8,'13225122',6,273,7,'C','A',99,'M',1.5,NULL,NULL),(999,'JHOEL','PACOHUANCA VELIZ','2005-04-09',19,59.4,'16149300',1,245,7,'C','A',87,'M',1.66,NULL,NULL),(1000,'JHOEL','PACOHUANCA VELIZ','2005-04-09',19,60,'16149300',1,247,7,'P','A',88,'M',1.64,NULL,NULL),(1001,'GENESIS',' PACOHUANCA VELIZ','2006-06-27',18,1,'16115141',1,247,7,'P','A',88,'F',1,NULL,NULL),(1002,'VANIA ','QUISPE RIOS ','2012-07-26',12,40.5,'14735067',1,285,7,'P','A',104,'F',1.146,NULL,NULL),(1003,'VANIA ','QUISPE RIOS ','2012-07-26',11,40.5,'14735067',1,272,7,'C','E',99,'F',1.146,NULL,NULL),(1004,'GABRIELA ALEJANDRA ','VEGA GUAYNOCA','2013-11-26',11,31,'15004174',1,266,7,'C','A',97,'F',1.31,NULL,NULL),(1005,'GABRIELA ALEJANDRA ','VEGA GUAYNOCA','2013-11-26',11,30.7,'15004174',1,279,7,'P','A',101,'F',1.31,NULL,NULL),(1006,'SAMANTA MIA ','SHIMOKAWA MAMANI','2017-01-16',7,36.9,'14866004',1,266,7,'C','A',97,'F',1.2,NULL,NULL),(1007,'CALEB BENJAMIN','CAMPUZANO ESPINOZA','2012-01-27',12,62.3,'15985724',1,269,7,'C','A',98,'M',1.58,NULL,NULL),(1008,'ARIANA MASIEL','CAMPUZANO ESPINOZA','2015-11-04',9,51.7,'16149535',1,269,7,'C','A',98,'F',1.4,NULL,NULL),(1009,'JHOSUA DOMINIC','CAMPUZANO ESPINOZA','2017-06-19',7,23.2,'16149538',1,268,7,'C','A',97,'M',1.2,NULL,NULL),(1010,'LUZ CAMILA','LEON NOYA','2010-04-25',14,55.9,'12869218',1,266,7,'C','A',97,'F',1.53,NULL,NULL),(1011,'LUZ CAMILA','LEON NOYA','2010-04-25',14,55.9,'12869218',1,279,7,'P','A',101,'F',1.53,NULL,NULL),(1012,'CRISTIAN JHORDAN ','ACUÑA ESPINOZA','2012-03-14',12,36.1,'16341386',1,267,7,'C','P',97,'M',1.4,NULL,NULL),(1013,'CRISTHIAN GABRIEL','COARITE NINA','2015-10-12',9,38,'15942013',5,245,7,'C','E',87,'M',128,NULL,NULL),(1014,'ASSIER','MIRANDA CRUZ','2009-10-19',15,66.4,'10019764',1,267,7,'C','A',97,'M',1.65,NULL,NULL),(1015,'MATIAS RAFAEL','SARAVIA ENCINAS','2008-07-30',16,52,'12906326',3,282,7,'P','A',103,'M',1.67,NULL,NULL),(1016,'DANY JAMER ','MIRANDA CRUZ','2007-01-22',17,73.1,'8773425',1,267,7,'C','A',97,'M',1.7,NULL,NULL),(1017,'THOMAS STEVEN','FLORES RIOS','2016-01-03',8,28,'15995911',5,244,7,'C','E',87,'M',134.2,NULL,NULL),(1018,'CRISTHIAN GABRIEL','COARITE NINA','2015-10-12',9,38,'15942013',5,247,7,'P','A',88,'M',128,NULL,NULL),(1019,'THOMAS STEVEN','FLORES RIOS','2016-01-03',8,28,'15995911',5,246,7,'P','A',88,'M',134.2,NULL,NULL),(1020,'FERNANDO ENRIQUE','ZEBALLOS REVOLLO','2016-05-30',8,33,'14585057',5,281,7,'P','A',101,'M',131.8,NULL,NULL),(1021,'FERNANDO ENRIQUE','ZEBALLOS REVOLLO','2016-05-30',8,33,'14585057',5,268,7,'C','A',97,'M',131.8,NULL,NULL),(1022,'ELIAS ANGEL','GONZALES CHOQUE','2015-02-11',9,34,'16711844',5,245,7,'C','A',87,'M',136.2,NULL,NULL),(1023,'MATEO ANDRES','LICONA AVILES','2015-07-08',9,31,'14763094',5,267,7,'C','A',97,'M',133,NULL,NULL),(1024,'JUAN IGNACIO','GONZÁLEZ','2014-07-23',10,32,'4554564',5,271,7,'C','A',98,'M',135,NULL,NULL),(1025,'JUAN IGNACIO','GONZÁLEZ','2014-07-23',10,32,'4554564',5,284,7,'P','A',103,'M',135,NULL,NULL),(1026,'ALEXIS ','CORDOVA MONTECINOS','2011-11-16',13,40,'15221617',5,280,7,'P','A',101,'M',153.5,NULL,NULL),(1027,'CARLOS DAVID','CHACON TENORIO','2011-02-06',13,59,'16067930',5,267,7,'C','A',97,'M',157.7,NULL,NULL),(1028,'JOSUE FABRICO ','GUMIEL','2012-01-24',12,38,'12906368',5,270,7,'C','A',98,'M',154.7,NULL,NULL),(1029,'JOSUE FABRICO ','GUMIEL','2012-01-24',12,38,'12906368',5,283,7,'P','A',103,'M',154.7,NULL,NULL),(1030,'AGUSTIN MAURICIO ','ATAHUICHI CAYOJA','2011-05-27',13,55,'14835195',5,270,7,'C','A',98,'M',155.8,NULL,NULL),(1031,'AGUSTIN MAURICIO ','ATAHUICHI CAYOJA','2011-05-27',13,55,'14835195',5,283,7,'P','A',103,'M',155.8,NULL,NULL),(1032,'GUSTAVO ALEX ','MONTEIRO DA SILVA','2010-07-06',14,55.4,'E-10755915',5,272,7,'C','P',99,'M',1.7,NULL,NULL),(1033,'DAVID EMMANUEL','TRIGO RODRIGUEZ','1985-09-13',39,84,'6117136',5,244,7,'C','A',87,'M',169.6,NULL,NULL),(1034,'NICOLAS CRISTIAN ','MARTINEZ GUARACHI ','2011-08-04',13,38,'14196223',5,274,7,'C','A',100,'M',153.5,NULL,NULL),(1035,'NICOLAS CRISTIAN ','MARTINEZ GUARACHI ','2011-08-04',13,38,'14196223',5,292,7,'P','A',107,'M',153.5,NULL,NULL),(1036,'SALVADOR ','GLADE CASTELLON ','2008-12-25',16,57,'13875037',5,292,7,'P','A',107,'M',173,NULL,NULL),(1037,'FRANCISCO FIDEL','AZCUI MANCILLA','2005-09-01',19,74,'9445477',5,292,7,'P','A',107,'M',177.4,NULL,NULL),(1038,'FRANCISCO FIDEL','AZCUI MANCILLA','2005-09-01',19,74,'9445477',5,274,7,'C','A',100,'M',177.4,NULL,NULL),(1039,'BENJAMIN ','RODRIGUEZ ORTIZ','2006-06-12',18,75,'7971735',5,275,7,'C','A',100,'M',174.3,NULL,NULL),(1040,'JORGE IGNACIO','ALVARADO BERAZAIN','2011-04-16',13,57,'13476794',5,244,7,'C','A',87,'M',167.8,NULL,NULL),(1041,'DAVID ARIEL ','LIJERON FERNANDEZ ','2001-04-06',23,63,'7962178',5,276,7,'C','A',100,'M',1.73,NULL,NULL),(1042,'DAVID ARIEL ','LIJERON FERNANDEZ ','2001-04-06',23,63,'7962178',5,294,7,'P','A',107,'M',173,NULL,NULL),(1043,'MATEO SEBASTIAN','RIOS TERRAZAS','2015-03-05',9,35.6,'14383892',1,269,7,'C','A',98,'M',1.29,NULL,NULL),(1044,'CRISTINA ANTUANETH ','RIOS TERRAZAS','2016-07-15',8,26.7,'14856686',1,266,7,'C','A',97,'F',1.26,NULL,NULL),(1045,'ANNEE PEYTON ','TRIGO ALVAREZ','2016-08-12',8,24,'16650167',5,245,7,'C','A',87,'F',119,NULL,NULL),(1046,'AYELEN BETANIA','LAZARTE GONZALES','2013-11-27',11,37.5,'15236730',5,271,7,'C','A',98,'F',140.2,NULL,NULL),(1047,'ARIANET BELEN','GONZALES MOLINA','2013-11-10',11,49,'14814012',5,247,7,'P','A',88,'F',140.9,NULL,NULL),(1048,'SOFIA VALENTINA','FERNANDEZ VARGAS','2012-10-12',12,46.5,'12942326',5,282,7,'P','A',103,'F',148.2,NULL,NULL),(1049,'ELIANA LETICIA','GONZALES CHOQUE','2013-07-12',11,54,'16711858',5,247,7,'P','A',88,'F',152.6,NULL,NULL),(1050,'DANIELA DE LOS ANGELES','GONZALES CHOQUE','2007-02-27',17,47,'16711868',5,247,7,'P','A',88,'F',160.9,NULL,NULL),(1051,'MARIA JOSE','MACHUCA RODRIGUEZ','2009-12-29',15,66,'12370733',5,247,7,'P','A',88,'F',162.9,NULL,NULL),(1052,'MAIRA','HINOJOSA ROJAS','2010-02-01',13,54,'9447037',5,285,7,'P','A',104,'F',152.8,NULL,NULL),(1053,'MAIRA','HINOJOSA ROJAS','2010-02-01',14,54,'9447037',5,272,7,'C','A',99,'F',152.8,NULL,NULL),(1054,'FERNANDA SARAI','CHACON TENORIO','2013-06-11',11,53,'16730186',5,280,7,'P','A',101,'F',145.8,NULL,NULL),(1055,'NICOLE ALISON','LAZARTE GONZALES','2006-12-07',18,46.5,'13752134',5,284,7,'P','A',103,'F',150.4,NULL,NULL),(1056,'NICOLE ALISON','LAZARTE GONZALES','2006-12-07',18,46.5,'13752134',5,271,7,'C','A',98,'F',150.4,NULL,NULL),(1057,'DAFNE THAIS','GUMIEL ROQUE','2009-11-26',15,62.3,'12906031',5,270,7,'C','A',98,'F',160.3,NULL,NULL),(1058,'DAFNE THAIS','GUMIEL ROQUE','2009-11-26',15,62.3,'12906031',5,283,7,'P','A',103,'F',160.3,NULL,NULL),(1059,'LAURA COSSET','GUMIEL ROQUE ','2006-12-27',18,52,'12906030',5,283,7,'P','A',103,'F',1.64,NULL,NULL),(1060,'LAURA COSSET','GUMIEL ROQUE ','2007-01-02',17,52,'12906030',5,270,7,'C','P',98,'F',1.64,NULL,NULL),(1061,'KIRA ALISON ','BARZOLA VEIZAGA','2010-04-23',14,46.5,'10994058',5,273,7,'C','A',99,'F',155.2,NULL,NULL),(1062,'ISABEL ','ROJAS USTARIZ','1994-02-06',29,67,'5319178',5,272,7,'C','P',99,'F',1.63,NULL,NULL),(1063,'ALEJANDRA ','ALVAREZ PECA','1997-05-14',27,52,'12720458',5,244,7,'C','A',87,'F',147,NULL,NULL),(1064,'PATRICIA NANCY','LUIZAGA CARDOZO','1984-07-07',39,52.5,'4414173',5,272,7,'C','P',99,'F',158.9,NULL,NULL),(1065,'ANDREA FERNANDA ','TORRICOS MERCADO ','2009-06-18',15,54,'9393272',5,275,7,'C','A',100,'F',157.8,NULL,NULL),(1066,'ANDREA FERNANDA ','TORRICOS MERCADO ','2009-06-18',15,54,'9393272',5,293,7,'P','A',107,'F',157.8,NULL,NULL),(1067,'MARIZABEL','MARIN BELTRAN','1985-05-09',39,70,'5272135',5,293,7,'P','A',107,'F',145,NULL,NULL),(1068,'JOSEPH','JALDIN VALLEJOS','2012-11-11',12,39.7,'15429159',1,270,7,'C','A',98,'M',1.41,NULL,NULL),(1069,'JOSEPH','JALDIN VALLEJOS','2012-11-11',12,39.7,'15429159',1,283,7,'P','A',103,'M',1.41,NULL,NULL),(1070,'EMILY LUCIA','ESPINOZA DE LA FUENTE','2013-10-14',11,48.1,'14735701',1,266,7,'C','A',97,'F',1.5,NULL,NULL),(1071,'JHOVANY MATIAS','ALEGRE ARCANGEL','2013-08-28',11,37.8,'10000001',1,266,7,'C','A',97,'M',1.5,NULL,NULL),(1072,'JHOVANY MATIAS','ALEGRE ARCANGEL','2013-08-28',11,37.89,'10000001',1,279,7,'P','A',101,'M',1.5,NULL,NULL),(1073,'ARIANE GUADALUPE','CADIMA YAVI','2015-12-18',9,31,'1601845',1,266,7,'C','A',97,'F',1.25,NULL,NULL),(1074,'ERICK DANIEL','MAITA VASQUEZ','2014-03-13',10,35.6,'14357921',1,270,7,'C','A',98,'M',1.38,NULL,NULL),(1075,'ERICK DANIEL','MAITA VASQUEZ','2014-03-13',10,35.6,'14357921',1,283,7,'P','A',103,'M',1.38,NULL,NULL),(1076,'LIZ ARLETH ','MAITA VASQUEZ','2016-03-13',8,31,'15434302',1,269,7,'C','A',98,'F',1.25,NULL,NULL),(1077,'ANDREA ','CERVANTES FLORES ','2013-08-09',11,43.5,'15043596',1,270,7,'C','A',98,'F',1.53,NULL,NULL),(1078,'ANDREA ','CERVANTES FLORES ','2013-08-09',11,43.5,'15043596',1,283,7,'P','A',103,'F',1.53,NULL,NULL),(1079,'ISABELLA','GALVAN CORTEZ','2014-09-14',10,29.3,'14061371',3,266,7,'C','A',97,'F',1.27,NULL,NULL),(1080,'JHOSUA JAIR','GARRO TORRICO','2013-06-30',11,56.7,'16217730',1,267,7,'C','A',97,'M',1.53,NULL,NULL),(1081,'LUCÍA VERÓNICA','GUTIERREZ GAMBOA','2018-06-17',6,25.5,'15305783',3,244,7,'C','A',87,'F',1.16,NULL,NULL),(1082,'NICOLÁS DANIEL','LÓPEZ ARIAS','2016-06-05',8,28.5,'14646831',3,279,7,'P','A',101,'M',1.25,NULL,NULL),(1083,'NICOLÁS SANTIAGO','MERCADO VILLCA','2017-07-31',7,23,'15161997',3,266,7,'C','A',97,'M',1.24,NULL,NULL),(1084,'RENATA ISABELA','FERNÁNDEZ CASTRO','2017-11-23',7,18.8,'14835376',3,245,7,'C','A',87,'F',1.1,NULL,NULL),(1085,'FIORELLA SOFIA','JACOBS MOLINA','2016-08-02',8,25.5,'15399079',3,271,7,'C','A',98,'F',1.21,NULL,NULL),(1086,'NYEN AUGUSTO','VILLCA GARCIA','2007-08-06',17,79,'13622952',3,270,7,'C','A',98,'M',1.68,NULL,NULL),(1087,'AMIR','VILLCA GARCÍA','2012-09-02',12,1,'15574283',3,283,7,'P','A',103,'M',1,NULL,NULL),(1088,'JHAIR EDSON','QUISPE FERNANDEZ','2014-01-05',10,43.4,'15386850',1,273,7,'C','A',99,'M',1.4,NULL,NULL),(1089,'JHEFERSON ','QUISPE FERNANDEZ','2017-08-30',7,22,'1511262',1,247,7,'P','E',88,'M',1.17,NULL,NULL),(1090,'JHEFERSON ','QUISPE FERNANDEZ','2017-08-30',7,22,'1511262',1,245,7,'C','A',87,'M',1.17,NULL,NULL),(1091,'ADRIANA','ZOTO RONDAN','2009-07-07',15,51.9,'14512148',1,267,7,'C','A',97,'F',1.5,NULL,NULL),(1092,'BRIHANA ','ZOTO RONDAN','2013-03-14',11,37.5,'16571091',1,267,7,'C','A',97,'F',1.41,NULL,NULL),(1093,'IAN NICOLAS','ZOTO RONDAN','2017-04-05',7,23.5,'16571132',1,266,7,'C','A',97,'M',1.2,NULL,NULL),(1094,'LUIS ANGEL','CADIMA YAVI','2010-12-24',14,60,'13035686',1,266,7,'C','A',97,'M',1.7,NULL,NULL),(1095,'MARISEL','LOPEZ SOLIZ','2010-04-22',14,53.3,'13258192',1,267,7,'C','A',97,'F',1.57,NULL,NULL),(1096,'MARISEL','LOPEZ SOLIZ','2010-04-22',14,53.3,'13258192',1,280,7,'P','A',101,'F',1.57,NULL,NULL),(1097,'DEYLI LUCERO','BALDERRAMA GUTIERREZ','2011-09-14',13,43.5,'13258977',1,245,7,'C','A',87,'F',1.58,NULL,NULL),(1098,'DEYLI LUCERO','BALDERRAMA GUTIERREZ','2011-09-14',13,43.5,'13258977',1,246,7,'P','A',88,'F',1.58,NULL,NULL),(1099,'MAYUMI TATIANA',' FERNANDEZ LAFUENTE','2004-12-30',20,55.3,'12494610',1,273,7,'C','A',99,'F',1.58,NULL,NULL),(1100,'MAYUMI TATIANA',' FERNANDEZ LAFUENTE','2004-12-30',20,55.3,'12494610',1,286,7,'P','A',104,'F',1.58,NULL,NULL),(1101,'JHONATAN JOSE','CAMACHO MALDONADO','1998-04-27',26,70,'8844881',1,272,7,'C','A',99,'M',1.64,NULL,NULL),(1102,'VALERY REYCHEL','GUAMAN ZENTENO','2005-12-28',19,62.3,'9488322',1,269,7,'C','A',98,'F',1.59,NULL,NULL),(1103,'VALERY REYCHEL','GUAMAN ZENTENO','2005-12-28',19,62.3,'9488322',1,282,7,'P','A',103,'F',1.59,NULL,NULL),(1104,'ANAHI JHISEL ','RAMOS VILLARROEL','2010-07-13',14,58.5,'13161815',1,273,7,'C','A',99,'F',1.61,NULL,NULL),(1105,'ANAHI JHISEL ','RAMOS VILLARROEL','2010-07-13',14,58.5,'13161815',1,286,7,'P','A',104,'F',1.61,NULL,NULL),(1106,'JHIOVANA','VILLARROEL ROCHA','1981-09-15',43,68.5,'5276623',1,269,7,'C','A',98,'F',1.56,NULL,NULL),(1107,'SOPHIA ','AGREDA FLORES','2005-10-26',19,54.5,'48030910R',1,273,7,'C','A',99,'F',1.62,NULL,NULL),(1108,'SOPHIA ','AGREDA FLORES','2005-10-26',19,54.5,'48030910R',1,286,7,'P','A',104,'F',1.62,NULL,NULL),(1109,'FIEL AZRIEL','CHOQUE MANCILLA','2009-12-15',15,47.9,'12868998 ',1,266,7,'C','A',97,'F',1.51,NULL,NULL),(1110,'FIEL AZRIEL','CHOQUE MANCILLA','2009-12-15',15,47.9,'12868998 ',1,279,7,'P','A',101,'F',1.51,NULL,NULL),(1111,'ARIANA','CHOQUE SILEZ','2004-11-13',20,47.6,'7946242',1,281,7,'P','A',101,'F',1.51,NULL,NULL),(1112,'ARIANA','CHOQUE SILEZ','2004-11-13',20,47.6,'7946242',1,268,7,'C','A',97,'F',1.51,NULL,NULL),(1113,'LESLY JAZMIN','HERRERA QUISPE','2006-07-25',18,46.5,'9533086',1,267,7,'C','A',97,'F',1.52,NULL,NULL),(1114,'LESLY JAZMIN','HERRERA QUISPE','2006-07-25',18,46.5,'9533086',1,280,7,'P','A',101,'F',1.52,NULL,NULL),(1115,'MARIAN FILOMENA ','ARIAS HINOJOSA','2003-06-27',21,53.6,'7402921',1,271,7,'C','A',98,'F',1.6,NULL,NULL),(1116,'MARIAN FILOMENA ','ARIAS HINOJOSA','2003-06-27',21,53.6,'7402921',1,283,7,'P','A',103,'F',1.6,NULL,NULL),(1117,'DIEGO ORLANDO ','MAITA VASQUEZ','2012-01-03',12,36.2,'14357959',1,270,7,'C','A',98,'M',1.49,NULL,NULL),(1118,'DIEGO ORLANDO ','MAITA VASQUEZ','2012-01-03',12,36.2,'14357959',1,283,7,'P','A',103,'M',1.49,NULL,NULL),(1119,'LIZ ARLETH ','MAITA VASQUEZ','2016-03-13',8,31,'15434302',1,282,7,'P','A',103,'F',1.25,NULL,NULL),(1120,'JOEL DAVID','TERAN MONTECINOS','2008-12-29',16,50.2,'141213258',1,272,7,'C','A',99,'M',1.61,NULL,NULL),(1121,'DEMIAN ALBERT','VARGAS MEDRANO','2005-04-02',19,73.3,'12555381',1,245,7,'C','A',87,'M',1.73,NULL,NULL),(1122,'DEMIAN ALBERT','VARGAS MEDRANO','2005-04-02',19,60.1,'12555381',1,0,7,'C','E',0,'M',1.73,NULL,NULL),(1123,'DEMIAN ALBERT','VARGAS MEDRANO','2005-04-02',19,73.3,'12555381',1,247,7,'P','A',88,'M',1.73,NULL,NULL),(1124,'JHIM ANGELO','ARIAS HINOJOSA','2005-03-16',19,86.6,'7402901',1,269,7,'C','A',98,'M',1.82,NULL,NULL),(1125,'EDWIN ','TORREZ VERA','2010-05-04',14,56.5,'012024',1,244,7,'C','A',87,'M',1.67,NULL,NULL),(1126,'ALISON THAIS ','MAMANI TORREZ','2008-06-20',16,65.4,'13260665',1,274,7,'C','A',100,'F',1.65,NULL,NULL),(1127,'ALISON THAIS ','MAMANI TORREZ','2008-06-20',16,65.4,'13260665',1,292,7,'P','A',107,'F',1.65,NULL,NULL),(1128,'MAYA','RUEDA CASTRO','2014-01-14',10,48.2,'1234567',6,245,7,'C','A',87,'F',1.48,NULL,NULL),(1129,'AGUSTÍN JOSSEMAR','TRIVEÑO FUNES','2015-12-07',9,28.8,'15321340',3,245,7,'C','A',87,'M',1.28,NULL,NULL),(1130,'ADRIAN RODRIGO','CHOQUEVILLCA CAMACHO','1986-12-15',38,105,'6402857',1,295,7,'P','A',107,'M',1.7,NULL,NULL),(1131,'ADRIANO MATEO','OMONTE RIVAS','2011-04-15',13,48.5,'14829275',1,270,7,'C','A',98,'M',1.56,NULL,NULL),(1132,'LUCIANE VALESKA ','OMONTE RIVAS','2008-07-27',16,54.5,'14829174',1,270,7,'C','A',98,'F',1.64,NULL,NULL),(1133,'ALEXIA CATALINA ','OMONTE RIVAS','2015-08-05',9,17,'14829243',1,270,7,'C','A',98,'F',1.2,NULL,NULL),(1134,'JOSUE PABLO','JIMENEZ RAMOS','2006-01-04',18,64.3,'10018292',3,269,7,'C','A',98,'M',1.69,NULL,NULL),(1135,'JOSUE PABLO','JIMENEZ RAMOS','2006-01-04',18,64.3,'10018292',3,282,7,'P','A',103,'M',1.69,NULL,NULL),(1136,'RICARDO WENRY','MENDOZA VILLARREAL','1997-09-27',27,62.5,'13417759',3,274,7,'C','A',100,'M',1.73,NULL,NULL),(1137,'BRIANA ISABELA','OMONTE RIVAS','2019-12-15',5,15,'022024',1,244,7,'C','A',87,'F',1.1,NULL,NULL),(1138,'MATEO','CARVAJAL MERCADO','1999-03-16',25,67.89,'9494805',3,276,7,'C','A',100,'M',1.7,NULL,NULL),(1139,'MARCO ARTURO','PINEDA VELASQUEZ','2001-05-31',23,68,'11604347',3,274,7,'C','P',100,'M',1.78,NULL,NULL),(1140,'MAITE LUCIANA','OJALVO TRUJILLO','2018-09-01',6,23,'16251948',3,266,7,'C','A',97,'F',1.1,NULL,NULL),(1141,'MARIA CONCEPCION','ROCA ACHIVARE','1982-12-08',42,55,'4197928',3,275,7,'C','A',100,'F',1.6,NULL,NULL),(1142,'ANDREE MATHIAS ','FERNÁNDEZ CASTRO','2014-07-07',10,27.7,'13893308',3,282,7,'P','A',103,'M',1.33,NULL,NULL),(1143,'NICOLÁS DANIEL','LOPEZ ARIAS','2016-06-05',8,28.5,'14646831',3,279,7,'P','E',101,'M',1.25,NULL,NULL),(1144,'SAYYID EITAM','JALDIN AGUIRRE','2008-09-25',16,68.6,'114095226',3,281,7,'P','A',101,'M',1.65,NULL,NULL),(1145,'THIAGO MATEO','JALDIN AGUIRRE','2011-04-02',13,60.6,'14095227',3,281,7,'P','A',101,'M',1.55,NULL,NULL),(1146,'MARCO ARTURO','PINEDA VELÁSQUEZ','2001-05-31',23,1,'e-11604347',3,0,7,'P','E',0,'M',1,NULL,NULL),(1147,'MARCO ARTURO','PINEDA VELASQUEZ','2001-05-31',23,68,'11604347',3,292,7,'P','A',107,'M',1.78,NULL,NULL),(1148,'MELANY','GARCÍA TELLEZ','2005-04-24',19,57,'8829755',3,286,7,'P','A',104,'F',1.61,NULL,NULL),(1149,'LUCIANA CAMILA','CHAVEZ CORDOBA','2008-11-19',16,45,'13748343',3,285,7,'P','A',104,'F',1.58,NULL,NULL),(1150,'MARLI LEYLA','MERCADO SABJA','2006-10-13',18,61.5,'9453255',3,292,7,'P','A',107,'F',1.61,NULL,NULL),(1151,'TAYLOR LUCAS','VILLARROEL PLAZA ','2012-10-30',12,31.6,'13224713',4,267,7,'C','A',97,'M',0,NULL,NULL),(1152,'ROSALBA ','PATTY CHUNGARA','2012-04-14',12,51.5,'14385297',4,267,7,'C','E',97,'F',0,NULL,NULL),(1153,'CHELSIE SAMANTHA','CACERES CASTELLON','2014-05-05',10,37.6,'14755697',4,268,7,'C','A',97,'F',0,NULL,NULL),(1154,'ROSALBA ','PATTY CHUNGARA','2012-04-14',12,50.89,'14385297',4,267,7,'C','A',97,'F',123,NULL,NULL),(1155,'ROSALBA ','PATTY CHUNGARA','2012-04-14',12,50.9,'14385297',4,267,7,'C','E',97,'F',0,NULL,NULL),(1156,'KAYTHLEEN SALOME','VILLARROEL PLAZA','2015-03-24',9,1,'14196954',4,267,7,'C','E',97,'F',1,NULL,NULL),(1157,'KENDRA ARELIZ','RODRIGUEZ VACA','2013-07-22',11,61.9,'13132968',4,267,7,'C','A',97,'F',0,NULL,NULL),(1158,'TAYLOR LUCAS','VILLARROEL PLAZA ','2012-10-30',12,3,'13224713',4,0,7,'C','E',0,'M',120,NULL,NULL),(1159,'ANTONELLA GÉNESIS ','CARDOZO CRUZ','2016-08-06',8,0,'216210074',4,245,7,'C','A',87,'F',0,NULL,NULL),(1160,'LETIZIA RUTH','SILES ARTUNDUAGA','2018-12-07',6,0,'15533090',4,244,7,'C','A',87,'F',0,NULL,NULL),(1161,'ABRIL ELIZA','MORALES CHINO','2018-11-04',6,0,'15494807',4,244,7,'C','A',87,'F',0,NULL,NULL),(1162,'FABIOLA','MERCADO MARAÑÓN ','1993-08-09',31,56.1,'8831564',4,274,7,'C','A',100,'F',1.54,NULL,NULL),(1163,'IAN MARCO','VILLARROEL PLAZA ','2009-07-10',15,46,'9423620',4,267,7,'C','A',97,'M',0,NULL,NULL),(1164,'RAMIRO DASTAN','MORALES ALANOCA','2010-12-09',14,51.3,'16382487',4,273,7,'C','A',99,'M',0,NULL,NULL),(1165,'SEBASTIAN MATEO','CUTILE FLORES','2014-02-27',10,38.3,'14620857',4,267,7,'C','A',97,'M',1.5,NULL,NULL),(1166,'ALEX GABRIEL','PAZ BAPTISTA ','2014-11-29',10,28,'14831747',4,244,7,'C','A',87,'M',0,NULL,NULL),(1167,'JOAQUÍN ','CÉSPEDES FLORES ','2013-11-13',11,54.6,'16857294',4,268,7,'C','A',97,'M',0,NULL,NULL),(1168,'LUCAS SEBASTIÁN',' AGUILAR MARTINEZ','2016-01-27',8,0,'16114294',4,266,7,'C','A',97,'M',0,NULL,NULL),(1169,'AGUSTIN JOHANN','SILES ARTUNDUAGA','2013-08-28',11,42.9,'14255286',4,0,7,'C','E',0,'M',1.32,NULL,NULL),(1170,'AGUSTIN JOHANN','SILES ARTUNDUAGA','2013-08-28',11,49.8,'14255286',4,267,7,'C','A',97,'M',1.32,NULL,NULL),(1171,'TOMAS ','ANDIA MERCAD','2016-08-02',8,0,'14743946',4,266,7,'C','A',97,'M',0,NULL,NULL),(1172,'PABLO ERIK','ORDOÑEZ BALCAZAR','2012-02-29',12,50.7,'10988456',4,269,7,'C','A',98,'M',1.54,NULL,NULL),(1173,'VICTOR MANUEL','ANDRADE GUZMAN','2014-10-20',10,43,'15270503',4,268,7,'C','A',97,'M',0,NULL,NULL),(1174,'JORGE ABEL ','AÑEZ SENO','2000-05-12',24,78,'14852205',4,267,7,'C','A',97,'M',0,NULL,NULL),(1175,'VLADIMIR REMBERTO','VILLEGAS SILES','2014-12-30',10,40.5,'14152117',2,266,7,'C','A',97,'M',120,NULL,NULL),(1176,'GABRIELA CELESTE','GALARZA MORALES','2016-01-21',8,10,'1231',2,244,7,'C','A',87,'F',65,NULL,NULL),(1177,'DAVID ANGEL','AGUILAR ZUBIETA','2003-01-10',21,57.89,'9483435',2,276,7,'C','P',100,'M',1.64,NULL,NULL),(1178,'MIKAELA ARACELI','AGUILAR ZUBIETA','2004-03-15',20,48.89,'9483436',2,276,7,'C','P',100,'F',1.76,NULL,NULL),(1179,'STEVEN','CHOQUE SANTOS','2008-06-19',16,59.1,'15012108',2,268,7,'C','P',97,'M',1.71,NULL,NULL),(1180,'JASSIEL ADRANE','LOPEZ FERNANDEZ','2008-12-17',16,53,'16767497',2,269,7,'C','A',98,'F',1.53,NULL,NULL),(1181,'LUCIANA ALEJANDRA','GALARZA MORALES','2007-10-29',17,56,'12494179',2,269,7,'C','A',98,'F',1.6,NULL,NULL),(1182,'DIEGO ARMANDO ','CUTIPA RAMIREZ','2007-10-03',17,58,'13499248',2,270,7,'C','A',98,'M',1.6,NULL,NULL),(1183,'VALERIA VICTORIA','ALVAREZ SANDOVAL','2010-04-04',14,45.5,'9416551',2,245,7,'C','A',87,'F',1.58,NULL,NULL),(1184,'MICAELA ','ALBORTA BEDOYA','2007-05-24',17,55.5,'13001834',2,269,7,'C','E',98,'F',1.64,NULL,NULL),(1185,'SANTIAGO EDWARD ','ESCOBAR LEYVA','2009-02-20',15,68,'13347855',2,272,7,'C','A',99,'M',1.76,NULL,NULL),(1186,'LINET JHULIANA','VILLEGAS SILES','2011-07-22',13,54,'14151617',2,266,7,'C','E',97,'F',1,NULL,NULL),(1187,'LINET JHULIANA','VILLEGAS SILES','2011-07-22',13,54,'14151617',2,279,7,'P','A',101,'F',1,NULL,NULL),(1188,'ADALID RODRIGO','BLANCO CARBAJAL','2010-08-01',14,73.8,'12682360',2,270,7,'C','A',98,'M',100,NULL,NULL),(1189,'NICOLE ','CAMACHO ROSALES','2003-10-12',21,50,'13594270',2,272,7,'C','A',99,'F',1.6,NULL,NULL),(1190,'NICOLE ','CAMACHO ROSALES','2003-10-12',21,1,'13594270',2,285,7,'P','A',104,'F',1,NULL,NULL),(1191,'HAROLD DAVID ','ZENTENO TORRICO','2006-03-06',18,49.5,'1',2,271,7,'C','A',98,'M',100,NULL,NULL),(1192,'DILAN','SANCHEZ SANTOS','2005-12-09',19,60.5,'1231',2,272,7,'C','A',99,'M',1.6,NULL,NULL),(1193,'DUGLAS HUGO','ZELADA','1999-08-27',25,62,'12808483',2,272,7,'C','A',99,'M',1.6,NULL,NULL),(1194,'JOSE LEANDRO','MOLINA MEDRANO','2001-10-09',23,62.2,'13416290',2,271,7,'C','P',98,'M',1.72,NULL,NULL),(1195,'JOSUE BENJAMIN','GARCIA ESCALERA','2005-09-14',19,69.9,'13066375',2,269,7,'C','A',98,'M',1.64,NULL,NULL),(1196,'LUIS DANIEL','ALTAMIRANO APANA','2015-05-25',9,46,'14108318',2,244,7,'C','A',87,'M',1,NULL,NULL),(1197,'ALEXANDRA HATSU','CHAMBI VILLARROEL','2018-11-12',6,21,'15503457',7,244,7,'C','A',87,'F',1.05,NULL,NULL),(1198,'NAOMY ','VÁSQUEZ MONTAÑO ','2010-06-24',14,52.5,'9458975',13,267,7,'C','A',97,'F',1.6,NULL,NULL),(1199,'CELINA ','CUSI QUISPE ','2009-10-31',15,48.65,'14761571',13,267,7,'C','A',97,'F',1.63,NULL,NULL),(1200,'SHERLYN JHANETH','HINOJOSA BALLESTEROS','2012-10-18',12,42.7,'16904401',13,266,7,'C','A',97,'F',1.49,NULL,NULL),(1201,'BRITHANY DANNA','QUISPE PADILLA','2015-11-30',9,25,'15877998',13,266,7,'C','A',97,'F',80,NULL,NULL),(1202,'LUZ AYLIN','MAMANI MOLINA','2015-07-21',9,40,'15290068',13,245,7,'C','A',87,'F',50,NULL,NULL),(1203,'DARÁ YAZMIN','MOYA GIMENEZ','2017-09-21',7,40,'1596448',13,268,7,'C','A',97,'F',50,NULL,NULL),(1204,'MARÍA BELÉN ','BXKDKJF','2024-03-03',0,50,'1727484',13,245,7,'C','E',87,'F',1.5,NULL,NULL),(1205,'GAEL REMI','HINOJOSA BALLESTEROS','2018-04-18',6,20,'15246201',13,245,7,'C','A',87,'M',70,NULL,NULL),(1206,'BRUNO ALEXANDER','SOLIZ VIAMONT','2017-04-01',7,30,'16556145',13,266,7,'C','A',97,'M',50,NULL,NULL),(1207,'JOSÉ EDUARDO','SOTO LOZA','2015-11-05',9,50,'14697902',13,269,7,'C','A',98,'M',60,NULL,NULL),(1208,'PAUL ANDRU','QUISPE PADILLA ','2018-07-12',6,20,'15336790',13,266,7,'C','A',97,'M',60,NULL,NULL),(1209,'ALEX EMANUEL','MAMANI MOLINA ','2016-11-26',8,40,'15290111',13,245,7,'C','A',87,'M',40,NULL,NULL),(1210,'BRIGHAM','PÉREZ MUÑOZ','2018-10-08',6,30,'15443520',13,266,7,'C','A',97,'M',50,NULL,NULL),(1211,'MARÍA BELÉN ','PEREIRA BARRIOS ','2011-05-01',13,50,'1727484',13,245,7,'C','A',87,'F',1.5,NULL,NULL),(1212,'MIGUEL ANGEL','QUISPE QUISPE','2011-10-24',13,42.5,'16037123',13,266,7,'C','A',97,'M',1.5,NULL,NULL),(1213,'ISAAC DEINER','ALVIS FLORES','2014-09-26',10,45.9,'16006959',13,245,7,'C','A',87,'M',1.44,NULL,NULL),(1214,'NICOLAS MARIO','LOPEZ PEREZ','2009-03-18',15,50.5,'13228232',13,244,7,'C','A',87,'M',1.59,NULL,NULL),(1215,'CRYSTHOFER BRANDON','SOLIZ VIAMONT ','2014-08-24',10,52,'15587405',13,266,7,'C','P',97,'M',1.52,NULL,NULL),(1216,'CALEB BRANDON ','TORRICO JALLASI','2017-08-05',7,27.9,'16585198',13,245,7,'C','A',87,'M',1.19,NULL,NULL),(1217,'MATÍAS IVAN ','FERNANDEZ VARGAS','2014-12-21',10,50.4,'17037747',13,244,7,'C','A',87,'M',1.48,NULL,NULL),(1218,'ARTURO ','UCIEDA','2023-12-12',1,37.9,'q19384847',13,266,7,'C','E',97,'M',1.41,NULL,NULL),(1219,'ANGEL SANTIAGO ','ALEMÁN RODRÍGUEZ ','2013-01-22',11,68.7,'12953580',4,268,7,'C','A',97,'M',145,NULL,NULL),(1220,'DULCE GABRIEL ','ALEMÁN RODRÍGUEZ','2010-12-15',14,48.8,'12504066',4,268,7,'C','A',97,'F',165,NULL,NULL),(1221,'ELMER ARTURO','MAMANI UCIEDA','2014-03-22',10,37.8,'14816411',13,266,7,'C','A',97,'M',1.41,NULL,NULL),(1222,'JOSUE ERNESTO','MERCADO RIVERO','2005-10-10',19,56.3,'12343151',2,276,7,'C','P',100,'M',1.69,NULL,NULL),(1223,'JOSUE BENJAMIN','GARCIA ESCALERA','2005-09-14',19,67.8,'13066375',2,282,7,'P','A',103,'M',1.64,NULL,NULL),(1224,'SERGIO','GALARZA BECERRA ','1998-10-15',26,62.1,'8815143',11,275,7,'C','A',100,'M',156,NULL,NULL),(1225,'NELLY ','GALARZA SALAS ','2015-07-07',9,22.1,'15296649',11,273,7,'C','A',99,'F',1.2,NULL,NULL),(1226,'ANDREINA ','CLARES CAVEROS','2008-04-28',16,53,'14515436',11,245,7,'C','A',87,'F',1.54,NULL,NULL),(1227,'JHOSELIN ','VEGAMONTE ENRRIQUEZ','2011-03-25',13,43,'12431013',11,244,7,'C','A',87,'F',1.49,NULL,NULL),(1228,'JHENIFER','LÓPEZ VARGAS','2010-12-30',14,48,'14440673',11,245,7,'C','A',87,'F',1.54,NULL,NULL),(1229,'MATEO','VIDAURRE CALLE','2017-07-25',7,16,'14829955',11,266,7,'C','A',97,'M',45,NULL,NULL),(1230,'BRIAN SANTIAGO','VIDAURRE CALLE','2010-08-19',14,60,'13943826',11,268,7,'C','P',97,'M',1.69,NULL,NULL),(1231,'TAMARA','VIDAURRE CALLE','2013-12-31',11,39.5,'13943895',11,268,7,'C','A',97,'F',1.43,NULL,NULL),(1232,'DANITZA','COCA ARRASCAIN','2010-03-01',14,51,'14516243',11,245,7,'C','A',87,'F',1.56,NULL,NULL),(1233,'JHAIR EDSON','QUISPE FERNANDEZ','2014-01-05',10,43.4,'15386850',1,286,7,'P','A',104,'M',1.4,NULL,NULL),(1234,'LUIS DANIEL ','ALTAMIRANO APANA','2015-05-26',9,30,'14108318',2,268,7,'C','P',97,'M',1,NULL,NULL),(1235,'RICARDO WENRY','MENDOZA VILLAROEL','1997-09-27',27,62.9,'13417759',3,0,7,'C','P',0,'M',1.7,NULL,NULL),(1236,'JHAIR EDSON ','QUISPE FERNANDEZ','2014-01-05',10,41,'15386850',1,0,8,'R','E',0,'M',1,NULL,NULL),(1237,'DAVID ALEJANDRO','MERCADO SABJA','2001-06-12',23,1,'6417679',3,406,8,'R','A',128,'M',1,'55:65',NULL),(1238,'SERGIO BERNARDO','CLAROS CALERO','2010-11-20',14,1,'12936821',3,403,8,'R','A',128,'M',1,'58',NULL),(1239,'MAITE LUCIANA','OJALVO TRUJILLO','2018-09-01',6,23,'16251948',3,395,8,'R','A',125,'F',1.1,'52',NULL),(1240,'STEFANY BRIGITE','QUISPE PANOSO','2013-11-14',11,1,'1',3,395,8,'R','A',125,'F',1,'52',NULL),(1241,'GIULIANA ANTONELLA','MARILEO QUINTEROS','2015-07-05',9,1,'1',3,393,8,'R','A',124,'F',1,'52',NULL),(1242,'NICOLAS SANTIAGO ','MERCADO VILLCA','2020-07-03',4,1,'1',3,396,8,'R','A',125,'M',1,'52',NULL),(1243,'DILAN ADRIAN','ANTEZANA RODRIGUEZ','2017-09-20',7,1,'1',3,394,8,'R','A',124,'M',1,'57',NULL),(1244,'CAUE','LOPEZ SUXO','2006-07-03',18,71,'8436555',17,400,8,'R','A',126,'M',1.82,'52',NULL),(1245,'CAUE','LOPEZ SUXO','2006-07-03',18,71,'8436555',17,400,8,'R','A',126,'M',1.82,'54',NULL),(1246,'EMILY LUCIA','ESPINOZA DE LA FUENTE','2013-10-14',11,54.2,'14735701',1,396,8,'R','A',125,'F',1.47,'52',NULL),(1247,'CRISTHIAN GABRIEL','COARITE NINA','2015-10-12',9,38,'15942013',5,395,8,'R','A',125,'M',128,'52',NULL),(1248,'MATEO ANDRES','LICONA AVILES','2015-07-08',9,31,'14763094',5,397,8,'R','A',125,'M',133,'52:58',NULL),(1249,'ARIANET BELEN','GONZALES MOLINA','2013-11-10',11,49,'14814012',5,395,8,'R','A',125,'F',140.9,'53:67',NULL),(1250,'AGUSTIN MAURICIO ','ATAHUICHI CAYOJA','2011-05-27',13,55,'14835195',5,400,8,'R','A',126,'M',148.6,'58:67',NULL),(1251,'KIRA ALISON ','BARZOLA VEIZAGA','2010-04-23',14,46.5,'10994058',5,402,8,'R','A',127,'F',155.2,'62',NULL),(1252,'LAURA COSSET','GUMIEL ROQUE ','2007-01-02',17,52,'12906030',5,400,8,'R','A',126,'F',1.64,'53:60',NULL),(1253,'DAFNE THAIS','GUMIEL ROQUE','2009-11-26',15,60,'12906031',5,400,8,'R','A',126,'F',1.61,'52:61',NULL),(1254,'JOSUE FABRICIO ','GUMIEL ROQUE','2012-01-24',12,50,'12906368',5,400,8,'R','A',126,'M',150,'61',NULL),(1255,'MISAEL BENJAMIN ','MARQUINA SANCHEZ','2009-11-30',15,76.9,'14095681',5,401,8,'R','A',127,'M',1.61,'52:58',NULL),(1256,'MATIAS ALEJANDRO ','MARQUINA SANCHEZ ','2012-11-28',12,52.35,'16353473',5,399,8,'R','A',126,'M',1.42,'52',NULL),(1257,'ANNEE PEYTON ','TRIGO ALVAREZ','2016-08-12',8,24,'16650167',5,395,8,'R','A',125,'F',119,'53',NULL),(1258,'DAVID EMMANUEL','TRIGO RODRIGUEZ','1985-09-13',39,84,'6117136',5,394,8,'R','A',124,'M',169.6,'52',NULL),(1259,'ELIAS ANGEL','GONZALES CHOQUE','2015-02-11',9,34,'16711844',5,395,8,'R','A',125,'M',136.2,'52',NULL),(1260,'ELIANA LETICIA','GONZALES CHOQUE','2013-07-12',11,54,'16711858',5,395,8,'R','A',125,'F',152.6,'58',NULL),(1261,'DANIELA DE LOS ANGELES','GONZALES CHOQUE','2007-02-27',17,47,'16711868',5,395,8,'R','A',125,'F',160.9,'52',NULL),(1262,'ALEXIS ','CORDOVA MONTECINOS','2011-11-16',13,40,'15221617',5,397,8,'R','A',125,'M',153.5,'52:67',NULL),(1263,'FERNANDA SARAI','CHACON TENORIO','2013-06-11',11,53,'16730186',5,397,8,'R','A',125,'F',145.8,'61',NULL),(1264,'MAIRA','HINOJOSA ROJAS','2010-02-01',14,54,'9447037',5,402,8,'R','A',127,'F',152.8,'52:61:67',NULL),(1265,'JORGE IGNACIO','ALVARADO BERAZAIN','2011-04-16',13,57,'13476794',5,394,8,'R','A',124,'M',167.8,'53:58:60:67',NULL),(1266,'THOMAS STEVEN','FLORES RIOS','2016-01-03',8,28,'15995911',5,394,8,'R','A',124,'M',134.2,'52',NULL),(1267,'GUSTAVO ALEX ','MONTEIRO DA SILVA','2010-07-06',14,55.4,'E-10755915',5,402,8,'R','A',127,'M',1.7,'58',NULL),(1268,'SALVADOR ','GLADE CASTELLON ','2008-12-25',16,57,'13875037',5,403,8,'R','A',128,'M',173,'58:67',NULL),(1269,'CARLOS DAVID','CHACON TENORIO','2011-02-06',13,59,'16067930',5,397,8,'R','A',125,'M',157.7,'52:58:67',NULL),(1270,'FERNANDO ENRIQUE','ZEBALLOS REVOLLO','2016-05-30',8,33,'14585057',5,398,8,'R','A',126,'M',131.8,'52:60',NULL),(1271,'NICOLAS CRISTIAN ','MARTINEZ GUARACHI ','2011-08-04',13,37.6,'14196223',5,403,8,'R','A',128,'M',1.47,'60:67',NULL),(1272,'NICOLE ALISON','LAZARTE GONZALES','2006-12-07',18,46.6,'13752134',5,401,8,'R','A',127,'F',1.5,'67',NULL),(1273,'AYELEN BETANIA','LAZARTE GONZALES','2013-11-27',11,37.5,'15236730',5,401,8,'R','A',127,'F',140.2,'61',NULL),(1274,'FRANCISCO FIDEL','AZCUI MANCILLA','2005-09-01',19,68,'9445477',5,403,8,'R','A',128,'M',176,'58:60:67',NULL),(1275,'PABLO ENRIQUE ','VALDIVIESO','2010-04-25',14,74,'16245936',5,402,8,'R','A',127,'M',1.74,'56',NULL),(1276,'MARIZABEL','MARIN BELTRAN','1985-05-09',39,70,'5272135',5,404,8,'R','A',128,'F',145,'53',NULL),(1277,'PATRICIA NANCY','LUIZAGA CARDOZO','1984-07-07',40,52.5,'4414173',5,402,8,'R','A',127,'F',158.9,'53',NULL),(1278,'ALEJANDRA ','ALVAREZ PECA','1997-05-14',27,52,'12720458',5,394,8,'R','A',124,'F',147,'58',NULL),(1279,'GAEL ANDRES','BUSTO TERCEROD','2012-11-22',12,37,'14582700',5,393,8,'R','A',124,'M',137,'58',NULL),(1280,'ELIAS JULIAN','BUSTO TERCEROS','2011-03-16',13,46,'12648711',5,393,8,'R','A',124,'M',161,'52:58',NULL),(1281,'GABRIELA GISEL','MAMANI DIAZ','2014-09-06',10,1,'00000002',1,394,8,'R','A',124,'F',1,'63:52:57:58',NULL),(1282,'MAYA AYLEN ','MAMANI MERCADO','2017-10-25',7,1,'16689915',1,396,8,'R','A',125,'F',1,'52:53:57',NULL),(1283,'SAMANTA MIA ','SHIMOKAWA MAMANI','2017-01-16',7,10,'14866004',1,396,8,'R','A',125,'F',1,'63:57:52:53',NULL),(1284,'ALDRIN THIAGO','GRACIAS VEIZAGA','2015-04-15',9,1,'15756892',1,393,8,'R','A',124,'M',1,'53:54',NULL),(1285,'GABRIELA ALEJANDRA ','VEGA GUAYNOCA','2013-11-26',11,30.7,'15004174',1,396,8,'R','A',125,'F',1.31,'63:58',NULL),(1286,'LUZ CAMILA','LEON NOYA','2010-04-25',14,55.9,'12869218',1,396,8,'R','A',125,'F',1.53,'67:63:61',NULL),(1287,'DAMARIS LIZETH','LEON NOYA','2005-10-15',19,1,'7404245',1,393,8,'R','A',124,'F',1,'53',NULL),(1288,'JHOEL','PACOHUANCA VELIZ','2005-04-09',19,59.4,'16149300',1,395,8,'R','A',125,'M',1.66,'58:60',NULL),(1289,'DYLAN ','PAOHUANCA VELIZ','2012-12-31',12,1,'16149252',1,394,8,'R','A',124,'M',1,'54:52',NULL),(1290,'CAROLINA','PACOHUANCA VELIZ','2008-10-30',16,54.4,'012024',1,393,8,'R','A',124,'F',1.6,'63:54',NULL),(1291,'GENESIS',' PACOHUANCA VELIZ','2006-06-27',18,62,'16115141',1,395,8,'R','A',125,'F',1.61,'54:61',NULL),(1292,'VANIA ','QUISPE RIOS ','2012-07-26',12,36,'14735067',1,401,8,'R','A',127,'F',1.1,'67:56:60:53',NULL),(1293,'JHISSEL ORIANA','TRUJILLO CARREÑO','2008-11-20',16,1,'13259492',1,395,8,'R','A',125,'F',1,'61',NULL),(1294,'JHOVANY MATIAS','ALEGRE ARCANGEL','2013-08-28',11,36.8,'10000001',1,396,8,'R','A',125,'M',1.43,'67:58',NULL),(1295,'ASENET CAMILA MIA','ALIAGA RUIZ','2015-12-01',9,1,'15096104',1,395,8,'R','A',125,'F',1,'52',NULL),(1296,'DAYRA ','CHOQUEVILLCA CAMACHO','2015-07-20',9,1,'16009796',1,394,8,'R','A',124,'F',1,'53',NULL),(1297,'NEYMAR','CHOQUEVILLCA CAMACHO','2013-02-23',11,1,'16009816',1,394,8,'R','A',124,'M',1,'53',NULL),(1298,'JHONNY GABRIEL','FULGUERA OCAMPO','2008-02-27',16,1,'00000015',1,393,8,'R','A',124,'M',1,'58:53',NULL),(1299,'NICOLAS','LOPEZ ARIAS','2016-06-05',8,1,'14646831',3,396,8,'R','A',125,'M',1,'52',NULL),(1300,'ANAHI JHISEL','RAMOS VILLARROEL','2010-07-13',14,55.8,'13161815',1,402,8,'R','A',127,'F',1.6,'61:63',NULL),(1301,'JHIOVANA','VILLARROEL ROCHA','1981-09-15',43,75.7,'5276623',1,398,8,'R','A',126,'F',1.56,'53',NULL),(1302,'AGUSTÍN','TRIVEÑO FUNES','2015-12-07',9,1,'15321340',3,395,8,'R','A',125,'M',1,'52',NULL),(1303,'LUIS','HUANCA','2006-03-19',18,52.5,'Non',3,0,8,'R','E',0,'M',1.71,NULL,NULL),(1304,'MATIAS JHERAL','ESPINOZA CORDOVA','2008-12-05',16,1,'0000016',1,393,8,'R','A',124,'M',1,'58',NULL),(1305,'LUIS LEO','HUANCA YUCRA','2005-11-30',19,56.9,'13620770',3,402,8,'R','A',127,'M',1.72,'65:58',NULL),(1306,'YHAIL EDUARDO','HUANCA YUCRA','2008-09-13',16,54.2,'13620884',3,401,8,'R','A',127,'M',1.71,'65:62',NULL),(1307,'RICARDO ENRIQUE','RAMOS MOSCOSO','1982-04-18',42,108.1,'1223181',1,397,8,'R','A',125,'M',1.67,'53',NULL),(1308,'NICOLÁS ALESSANDRO','RODRIGUEZ ROMERO','2016-11-02',8,1,'15573792',3,395,8,'R','A',125,'M',1,'52',NULL),(1309,'LUCIANA CAMILA','CHAVEZ CORDOBA','2008-11-19',16,45,'13748343',3,402,8,'R','A',127,'F',1.58,'62',NULL),(1310,'JORGE MAURICIO','MAGNE COCA','2000-09-29',24,1,'9302713',1,403,8,'R','A',128,'M',1,'56',NULL),(1311,'MELANY','GARCÍA TELLEZ','2005-04-24',19,57,'8829755',3,402,8,'R','A',127,'F',1.61,'61',NULL),(1312,'CARLA VALENTINA','GUEVARA LUNAR','2014-06-20',10,1,'E11259424',3,400,8,'R','A',126,'F',1,'61',NULL),(1313,'ESTER','ASCARRUNZ GONZÁLEZ','2011-11-28',13,1,'1',3,394,8,'R','A',124,'F',1,'57',NULL),(1314,'IAN GAEL','ALELUYA CANDIA','2014-12-30',10,1,'16738641',1,393,8,'R','A',124,'M',1,'52',NULL),(1315,'FIORELLA SOFIA','JACOBS MOLINA','2016-08-01',8,25.5,'15399079',3,401,8,'R','A',127,'F',1.21,'56',NULL),(1316,'MARIA CONCEPCION','ROCA ACHIVARE','1982-12-08',42,55,'4197928',3,404,8,'R','A',128,'F',1.6,'56',NULL),(1317,'BERNARDO ANTONIO','SABJA ROCA','2007-04-10',17,1,'9494682',3,403,8,'R','A',128,'M',1,'52',NULL),(1318,'VALERY REYCHEL','GUAMAN ZENTENO','2005-12-28',19,58.5,'9488322',1,398,8,'R','A',126,'F',1.59,'53:57',NULL),(1319,'SHEILA','OLIVERA CHOQUE','2008-11-16',16,60.2,'13465201',1,403,8,'R','A',128,'F',1.67,'63:54',NULL),(1320,'JHIM ANGELO','ARIAS HINOJOSA','2005-03-16',19,86,'7402901',1,399,8,'R','A',126,'M',1.82,'52',NULL),(1321,'WALTER THABIT','ENCINAS CHURATA','2012-01-10',12,40.4,'13257905',1,396,8,'R','A',125,'M',1.6,'58:57',NULL),(1322,'CLAUDIO DIEGO ','ENCINAS CHURATA','2003-03-21',21,48.6,'12905198',1,403,8,'R','A',128,'M',1.57,'67:63:60',NULL),(1323,'SOPHIA ','AGREDA FLORES','2005-10-26',19,54.5,'48030910R',1,402,8,'R','A',127,'F',1.62,'67:58',NULL),(1324,'ARIANA','CHOQUE SILES','2004-11-13',20,46.5,'7946242',1,398,8,'R','A',126,'F',1.51,'67:61:60:57:58',NULL),(1325,'MARIAN FILOMENA ','ARIAS HINOJOSA','2003-06-27',21,53.7,'7402921',1,401,8,'R','A',127,'F',1.6,'67',NULL),(1326,'MAYUMI TATIANA ','FERNANDEZ LAFUENTE','2004-12-30',20,55.7,'12494610',1,402,8,'R','A',127,'F',1.59,'67:59:61',NULL),(1327,'LUIS ANGEL','CADIMA YAVI','2010-12-24',14,1,'6402857',1,395,8,'R','A',125,'M',1,'67:57',NULL),(1328,'ETHAN SANTIAGO','VILLARROEL PARDO','2017-12-09',7,25,'16273383',17,396,8,'R','A',125,'M',1.1,'52',NULL),(1329,'DEYLI LUCERO','BALDERRAMA GUTIERREZ','2011-09-14',13,41.8,'1358977',1,395,8,'R','A',125,'F',1.58,'67',NULL),(1330,'PABLO RODRIGO ','COLQUE PEÑARANDA','2016-05-04',8,35,'14491781',17,394,8,'R','A',124,'M',1.25,'52',NULL),(1331,'PAULA MILENA','ARAOZ SOLARES','2010-03-31',14,60,'9516688',17,396,8,'R','A',125,'F',1.55,'52',NULL),(1332,'JHONATAN JOSE','CAMACHO MALDONADO','1998-04-27',26,1,'8844881',1,401,8,'R','A',127,'M',1,'52:57',NULL),(1333,'JOSEPH','JALDIN VALLEJOS','2012-11-11',12,39.4,'15429159',1,401,8,'R','A',127,'M',1.35,'67:63:60',NULL),(1334,'ARIANE GUADALUPE','CADIMA YAVI','2015-12-18',9,1,'1601845',1,396,8,'R','A',125,'F',1,'57',NULL),(1335,'ALISON THAIS ','MAMANI TORREZ','2008-06-20',16,1,'13260665',1,403,8,'R','A',128,'F',1,'61:58:63',NULL),(1336,'LESLY JAZMIN','HERRERA QUISPE','2006-07-25',18,1,'000000006',1,397,8,'R','A',125,'F',1,'67:61:52',NULL),(1337,'JORGE FABIÁN ','MELENDRES BENITEZ ','2013-08-30',11,46.3,'13225122',8,0,8,'R','E',0,'M',1.45,NULL,NULL),(1338,'RONALDO ','CHOQUE MONTES','1999-06-11',25,87.4,'9383261',6,404,8,'R','A',128,'M',1.7,'57',NULL),(1339,'JORGE FABIAN','MELENDRES BENITEZ','2013-08-30',11,47.8,'13225122',6,402,8,'R','A',127,'M',1.5,'57',NULL),(1340,'MICHIELLE','CONDARCO','2009-01-13',15,1,'12969834',3,394,8,'R','A',124,'F',1,'56',NULL),(1341,'MATIAS RAFAEL','SARAVIA ENCINAS','2008-07-31',16,52,'12906326',3,399,8,'R','A',126,'M',1.67,'56',NULL),(1342,'MATIAS RAFAEL','SARAVIA ENCINAS','2008-07-30',16,52,'12906326',3,0,8,'R','E',0,'M',1.67,NULL,NULL),(1343,'MATIAS RAFAEL','SARAVIA ENCINAS','2008-07-30',16,52,'12906326',3,0,8,'R','E',0,'M',1.67,NULL,NULL),(1344,'FRENANDO','GRAGEDA BARROSO','2005-12-30',19,1,'13472731',3,403,8,'R','A',128,'M',1,'54',NULL),(1345,'ALEXANDRA HATSU','CHAMBI VILLARROEL','2018-11-12',6,21,'15503457',7,393,8,'R','A',124,'F',1.05,'53',NULL),(1346,'LUCIANO','FERNÁNDEZ ROJAS','2014-12-15',10,1,'14814488',3,396,8,'R','A',125,'M',1,'61',NULL),(1347,'HUGO FRANCISCO','MONTAÑO VIDAL','2009-04-27',15,1,'9394758',3,401,8,'R','A',127,'M',1,'58',NULL),(1348,'MILENKA','CATORCENO GUZMÁN','2003-04-06',21,1,'9380824',3,398,8,'R','A',126,'F',1,'57',NULL),(1349,'JUAN DAVID','RONDAN APAZAN','2007-06-22',17,1,'0000018',1,394,8,'R','A',124,'M',1,'52',NULL),(1350,'URIEL ANDRES','GARCIA ESCOBAR','2014-12-27',10,48,'14094691',17,395,8,'R','A',125,'M',1.55,'52',NULL),(1351,'ANDREA','CERVANTES FLORES','2013-08-09',11,39.8,'15043596',1,400,8,'R','A',126,'F',1.44,'67:63:52:61',NULL),(1352,'FIEL AZRIEL','CHOQUE MANCILLA','2009-12-15',15,47.9,'12868998 ',1,396,8,'R','A',125,'F',1.51,'67',NULL),(1353,'MARLI LEYLA','MERCADO SABJA','2006-10-13',18,61.5,'9453255',3,403,8,'R','A',128,'F',1.61,'62',NULL),(1354,'JHAIR EDSON ','QUISPE FERNANDEZ','2014-01-05',10,41,'15386850',1,403,8,'R','A',128,'M',1,'52:56',NULL),(1355,'JORGE ARMANDO ','CHAMBI JANCOO ','1986-06-18',38,130,'5241142',7,405,8,'R','A',128,'M',1.84,'53',NULL),(1356,'ADRIAN RODRIGO','CHOQUEVILLCA CAMACHO','1986-12-15',38,108,'6402857',1,406,8,'R','A',128,'M',1.7,'53:54',NULL),(1357,'DAVID ARIEL ','LIJERON FERNANDEZ ','2001-04-06',23,63,'7962178',5,405,8,'R','A',128,'M',1.72,'67',NULL),(1358,'DAVID ANGEL','AGUILAR ZUBIETA','2003-01-10',21,63.3,'9483435',2,0,8,'R','E',0,'M',1.64,NULL,NULL),(1359,'DAVID ANGEL','AGUILAR ZUBIETA','2003-01-10',21,63.3,'9483435',2,0,8,'P','E',0,'M',1.64,NULL,NULL),(1360,'DAVID ANGEL','AGUILAR ZUBIETA','2003-01-10',21,63.3,'9483435',2,0,8,'P','E',0,'M',1.64,NULL,NULL),(1361,'DAVID ANGEL','AGUILAR ZUBIETA','2003-01-10',21,63.3,'9483435',2,405,8,'R','A',128,'M',1.64,'58',NULL),(1362,'MIKAELA ARACELI','AGUILAR ZUBIETA','2004-03-15',20,49.3,'9483436',2,405,8,'R','A',128,'F',1.56,'54',NULL),(1363,'MIKAELA ARACELI','AGUILAR ZUBIETA','2004-03-15',20,49.3,'9483436',2,0,8,'R','E',0,'F',1.56,NULL,NULL),(1364,'JOSUE ERNESTO','MERCADO RIVERO','2005-10-10',19,56.3,'12343151',2,405,8,'R','A',128,'M',1.69,'59',NULL),(1365,'ALEXANDRA JHORHELY ','MONTAÑO BARRON','2007-03-02',17,62,'1',2,402,8,'R','A',127,'F',0,'54',NULL),(1366,'CARLA ALMUDENA','PARIENTE CONDORI','2007-12-20',17,60,'14268020',2,402,8,'R','A',127,'F',1.57,'61',NULL),(1367,'SANTIAGO EDWARD ','ESCOBAR LEYVA','2009-02-20',15,67,'13347855',2,402,8,'R','A',127,'M',1.76,'52',NULL),(1368,'MARISEL','LOPEZ SOLIZ','2010-04-22',14,53.5,'13258192',1,396,8,'R','A',125,'F',1.56,'53:54',NULL),(1369,'NICOLE ','CAMACHO ROSALES','2003-10-12',21,51,'13594270',2,401,8,'R','A',127,'F',1.63,'58',NULL),(1370,'ASSIER','MIRANDA CRUZ','2009-10-29',15,1,'00000010',1,397,8,'R','A',125,'M',1,'53:60',NULL),(1371,'JOSE LEANDRO','MOLINA MEDRANO','2001-10-09',23,61,'13416290',2,401,8,'R','A',127,'M',1.72,'56',NULL),(1372,'DIEGO ARMANDO ','CUTIPA RAMIREZ','2007-10-03',17,57,'13499248',2,400,8,'R','A',126,'M',1.67,'59',NULL),(1373,'LUCIANA ALEJANDRA','GALARZA MORALES','2007-10-29',17,58,'12494179',2,398,8,'R','A',126,'F',1.63,'58',NULL),(1374,'GABRIELA CELESTE','GALARZA MORALES','2016-03-21',8,27,'16960251',2,393,8,'R','A',124,'F',1.2,'58',NULL),(1375,'THIAGO OLIVER','CASTILLO YUCRA','2013-01-07',11,32,'1253647',7,399,8,'R','A',126,'M',1.2,'53',NULL),(1376,'EMILY ANABEL ','GUILLEN VILLEGAS','2008-08-24',16,54.8,'13750013',2,398,8,'R','A',126,'F',1.54,'54',NULL),(1377,'NICOLE ALEJANDRA ','QUISBERT CABALLERO','2010-07-01',14,1,'13717457',2,397,8,'R','A',125,'F',1,'53:61',NULL),(1378,'STEVEN','CHOQUE SANTOS','2008-06-19',16,61.3,'15012108',2,0,8,'R','E',0,'M',1.71,NULL,NULL),(1379,'STEVEN','CHOQUE SANTOS','2008-06-19',16,59.1,'15012108',2,398,8,'R','A',126,'M',1.71,'52',NULL),(1380,'JENNIFER MELANY','VALLEJOS GONZALES','2006-10-22',18,60.5,'14645765',2,398,8,'R','A',126,'F',162,'52',NULL),(1381,'CAMILA RAFAELA','SANCHEZ QUEZADA','2011-07-09',13,1,'14383102',2,396,8,'R','A',125,'F',1,'52',NULL),(1382,'MAURICIO JOSE','PEREZ SANDOVAL','2012-05-26',12,1,'13228147',2,395,8,'R','A',125,'M',1,'52',NULL),(1383,'EZEQUIAS SHELEN ','ILLANES ARTEGA','2011-05-11',13,39.7,'15245979',2,398,8,'R','A',126,'M',1.39,'52:57',NULL),(1384,'JOSUE ERNESTO','MERCADO RIVERO','2005-10-10',19,56.3,'12343151',2,0,8,'P','E',0,'M',1.69,NULL,NULL),(1385,'JOSUE ERNESTO','MERCADO RIVERO','2005-10-10',19,56.3,'12343151',2,0,8,'D','P',0,'M',1.69,NULL,NULL),(1386,'JOSUE ERNESTO','MERCADO RIVERO','2005-10-10',19,56.3,'12343151',2,0,8,'P','E',0,'M',1.69,NULL,NULL),(1387,'VICTOR MANUEL','ANDRADE GUZMAN ','2014-10-20',10,40,'15270503',4,397,8,'R','A',125,'M',1.2,'56',NULL),(1388,'MAR NAOMI','DIAZ BAPTISTA','2013-07-28',11,33,'13380284',4,402,8,'R','A',127,'F',1.34,'61',NULL),(1389,'JUAN DAVID','ESPINOZA DELGADILLO','2009-08-26',15,1,'9832995',4,397,8,'R','A',125,'M',1,'52:56',NULL),(1390,'ROSALBA ','PATTY CHUNGARA','2012-04-14',12,50.9,'14385297',4,396,8,'R','A',125,'F',1,'56',NULL),(1391,'ROSALBA ','PATTY CHUNGARA','2012-04-14',12,50.9,'14385297',4,0,8,'R','E',0,'F',0,NULL,NULL),(1392,'KHALED JHEYCOB','LEVITO SANTANDER','2017-03-01',7,1,'15168568',4,394,8,'R','A',124,'M',1,'61',NULL),(1393,'ARIANA NOELIA','PINTO ROMERO','2012-12-21',12,46.2,'14695867',4,397,8,'R','P',125,'F',1,'61',NULL),(1394,'ALEJANDRA ','HERBAS RODRIGUEZ','2016-04-05',8,1,'14814654',4,395,8,'R','A',125,'F',1,'56:61',NULL),(1395,'LUCAS SEBASTIÁN',' AGUILAR MARTINEZ','2016-01-27',8,1,'16114294',4,395,8,'R','A',125,'M',1,'56:52',NULL),(1396,'LETIZIA RUTH','SILES ARTUNDUAGA','2018-12-07',6,1,'15533090',4,393,8,'R','A',124,'F',1,'56:52',NULL),(1397,'KENDRA ARELIZ','RODRIGUEZ VACA','2013-07-22',11,55.8,'13132968',4,397,8,'R','A',125,'F',1,'61',NULL),(1398,'TOMAS ','ANDIA MERCAD','2016-08-02',8,22,'14743946',4,395,8,'R','A',125,'M',1.16,'56:61',NULL),(1399,'KEYTHLEEN ','VILLARROEL PLAZA','2015-03-24',9,1,'0',4,396,8,'R','A',125,'F',1,'57',NULL),(1400,'SEBASTIAN MATEO','CUTILE FLORES','2014-02-27',10,49,'14620857',4,397,8,'R','P',125,'M',1.5,'56',NULL),(1401,'ANGELA ','ARGUEDAS CRUZ','2010-09-09',14,1,'1',4,393,8,'R','A',124,'F',1,'56',NULL),(1402,'TAYLOR LUCAS','VILLARROEL PLAZA ','2012-10-30',12,3,'13224713',4,396,8,'R','A',125,'M',120,'62',NULL),(1403,'IAN MARCO','VILLARROEL PLAZA ','2009-07-10',15,2,'9423620',4,396,8,'R','A',125,'M',2,'54',NULL),(1404,'SANTIAGO NICOLÁS ','HERBAS RODRÍGUEZ ','2010-11-07',14,2,'9503255',4,395,8,'R','A',125,'M',2,'56:61',NULL),(1405,'JORGE ABEL ','AÑEZ SENO','2000-05-12',24,78,'14852205',4,397,8,'R','A',125,'M',1,'56:52',NULL),(1406,'AGUSTIN JOHANN','SILES ARTUNDUAGA','2013-08-28',11,42.9,'14255286',4,396,8,'R','A',125,'M',1.32,'56:52',NULL),(1407,'LETIZIA RUTH','SILES ARTUNDUAGA','2018-12-07',6,1,'15533090',4,393,8,'R','E',124,'F',1,'56:52',NULL),(1408,'ROSALBA ','PATTY CHUNGARA','2012-04-14',12,50.89,'14385297',4,396,8,'R','E',125,'F',123,'56',NULL),(1409,'ANGHELO NEYMAR','CLAURE DIAZ','2011-12-28',13,1,'14234245',3,400,8,'R','A',126,'M',1,'62',NULL),(1410,'PRUEBA','FUNCIONAMIENTO','2019-01-23',5,23,'124265',13,315,8,'C','P',115,'M',1.43,NULL,29);
/*!40000 ALTER TABLE `competidor` ENABLE KEYS */;
UNLOCK TABLES;

--
-- Table structure for table `competidorsinpelea`
--

DROP TABLE IF EXISTS `competidorsinpelea`;
/*!40101 SET @saved_cs_client     = @@character_set_client */;
/*!50503 SET character_set_client = utf8mb4 */;
CREATE TABLE `competidorsinpelea` (
  `idcompetidor` int(11) NOT NULL AUTO_INCREMENT,
  `nombres` varchar(45) DEFAULT NULL,
  `apellidos` varchar(45) DEFAULT NULL,
  `fecha` date DEFAULT NULL,
  `edad` int(11) DEFAULT NULL,
  `peso` float DEFAULT NULL,
  `ci` varchar(45) DEFAULT NULL,
  `idclub` int(11) DEFAULT NULL,
  `idcinturon` int(11) DEFAULT NULL,
  `idcampeonato` int(11) DEFAULT NULL,
  `tipo` varchar(5) DEFAULT NULL,
  `estado` varchar(1) DEFAULT 'A',
  `idgrado` int(11) DEFAULT NULL,
  `genero` varchar(1) DEFAULT NULL,
  `altura` float DEFAULT NULL,
  PRIMARY KEY (`idcompetidor`)
) ENGINE=InnoDB AUTO_INCREMENT=814 DEFAULT CHARSET=latin1;
/*!40101 SET character_set_client = @saved_cs_client */;

--
-- Dumping data for table `competidorsinpelea`
--

LOCK TABLES `competidorsinpelea` WRITE;
/*!40000 ALTER TABLE `competidorsinpelea` DISABLE KEYS */;
INSERT INTO `competidorsinpelea` VALUES (3,'DAVID','BENITE ','2013-04-15',10,32,';;;',12,2,2,'C','E',1,'M',130),(4,'JUAQUIN ','CESPEDES FLORES','2013-11-08',10,48.9,'16857294',4,2,2,'C','E',1,'M',1.41),(5,'MATIAS','VELAZQUES','2013-06-15',10,55,';;;',12,3,2,'C','E',1,'M',150),(6,'JOSE GERARDO ','OBANDO ROCABADO','2012-03-02',11,57.3,'15336578',7,2,2,'C','E',1,'M',1.51),(7,'ADRIAN NICOLAS','AREVALO LUIZAGA','2011-05-21',12,27.8,'16562449',4,3,2,'C','E',1,'M',1.38),(8,'EZEQUIAS SHELEN','ILLANES ARTEAGA','2011-01-01',13,38.6,'1',2,2,2,'C','E',1,'M',1.36),(9,'AGUSTIN MAURICIO ','ATAHUICHI CAYOJA','2011-05-27',12,56.6,'14835195',5,3,2,'C','E',1,'M',1.48),(10,'MIGUEL ANGEL','QUISPE QUISPE','2011-10-24',12,62.2,'16037123',13,1,2,'C','E',1,'M',1.69),(11,'CAMILO EZEQUIEL','PEREDO LIZARAZU','2008-10-02',15,67.2,'15146833',3,1,2,'C','E',1,'M',1.64),(12,'MATIAS ALEJANDRO','CAMACHO ORTIZ','2008-11-13',15,78.3,'13097892',13,2,2,'C','E',1,'M',1.68),(13,'ARMANDO','SOLIZ ARI','2004-02-06',19,49,'7379976',9,3,2,'C','E',1,'M',1.6),(14,'JOSUE BENJAMIN','GARCIA ESCALERA','2005-09-14',18,67.8,'13066375',2,1,2,'C','E',1,'M',1.64),(15,'JUNIOR','QUISPE','2023-04-15',21,80,'13068490',12,3,2,'C','E',1,'M',170),(16,'FRANKLIN OMAR','QUISBERT FLORES','1988-01-04',35,73.4,'00000003',1,1,2,'C','A',1,'M',1.7),(17,'DIEGO ORLANDO ','MAITA VASQUEZ','2012-01-03',11,32.1,'14357959',1,4,2,'C','E',2,'M',1.32),(18,'CRISTOPHER','CAMACHO','2012-07-15',11,55,';;;',12,5,2,'C','E',2,'M',150),(19,'ISSAC','DELGADILLO','2011-05-15',12,45,'14732767',12,5,2,'C','E',2,'M',160),(20,'ELIAS','ORTEGA ACHIVARE','2010-11-14',13,51.7,'12850789',3,4,2,'C','E',2,'M',1.55),(21,'GUSTAVO ALEX ','MONTEIRO DA SILVA','2010-07-06',13,55.1,'E-10755915',5,6,2,'C','E',2,'M',1.58),(22,'IAN','GUZMAN','2011-04-15',12,62,'::::',12,5,2,'C','E',2,'M',165),(23,'HAROLD DAVID ','ZENTENO TORRICO','2006-03-06',17,52.1,'8780465',2,6,2,'C','E',2,'M',1.66),(24,'DIEGO ARMANDO ','CUTIPA RAMIREZ','2007-10-03',16,59,'13499248',2,5,2,'C','E',2,'M',165),(25,'BRIAN GONZALO','TERAN ARNEZ','2007-02-11',16,88,'13752921',4,6,2,'C','A',2,'M',1.76),(26,'DILAN ARON MAURICIO ','SANCHEZ MAMANI','2005-09-12',18,57,'9996023',2,7,2,'C','E',2,'M',165),(27,'JOSE LEANDRO','MOLINA MEDRANO','2001-10-09',22,80.5,'13416290',2,5,2,'C','E',2,'M',1.51),(28,'EDUARDO SANTIAGO','ROJAS HINOJOSA','2012-04-24',11,41.4,'14383248',3,10,2,'C','A',3,'M',1.36),(29,'JORGE FABIÁN ','MELENDRES BENITEZ ','2013-08-30',10,46.3,'13225122',8,10,2,'C','E',3,'M',1.45),(30,'MISAEL BENJAMIN ','MARQUINA SANCHEZ','2009-11-30',14,76.9,'14095681',5,8,2,'C','A',3,'M',1.61),(31,'BENJAMIN CALEB ','PINTO MAMANI','2006-01-31',17,57.9,'14123210',1,9,2,'C','E',3,'M',1.58),(32,'NICOLAS CRISTIAN ','MARTINEZ GUARACHI ','2011-08-04',12,37.6,'14196223',5,11,2,'C','A',5,'M',1.47),(33,'OLIVER NICOLAS','JUANEZ HERBAS','2010-03-04',13,52.6,'69507708',3,11,2,'C','A',5,'M',1.63),(34,'ANTONIO MATEO','GARCÍA LOPEZ','2007-02-22',16,60.4,'12586896',5,11,2,'C','E',5,'M',1.63),(35,'ADALID ','VEIZAGA MENCIA','2008-09-11',15,80.5,'13035879',1,13,2,'C','A',5,'M',1.59),(36,'JOSUE ERNESTO','MERCADO RIVERO','2005-10-10',18,56.3,'12343151',2,16,2,'C','E',5,'M',1.69),(37,'FERNANDO','GRAGEDA BARROSO','2005-12-30',18,89.7,'13472731',3,11,2,'C','A',5,'M',1.79),(38,'ADRIAN RODRIGO','CHOQUEVILLCA CAMACHO','1986-12-15',37,109.2,'6402857',1,16,2,'C','A',5,'M',1.7),(39,'MARIO ERNESTO','MERCADO SORIA GALVARRO','1968-09-20',55,78.2,'3035773',2,13,2,'C','A',5,'M',1.7),(40,'ANDREA','CERVANTES FLORES','2013-08-09',10,39.8,'15043596',1,3,2,'C','E',1,'F',1.44),(41,'ANDREA CECILIA','SANCHEZ ZAMBRANA ','2012-06-28',11,43.5,'14442909',4,2,2,'C','E',1,'F',1.46),(42,'KENDRA ARELIZ','RODRIGUEZ VACA','2013-07-22',10,55.8,'13132968',4,3,2,'C','A',1,'F',1),(43,'NATHALY KEISY','TORREZ GUTIERREZ','2013-01-01',11,57.2,'13749583',4,1,2,'C','A',1,'F',154),(44,'EMILY ARIANA ','GALINDO OTALORA','2010-04-11',13,49.5,'13750232',3,2,2,'C','A',1,'F',1.57),(45,'LESNY ESTHER','RAMIREZ ALVARADO','2009-02-17',14,57.6,'15590359',3,1,2,'C','A',1,'F',1.68),(46,'STEFANY ARIANA ','IRAIZOS ECHALAR','2006-06-01',17,48.7,'13225953',2,3,2,'C','E',1,'F',1.57),(47,'IBETH DANIELA','VEIZAGA ZAMBRANA','2007-02-16',16,76.5,'12713324',4,3,2,'C','E',1,'F',1.66),(48,'ARIANA','CHOQUE SILEZ','2004-11-13',19,46.5,'7946242',1,1,2,'C','E',1,'F',1.51),(49,'CAMILA ANDREA ','SALAMANCA RIVAS','2005-11-08',18,52.3,'8812096',1,3,2,'C','E',1,'F',1.55),(50,'CESIA ROMA','LAZARO MURAÑA','2004-03-09',19,80,'10479686',9,1,2,'C','E',1,'F',1.7),(51,'JHIOVANA','VILLARROEL ROCHA','1981-09-15',42,75.7,'5276623',1,2,2,'C','A',1,'F',1.56),(52,'KIRA ALISON ','BARZOLA VEIZAGA','2010-04-23',13,44.5,'10994058',5,7,2,'C','E',2,'F',1.55),(53,'ANAHI JHISEL','RAMOS VILLARROEL','2010-07-13',13,55.8,'13161815',1,7,2,'C','E',2,'F',1.6),(54,'YISEL ALEJANDRA','MONTAÑO ACHIVARE','2010-03-08',13,59.7,'13994765',3,7,2,'C','E',2,'F',1.6),(55,'JASSIEL ADRIANE','LOPEZ FERNANDEZ','2008-12-17',15,42.9,'16767497',2,6,2,'C','E',2,'F',1.51),(56,'NICOLE ALISON','LAZARTE GONZALES','2006-12-07',17,46.6,'13752134',5,4,2,'C','E',2,'F',1.5),(57,'NICOLE','CAMACHO ROSALES','2003-10-12',20,50.3,'13594270',2,6,2,'C','E',2,'F',1.61),(58,'MAR NAOMI','DIAZ BAPTISTA','2013-07-28',10,33.5,'13380284',4,9,2,'C','A',3,'F',1.35),(59,'JEAN CARLA LIZETH ','MONTAÑO CONDORI','2011-10-31',12,42,'1442007606',2,8,2,'C','E',3,'F',1.46),(60,'NATALY ','QUISPE LOPEZ','2009-12-14',13,45,'14668862',9,8,2,'C','E',3,'F',1.53),(61,'ABIGAIL MARGARITA ','SAAVEDRA CONDORI','2009-04-15',14,51.5,'13717994',2,8,2,'C','E',3,'F',1.51),(62,'VALENTINA CAMILA ','NOTTA ACOSTA ','2007-11-01',16,54.7,'13353286',5,10,2,'C','E',3,'F',1.61),(63,'MAYUMI TATIANA ','FERNANDEZ LAFUENTE','2004-12-30',19,55.7,'12494610',1,8,2,'C','E',3,'F',1.59),(64,'BRIANA ','GARCIA ESPINOZA','2011-01-01',13,46.8,'12402061',3,11,2,'C','A',5,'F',1.55),(65,'KRISTEL ASHELIN ','SORIA VALENCIA','2007-02-21',16,51.8,'14442349',1,11,2,'C','E',5,'F',1.65),(66,'MIKAELA ARACELI','AGUILAR ZUBIETA','2004-03-15',19,49.3,'9483436',2,16,2,'C','A',5,'F',1.56),(67,'MARIA CONCEPCION','ROCA ACHIVARE','1982-12-08',41,53.7,'4197928',3,13,2,'C','A',5,'F',1.6),(117,'JOEL DAVID','TERAN MONTECINOS','2008-12-29',15,46.7,'141213258',1,8,2,'C','E',3,'M',1.55),(154,'DAMIAN DEANGELO','GUMUCIO','2013-03-28',10,52.4,'AM074667',5,2,2,'C','E',1,'M',1.42),(253,'LIZETH','LEÓN CLAROS','2009-03-25',14,63.7,'13527960',2,2,2,'C','A',1,'F',1.63),(339,'NOE','YUCRA QUISPE','2008-07-11',15,54.7,'45612',9,5,2,'C','E',2,'M',1.68),(341,'JUAN IGNACIO','GONZÁLEZ','2009-05-04',14,45,'4554564',5,5,2,'C','A',2,'M',1.5),(398,'TAYLOR LUCAS','VILLARROEL PLAZA','2012-10-30',11,30.6,'13224713',4,147,5,'C','E',54,'M',1.4),(399,'WALTER THABIT','ENCINAS CHURATA','2012-01-10',11,44.1,'13257905',1,147,5,'C','E',54,'M',1.55),(400,'MIGUEL ANGEL ','QUISPE QUISPE','2011-10-24',12,39.5,'16037123',13,147,5,'C','E',54,'M',1.45),(401,'IAN MARCO ','VILLARROEL PLAZA','2009-07-10',14,43.4,'9423620',4,147,5,'C','E',54,'M',1.61),(402,'LUIS FERNANDO','ZOTO RONDAN','2010-09-03',13,54.1,'14512071',1,146,5,'C','E',54,'M',1.56),(403,'JOSE MIGUEL','ZEBALLOS FLORES','2009-05-23',14,62.5,'1',2,147,5,'C','A',54,'M',1.68),(404,'DEMIAN ALBERT','VARGAS MEDRANO','2005-04-02',18,60.1,'12555381',1,147,5,'C','E',54,'M',1.73),(405,'ALFREDO','JANCKO LAKA','2005-11-10',18,74.4,'8036583',3,147,5,'C','E',54,'M',1.74),(406,'DIEGO ORLANDO ','MAITA VASQUEZ','2012-01-03',11,33.3,'14357959',1,187,5,'C','E',69,'M',1.37),(407,'EZEQUIAS SHELEN ','ILLANES ARTEGA','2011-05-11',12,39.7,'15245979',2,186,5,'C','E',69,'M',1.39),(408,'STEVEN','CHOQUE SANTOS','2008-06-19',15,62.3,'15012108',2,186,5,'C','E',69,'M',1.74),(409,'SAYYID EITAM','JALDIN AGUIRRE','2008-09-25',15,66,'1',3,185,5,'C','A',69,'M',1.66),(410,'NYEN AUGUSTO','VILLCA GARCIA','2007-08-23',16,79,'13622952',3,187,5,'C','A',69,'M',1.68),(411,'VICTOR HUGO','CACHI FLORES','1996-12-24',27,52.8,'8696769',11,185,5,'C','E',69,'M',1.63),(412,'JHIM ANGELO','ARIAS HINOJOSA','2005-03-16',18,85.3,'7402901',1,186,5,'C','E',69,'M',1.82),(413,'RICARDO ENRIQUE','RAMOS MOSCOSO','1982-04-18',41,107.3,'1223181',1,186,5,'C','A',69,'M',1.7),(414,'JOSEPH','JALDIN VALLEJOS','2012-11-11',11,39.5,'15429159',1,188,5,'C','E',70,'M',1.39),(415,'PABLO ERIK ','ORDOÑEZ BALCAZAR ','2012-02-29',11,48.2,'10988456',4,188,5,'C','E',70,'M',1.59),(416,'ADRIANO MATEO','OMONTE RIVAS','2011-04-15',12,47.5,'14829275',1,188,5,'C','E',70,'M',1.54),(417,'GUSTAVO ALEX ','MONTEIRO DA SILVA','2010-07-06',13,53.5,'E-10755915',5,190,5,'C','E',70,'M',1.68),(418,'DIEGO ARMANDO ','CUTIPA RAMIREZ','2007-10-03',16,60,'13499248',2,188,5,'C','E',70,'M',1.67),(419,'DOUGLAS HUGO','ZELADA','1999-08-27',24,59,'12808483',2,190,5,'C','E',70,'M',1.64),(420,'EDUARDO SANTIAGO','ROJAS HINOJOSA','2012-04-24',11,45.5,'14383248',3,192,5,'C','E',71,'M',1.42),(421,'RAMIRO DASTAN','MORALES ALANOCA','2010-12-09',13,48.4,'16382487',4,192,5,'C','E',71,'M',1.64),(422,'DILAN ARON MAURICIO ','SANCHEZ MAMANI','2005-09-12',18,57.8,'9996023',2,191,5,'C','E',71,'M',1.64),(423,'NICOLAS','MERCADO MARAÑON ','1998-08-14',25,63.5,'8831568',4,192,5,'C','A',71,'M',1.64),(424,'JOSE ARMANDO','SARABIA MIGUEL','2005-11-08',18,72.6,'12463119',1,191,5,'C','E',71,'M',1.72),(425,'OLIVER NICOLAS','JUANEZ HERBAS','2010-03-04',13,55.7,'9507708',3,193,5,'C','A',72,'M',1.67),(426,'ANTONIO MATEO','GARCÍA LOPEZ','2007-02-22',16,59.6,'12586896',5,193,5,'C','A',72,'M',1.65),(427,'MARCELINO REINALDO','QUELALI ROCHA','2001-04-22',22,75.3,'8696325',1,193,5,'C','E',72,'M',1.71),(428,'LEONARD ANTHONY ','LUJAN ROJAS','2003-05-14',20,84,'1',2,193,5,'C','E',72,'M',1.68),(429,'BRIHANA ','ZOTO RONDAN','2013-03-14',10,35.4,'16571091',1,147,5,'C','E',54,'F',1.38),(430,'SHERLYN JHANETH','HINOJOSA BALLESTEROS','2012-10-18',11,42.7,'16904401',13,147,5,'C','E',54,'F',1.49),(431,'SHIRLEY KATHERINE','LEON AGUILAR','2013-07-11',10,50.2,'14447235',1,146,5,'C','E',54,'F',1.52),(432,'EMILY LUCIA','ESPINOZA DE LA FUENTE','2013-10-14',10,54.2,'14735701',1,147,5,'C','E',54,'F',1.47),(433,'ADRIANA','ZOTO RONDAN','2009-07-07',14,49.2,'14512148',1,147,5,'C','E',54,'F',1.48),(434,'MARISEL','LOPEZ SOLIZ','2010-04-22',13,52,'13258192',1,147,5,'C','E',54,'F',1.56),(435,'NATALIA','AJAILLO LOPEZ','2008-12-16',15,50.2,'14380600',1,147,5,'C','E',54,'F',1.54),(436,'ANDREA ','CERVANTES FLORES ','2013-08-09',10,41,'15043596',1,187,5,'C','E',69,'F',1.49),(437,'DULCE GABRIEL ','ALEMÁN RODRÍGUEZ','2010-12-15',13,47.3,'12504066',4,186,5,'C','E',69,'F',165),(438,'LESLY JAZMIN','HERRERA QUISPE','2006-07-25',17,43.7,'9533086',1,185,5,'C','E',69,'F',1.51),(439,'EMILY ANABEL ','GUILLEN VILLEGAS','2008-08-24',15,55.5,'1',2,186,5,'C','E',69,'F',1.54),(440,'JHIOVANA','VILLARROEL ROCHA','1981-09-15',42,72.3,'527663',1,186,5,'C','E',69,'F',1.56),(441,'AYELEN BETANIA','LAZARTE GONZALES','2013-11-27',10,35.1,'15236730',5,188,5,'C','E',70,'F',1.38),(442,'VANIA ','QUISPE RIOS ','2012-07-26',11,39,'14735067',1,189,5,'C','E',70,'F',1.44),(443,'JEAN CARLA LIZETH ','MONTAÑO CONDORI','2011-10-31',12,42.5,'1442007606',2,190,5,'C','E',70,'F',1.44),(444,'MAIRA','HINOJOSA ROJAS','2010-02-01',13,51,'9447037',5,190,5,'C','E',70,'F',1.53),(445,'NICOLE','CAMACHO ROSALES','2003-10-12',20,48.8,'13594270',2,190,5,'C','E',70,'F',1.61),(446,'NATALI ','TERÁN ARNEZ','1997-09-20',26,72,'9509484',4,188,5,'C','E',70,'F',1.69),(447,'ANAHI JHISEL ','RAMOS VILLARROEL','2010-07-13',13,58.1,'13161815',1,191,5,'C','E',71,'F',1.6),(448,'DAFNE THAIS','GUMIEL ROQUE','2009-11-26',14,60,'12906031',5,191,5,'C','E',71,'F',1.61),(449,'LUCIANA CAMILA','CHAVEZ CORDOBA','2008-11-19',15,43.7,'13748343',3,191,5,'C','E',71,'F',1.58),(450,'MAYUMI TATIANA',' FERNANDEZ LAFUENTE','2004-12-30',19,55.8,'12494610',1,191,5,'C','E',71,'F',1.58),(451,'BRIANA','GARCIA ESPINOZA','2011-01-01',13,50.8,'12402061',3,193,5,'C','E',72,'F',1.57),(452,'ANDREA FERNANDA ','TORRICOS MERCADO ','2009-06-18',14,55.2,'9393272',5,194,5,'C','E',72,'F',1.57),(453,'MELINA SHARAI ','TRUJILLO MENDOZA','1999-11-30',24,61.5,'9309733',1,193,5,'C','A',72,'F',1.62),(454,'SEBASTIAN ','PARDO SOTO','2014-11-21',10,27.5,'15829836',11,198,6,'C','I',73,'M',1.31),(455,'MAETO RICARDO','VARGAS RIOS','2014-05-06',10,33.6,'0000004',1,198,6,'C','G',73,'M',1.37),(456,'AARON SANTIAGO ','VELIZ','2014-08-17',10,48.6,'16013530',11,198,6,'C','G',73,'M',1.42),(457,'LUIS ANGEL','CADIMA YAVI','2010-12-24',14,60.4,'13035686',1,199,6,'C','G',73,'M',1.68),(458,'NICOLÁS MARIO ','LÓPEZ PÉREZ ','2009-03-18',15,52,'13228232',13,198,6,'C','G',73,'M',1.56),(459,'ELMAR MATÍAS ','ROJAS SOTO ','2013-08-21',11,28.45,'16893751',13,221,6,'C','G',83,'M',1.37),(460,'CRISTIAN JHORDAN ','ACUÑA ESPINOZA','2012-03-14',12,34.4,'16341386',1,220,6,'C','G',83,'M',1.4),(461,'MIGUEL ÁNGEL ','QUISPE QUISPE ','2011-10-24',13,42.25,'16037123',13,220,6,'C','G',83,'M',1.45),(462,'LUDWING GERMAN','ACUÑA ESPINOZA','2010-04-11',14,50.8,'16341342',1,220,6,'C','G',83,'M',1.54),(463,'BRYAN SANTIAGO ','VIDAURRE CALLE ','2010-08-19',14,53.2,'13943826',11,221,6,'C','G',83,'M',1.67),(464,'MARCOS EDUARDO','ARGOTE AVIS','2011-11-03',13,59.8,'15391469',14,221,6,'C','G',83,'M',1.65),(465,'LUIS ANDRES','CORO BERAMENDI','2009-01-26',15,90.7,'9532546',1,222,6,'C','G',83,'M',1.67),(466,'VICTOR HUGO ','CACHI FLORES','1996-12-24',28,50.9,'8696769',11,221,6,'C','A',83,'M',1.62),(467,'JHIM ANGELO','ARIAS HINOJOSA','2005-03-16',18,84.3,'7402901',1,222,6,'C','G',83,'M',1.82),(468,'RICARDO ENRIQUE ','RAMOS MOSCOSO','1982-04-18',41,106,'5223181',1,222,6,'C','G',83,'M',1.69),(469,'JOSEPH','JALDIN VALLEJOS','2012-11-11',11,39.7,'15429159',1,224,6,'C','G',84,'M',1.4),(470,'ADRIANO MATEO','OMONTE RIVAS','2011-04-15',12,49.7,'14829275',1,224,6,'C','G',84,'M',1.56),(471,'JHOAN','ROCHA CRUZ','2008-11-14',16,76.1,'15431765',11,223,6,'C','G',84,'M',1.73),(472,'PATRICK JOSUE','PARRA BELLOTT','2005-11-17',19,78.2,'13996865',14,224,6,'C','G',84,'M',1.64),(473,'JHAIR EDSON ','QUISPE FERNANDEZ','2014-01-05',10,44,'15386850',1,227,6,'C','G',85,'M',1.4),(474,'JOSE DILAN','SALAZAR FUENTES','2008-07-04',16,70,'13160745',14,226,6,'C','G',85,'M',1.7),(475,'SERGIO','GALARZA BECERRA ','1998-10-15',26,60.4,'8815143',11,229,6,'C','G',86,'M',1.65),(476,'MARIA CECILIA','ROMERO NINA ','2014-05-05',10,27,'0000005',1,198,6,'C','I',73,'F',1.29),(477,'ANELIS GUADALUPE','FLORES ORTUÑO','2014-02-21',10,46.3,'16351771',1,199,6,'C','G',73,'F',1.42),(478,'EMILY LUCIA','ESPINOZA DE LA FUENTE','2013-10-14',10,47.7,'14735701',1,199,6,'C','G',73,'F',1.48),(479,'AYNETH ROUSEY','MAMANÍ MOLINA ','2013-03-30',11,61.1,'15290032',13,198,6,'C','G',73,'F',1.44),(480,'JHENNY ESTHER ','AYMAYA LAZARO','2014-01-12',10,27.5,'15544518',11,220,6,'C','G',83,'F',1.3),(481,'EYMI ALEXIA','ARGOTE AVIS','2014-08-18',10,30.1,'15391490',14,221,6,'C','G',83,'F',1.31),(482,'SHERLYN JANETH ','HINOJOSA BALLESTEROS ','2012-10-18',12,43,'16904401',13,220,6,'C','G',83,'F',1.49),(483,'CELINA ','CUSI QUISPE ','2009-10-31',15,48.65,'14761571',13,220,6,'C','G',83,'F',1.63),(484,'JHISSEL ORIANA ','TRUJILLO CARREÑO','2008-11-20',16,50.8,'13259492',1,220,6,'C','G',83,'F',1.49),(485,'NAYELI','MERIDA ZAMBRANA','2005-11-07',19,70.7,'14583833',14,221,6,'C','G',83,'F',1.54),(486,'JHIOVANA','VILLARROEL ROCHA','1981-09-15',42,70.4,'5276623',1,222,6,'C','G',83,'F',1.55),(487,'VANIA ','QUISPE RIOS ','2012-07-26',11,40,'14735067',1,225,6,'C','G',84,'F',1.46),(488,'ANDREA','CERVANTES FLORES','2013-08-09',10,41.8,'15043596',1,223,6,'C','G',84,'F',1.51),(489,'JHOSELIN','MITTA MENESES','2008-06-26',15,47.1,'13260360',11,223,6,'C','G',84,'F',1.57),(490,'LUCIANE VALESKA ','OMONTE RIVAS','2008-07-27',15,53.7,'14829174',1,224,6,'C','G',84,'F',1.61),(491,'MARIAN FILOMENA ','ARIAS HINOJOSA','2003-06-27',21,53.7,'7402921',1,224,6,'C','G',84,'F',1.6),(492,'VALERY REYCHEL','GUAMAN ZENTENO','2005-12-28',18,60.1,'9488322',1,223,6,'C','G',84,'F',1.62),(493,'CISSA','CONDORI LOPEZ','2014-08-26',10,21.4,'15916016',14,226,6,'C','I',85,'F',1.28),(494,'LITZI','MOROCO MENDIETA','2013-01-06',11,28.2,'16245999',14,226,6,'C','G',85,'F',1.31),(495,'BRIGITTE JHULIANA','MOROCO FLORES','2010-03-05',14,51.9,'14829204',14,227,6,'C','G',85,'F',1.55),(496,'ANAHI JHISEL ','RAMOS VILLARROEL','2010-07-13',13,57.1,'13161815',1,226,6,'C','G',85,'F',1.61),(497,'MAYUMI TATIANA',' FERNANDEZ LAFUENTE','2004-12-30',19,56,'12494610',1,226,6,'C','G',85,'F',1.58),(498,'SHEILA ','OLIVERA CHOQUE','2008-11-16',15,59.6,'13465201',1,228,6,'C','G',86,'F',1.66),(499,'ALISON THAIS ','MAMANI TORREZ','2008-06-20',15,65.7,'13260665',1,228,6,'C','G',86,'F',1.65),(500,'ANDRES JHERSSON','QUELALI ROCHA','2002-10-25',21,79,'8696331',1,228,6,'C','G',86,'M',1.7),(501,'AGUSTINA ','BASS WERNER LUJAN','2014-03-05',10,34,'13988296',16,245,7,'C','E',87,'F',130),(502,'AINOA MADELEN','ESCOBAR CANAVIRI','2010-07-17',14,62,'14038128',17,244,7,'C','E',87,'F',1.58),(503,'LUCIANA ','ANTEZANA GUTIERREZ','2008-09-09',16,58,'13875556',16,245,7,'C','E',87,'F',160),(504,'KIARA ','PLO DE ACHA','2013-12-02',11,32,'13418840',16,268,7,'C','E',97,'F',140),(505,'ARIANA VALESKA','PARDO QUISBERT','2010-03-30',14,48,'13091864',16,268,7,'C','E',97,'F',155),(506,'MARIEL MELANIE','CAMPOS NAVARRO','2011-12-28',13,52,'13130828',16,268,7,'C','E',97,'F',160),(507,'NAOMI ADELA','GONZALES GARVIZU','2012-05-02',12,67,'15979007',16,266,7,'C','E',97,'F',160),(508,'ALEJANDRA NOEMI','CAMACHO REYES','2010-10-13',14,57,'12747978',16,271,7,'C','E',98,'F',170),(509,'KATHERINE RAYSA','MAMANI PUMA','2006-11-11',18,52,'9493068',16,270,7,'C','E',98,'F',165),(510,'NATALIA ILIANA','CANEO COCA','2013-01-09',11,40,'14193079',16,273,7,'C','E',99,'F',155),(511,'ANTONELLA MICHELLE','RIVERA MOLINA','2009-08-26',15,64,'9470234',16,272,7,'C','E',99,'F',165),(512,'JHASMYN ACARELY','CARRILLO BALDIVIEZO','2001-11-14',23,48,'9373106',16,272,7,'C','E',99,'F',165),(513,'ALEX GABRIEL','PAZ BAPTISTA ','2014-11-29',10,28,'14831747',4,244,7,'C','E',87,'M',0),(514,'ETHAN','JHALIL MARQUEZ','2013-09-05',11,40,'12946060',6,245,7,'C','E',87,'M',1.43),(515,'ISAAC DEINER','ALVIS FLORES','2014-09-26',10,45.9,'16006959',13,245,7,'C','E',87,'M',1.44),(516,'MATÍAS IVAN ','FERNANDEZ VARGAS','2014-12-21',10,50.4,'17037747',13,244,7,'C','E',87,'M',1.48),(517,'EDWIN ','TORREZ VERA','2010-05-04',14,56.5,'012024',1,244,7,'C','E',87,'M',1.67),(518,'JORGE IGNACIO','ALVARADO BERAZAIN','2011-04-16',13,57,'1347794',5,244,7,'C','E',87,'M',167.8),(519,'LEONARDO IVAN','QUISPE CORTEZ','2012-06-17',12,64.5,'13474566',17,245,7,'C','E',87,'M',1.65),(520,'NICOLAS MARIO','LOPEZ PEREZ','2009-03-18',15,50.5,'13228232',13,244,7,'C','E',87,'M',1.59),(521,'JHOEL','PACOHUANCA VELIZ','2005-04-09',19,59.4,'16149300',1,245,7,'C','E',87,'M',1.66),(522,'DAVID EMMANUEL','TRIGO RODRIGUEZ','1985-09-13',39,84,'6117136',5,244,7,'C','E',87,'M',169.6),(523,'AUGUSTO NICOLAS ','PASTRANA MEDRANO','2013-08-24',11,31,'14094624',16,266,7,'C','E',97,'M',130),(524,'JOSE MARIA ','GUTIERREZ CUBA','2014-10-23',10,33,'13970097',16,266,7,'C','E',97,'M',130),(525,'VICTOR MANUEL','ANDRADE GUZMAN','2014-10-20',10,43,'15270503',4,268,7,'C','E',97,'M',0),(526,'AGUSTIN JOHANN','SILES ARTUNDUAGA','2013-08-28',11,49.8,'14255286',4,267,7,'C','E',97,'M',1.32),(527,'CRYSTHOFER BRANDON','SOLIZ VIAMONT ','2014-08-24',10,52,'15587405',13,266,7,'C','E',97,'M',1.52),(528,'JOAQUÍN ','CÉSPEDES FLORES ','2013-11-13',11,54.6,'16857294',4,268,7,'C','E',97,'M',0),(529,'TAYLOR LUCAS','VILLARROEL PLAZA ','2012-10-30',12,31.6,'13224713',4,267,7,'C','E',97,'M',0),(530,'CRISTIAN JHORDAN ','ACUÑA ESPINOZA','2012-03-14',12,36.1,'16341386',1,267,7,'C','E',97,'M',1.4),(531,'MIGUEL ANGEL','QUISPE QUISPE','2011-10-24',13,42.5,'16037123',13,266,7,'C','E',97,'M',1.5),(532,'STEVEN','CHOQUE SANTOS','2008-06-19',16,59.1,'15012108',2,268,7,'C','E',97,'M',1.71),(533,'ASSIER','MIRANDA CRUZ','2009-10-19',15,66.4,'10019764',1,267,7,'C','E',97,'M',1.65),(534,'DANY JAMER ','MIRANDA CRUZ','2007-01-22',17,73.1,'8773425',1,267,7,'C','E',97,'M',1.7),(535,'JORGE ABEL ','AÑEZ SENO','2000-05-12',24,78,'14852205',4,267,7,'C','E',97,'M',0),(536,'JUAN IGNACIO','GONZÁLEZ','2014-07-23',10,32,'4554564',5,271,7,'C','E',98,'M',135),(537,'DIEGO ORLANDO ','MAITA VASQUEZ','2012-01-03',12,36.2,'14357959',1,270,7,'C','E',98,'M',1.49),(538,'PABLO ERIK','ORDOÑEZ BALCAZAR','2012-02-29',12,50.7,'10988456',4,269,7,'C','E',98,'M',1.54),(539,'AGUSTIN MAURICIO ','ATAHUICHI CAYOJA','2011-05-27',13,55,'14835195',5,270,7,'C','E',98,'M',155.8),(540,'CALEB BENJAMIN','CAMPUZANO ESPINOZA','2012-01-27',12,62.3,'15985724',1,269,7,'C','E',98,'M',1.58),(541,'ADALID RODRIGO','BLANCO CARBAJAL','2010-01-08',14,73.8,'12682360',2,270,7,'C','E',98,'M',100),(542,'DIEGO ARMANDO ','CUTIPA RAMIREZ','2007-03-10',17,58,'13499248',2,270,7,'C','E',98,'M',1.6),(543,'NYEN AUGUSTO','VILLCA GARCIA','2007-08-23',17,79,'13622952',3,270,7,'C','E',98,'M',1.68),(544,'HAROLD DAVID ','ZENTENO TORRICO','2006-03-06',18,49.5,'1',2,271,7,'C','E',98,'M',100),(545,'JOSUE BENJAMIN','GARCIA ESCALERA','2005-09-14',19,69.9,'13066375',2,269,7,'C','E',98,'M',1.64),(546,'JHIM ANGELO','ARIAS HINOJOSA','2005-03-16',19,86.6,'7402901',1,269,7,'C','E',98,'M',1.82),(547,'BENJAMIN KALEB','ROCHA VARGAS','2014-05-23',10,30.1,'13826038',3,273,7,'C','E',99,'M',1.4),(548,'JHAIR EDSON','QUISPE FERNANDEZ','2014-01-05',10,43.4,'15386850',1,273,7,'C','E',99,'M',1.4),(549,'JORGE FABIAN','MELENDRES BENITEZ','2013-08-30',11,47.8,'13225122',6,273,7,'C','E',99,'M',1.5),(550,'RAMIRO DASTAN','MORALES ALANOCA','2010-12-09',14,51.3,'16382487',4,273,7,'C','E',99,'M',0),(551,'GUSTAVO ALEX ','MONTEIRO DA SILVA','2010-07-06',14,55.4,'E-10755915',5,272,7,'C','E',99,'M',1.7),(552,'DILAN','SANCHEZ SANTOS','2009-12-09',15,60.5,'1231',2,272,7,'C','E',99,'M',1.6),(553,'SANTIAGO EDWARD ','ESCOBAR LEYVA','2009-02-20',15,68,'13347855',2,272,7,'C','E',99,'M',1.76),(554,'DUGLAS HUGO','ZELADA','1999-08-27',25,62,'1231',2,272,7,'C','E',99,'M',1.6),(555,'NICOLAS CRISTIAN ','MARTINEZ GUARACHI ','2011-08-04',13,38,'14196223',5,274,7,'C','E',100,'M',153.5),(556,'NICOLAS CARLOS','CANEDO COCA','2010-01-16',14,54,'13001610',16,274,7,'C','E',100,'M',168),(557,'ADRIAN OLIVER','GUZMAN MEDINA','2009-12-06',15,54,'12620754',16,274,7,'C','E',100,'M',170),(558,'LEANDRO','BRACAMONTE GUTIERREZ','2007-01-05',17,74,'9448238',16,275,7,'C','E',100,'M',175),(559,'JOSEPH DAMASO','TRISTAN ILLANES','2004-05-01',20,94,'9434279',16,274,7,'C','E',100,'M',180),(560,'DIEGO MAURICIO','NAVARRO DURAN','1990-08-09',34,78,'5268822',16,274,7,'C','E',100,'M',173),(561,'ALEX GABRIEL','PAZ BAPTISTA ','2014-11-29',10,28,'14831747',4,244,7,'C','E',87,'M',0),(562,'ETHAN','JHALIL MARQUEZ','2013-09-05',11,40,'12946060',6,245,7,'C','E',87,'M',1.43),(563,'ISAAC DEINER','ALVIS FLORES','2014-09-26',10,45.9,'16006959',13,245,7,'C','E',87,'M',1.44),(564,'MATÍAS IVAN ','FERNANDEZ VARGAS','2014-12-21',10,50.4,'17037747',13,244,7,'C','E',87,'M',1.48),(565,'EDWIN ','TORREZ VERA','2010-05-04',14,56.5,'012024',1,244,7,'C','E',87,'M',1.67),(566,'JORGE IGNACIO','ALVARADO BERAZAIN','2011-04-16',13,57,'1347794',5,244,7,'C','E',87,'M',167.8),(567,'LEONARDO IVAN','QUISPE CORTEZ','2012-06-17',12,64.5,'13474566',17,245,7,'C','E',87,'M',1.65),(568,'NICOLAS MARIO','LOPEZ PEREZ','2009-03-18',15,50.5,'13228232',13,244,7,'C','E',87,'M',1.59),(569,'JHOEL','PACOHUANCA VELIZ','2005-04-09',19,59.4,'16149300',1,245,7,'C','E',87,'M',1.66),(570,'DAVID EMMANUEL','TRIGO RODRIGUEZ','1985-09-13',39,84,'6117136',5,244,7,'C','E',87,'M',169.6),(571,'AUGUSTO NICOLAS ','PASTRANA MEDRANO','2013-08-24',11,31,'14094624',16,266,7,'C','E',97,'M',130),(572,'JOSE MARIA ','GUTIERREZ CUBA','2014-10-23',10,33,'13970097',16,266,7,'C','E',97,'M',130),(573,'VICTOR MANUEL','ANDRADE GUZMAN','2014-10-20',10,43,'15270503',4,268,7,'C','E',97,'M',0),(574,'AGUSTIN JOHANN','SILES ARTUNDUAGA','2013-08-28',11,49.8,'14255286',4,267,7,'C','E',97,'M',1.32),(575,'CRYSTHOFER BRANDON','SOLIZ VIAMONT ','2014-08-24',10,52,'15587405',13,266,7,'C','E',97,'M',1.52),(576,'JOAQUÍN ','CÉSPEDES FLORES ','2013-11-13',11,54.6,'16857294',4,268,7,'C','E',97,'M',0),(577,'TAYLOR LUCAS','VILLARROEL PLAZA ','2012-10-30',12,31.6,'13224713',4,267,7,'C','E',97,'M',0),(578,'CRISTIAN JHORDAN ','ACUÑA ESPINOZA','2012-03-14',12,36.1,'16341386',1,267,7,'C','E',97,'M',1.4),(579,'MIGUEL ANGEL','QUISPE QUISPE','2011-10-24',13,42.5,'16037123',13,266,7,'C','E',97,'M',1.5),(580,'STEVEN','CHOQUE SANTOS','2008-06-19',16,59.1,'15012108',2,268,7,'C','E',97,'M',1.71),(581,'ASSIER','MIRANDA CRUZ','2009-10-19',15,66.4,'10019764',1,267,7,'C','E',97,'M',1.65),(582,'DANY JAMER ','MIRANDA CRUZ','2007-01-22',17,73.1,'8773425',1,267,7,'C','E',97,'M',1.7),(583,'JORGE ABEL ','AÑEZ SENO','2000-05-12',24,78,'14852205',4,267,7,'C','E',97,'M',0),(584,'JUAN IGNACIO','GONZÁLEZ','2014-07-23',10,32,'4554564',5,271,7,'C','E',98,'M',135),(585,'DIEGO ORLANDO ','MAITA VASQUEZ','2012-01-03',12,36.2,'14357959',1,270,7,'C','E',98,'M',1.49),(586,'PABLO ERIK','ORDOÑEZ BALCAZAR','2012-02-29',12,50.7,'10988456',4,269,7,'C','E',98,'M',1.54),(587,'AGUSTIN MAURICIO ','ATAHUICHI CAYOJA','2011-05-27',13,55,'14835195',5,270,7,'C','E',98,'M',155.8),(588,'CALEB BENJAMIN','CAMPUZANO ESPINOZA','2012-01-27',12,62.3,'15985724',1,269,7,'C','E',98,'M',1.58),(589,'ADALID RODRIGO','BLANCO CARBAJAL','2010-01-08',14,73.8,'12682360',2,270,7,'C','E',98,'M',100),(590,'DIEGO ARMANDO ','CUTIPA RAMIREZ','2007-03-10',17,58,'13499248',2,270,7,'C','E',98,'M',1.6),(591,'NYEN AUGUSTO','VILLCA GARCIA','2007-08-23',17,79,'13622952',3,270,7,'C','E',98,'M',1.68),(592,'HAROLD DAVID ','ZENTENO TORRICO','2006-03-06',18,49.5,'1',2,271,7,'C','E',98,'M',100),(593,'JOSUE BENJAMIN','GARCIA ESCALERA','2005-09-14',19,69.9,'13066375',2,269,7,'C','E',98,'M',1.64),(594,'JHIM ANGELO','ARIAS HINOJOSA','2005-03-16',19,86.6,'7402901',1,269,7,'C','E',98,'M',1.82),(595,'BENJAMIN KALEB','ROCHA VARGAS','2014-05-23',10,30.1,'13826038',3,273,7,'C','E',99,'M',1.4),(596,'JHAIR EDSON','QUISPE FERNANDEZ','2014-01-05',10,43.4,'15386850',1,273,7,'C','E',99,'M',1.4),(597,'JORGE FABIAN','MELENDRES BENITEZ','2013-08-30',11,47.8,'13225122',6,273,7,'C','E',99,'M',1.5),(598,'RAMIRO DASTAN','MORALES ALANOCA','2010-12-09',14,51.3,'16382487',4,273,7,'C','E',99,'M',0),(599,'GUSTAVO ALEX ','MONTEIRO DA SILVA','2010-07-06',14,55.4,'E-10755915',5,272,7,'C','E',99,'M',1.7),(600,'DILAN','SANCHEZ SANTOS','2009-12-09',15,60.5,'1231',2,272,7,'C','E',99,'M',1.6),(601,'SANTIAGO EDWARD ','ESCOBAR LEYVA','2009-02-20',15,68,'13347855',2,272,7,'C','E',99,'M',1.76),(602,'DUGLAS HUGO','ZELADA','1999-08-27',25,62,'1231',2,272,7,'C','E',99,'M',1.6),(603,'NICOLAS CRISTIAN ','MARTINEZ GUARACHI ','2011-08-04',13,38,'14196223',5,274,7,'C','E',100,'M',153.5),(604,'NICOLAS CARLOS','CANEDO COCA','2010-01-16',14,54,'13001610',16,274,7,'C','E',100,'M',168),(605,'ADRIAN OLIVER','GUZMAN MEDINA','2009-12-06',15,54,'12620754',16,274,7,'C','E',100,'M',170),(606,'LEANDRO','BRACAMONTE GUTIERREZ','2007-01-05',17,74,'9448238',16,275,7,'C','E',100,'M',175),(607,'JOSEPH DAMASO','TRISTAN ILLANES','2004-05-01',20,94,'9434279',16,274,7,'C','E',100,'M',180),(608,'DIEGO MAURICIO','NAVARRO DURAN','1990-08-09',34,78,'5268822',16,274,7,'C','E',100,'M',173),(609,'AGUSTINA ','BASS WERNER LUJAN','2014-03-05',10,34,'13988296',16,245,7,'C','E',87,'F',130),(610,'MAYA','RUEDA CASTRO','2014-01-14',10,48.2,'1234567',6,245,7,'C','E',87,'F',1.48),(611,'VALERIA VICTORIA','ALVAREZ SANDOVAL','2010-04-04',14,45.5,'9416551',2,245,7,'C','E',87,'F',1.58),(612,'DANITZA','COCA ARRASCAIN','2010-03-01',14,51,'14516243',11,245,7,'C','E',87,'F',1.56),(613,'AINOA MADELEN','ESCOBAR CANAVIRI','2010-07-17',14,66.1,'14038128',17,244,7,'C','E',87,'F',1.58),(614,'LUCIANA ','ANTEZANA GUTIERREZ','2008-09-09',16,58,'13875556',16,245,7,'C','E',87,'F',160),(615,'ALEJANDRA ','ALVAREZ PECA','1997-05-14',27,52,'12720458',5,244,7,'C','E',87,'F',147),(616,'GENESIS',' PACOHUANCA VELIZ','2006-06-27',18,62,'16115141',1,245,7,'C','E',87,'F',1.61),(617,'CESIA ROMA','LAZARO MURAÑA','2004-03-09',20,83,'10479686',19,245,7,'C','E',87,'F',170),(618,'KIARA ','POLO DE ACHA','2013-12-02',11,32,'13418840',16,268,7,'C','E',97,'F',140),(619,'TAMARA','VIDAURRE CALLE','2013-12-31',11,39.5,'13943895',11,268,7,'C','E',97,'F',1.43),(620,'EMILY LUCIA','ESPINOZA DE LA FUENTE','2013-10-14',11,48.1,'14735701',1,266,7,'C','E',97,'F',1.5),(621,'KENDRA ARELIZ','RODRIGUEZ VACA','2013-07-22',11,61.9,'13132968',4,267,7,'C','E',97,'F',0),(622,'SHERLYN JHANETH','HINOJOSA BALLESTEROS','2012-10-18',12,42.7,'16904401',13,266,7,'C','E',97,'F',1.49),(623,'LUZ CAMILA','LEON NOYA','2010-04-25',14,55.9,'12869218',1,266,7,'C','E',97,'F',1.53),(624,'NAOMI ADELA','GONZALES GARVIZU','2012-05-02',12,67,'15979007',16,266,7,'C','E',97,'F',160),(625,'ADRIANA','ZOTO RONDAN','2009-07-07',15,51.9,'14512148',1,267,7,'C','E',97,'F',1.5),(626,'AYELEN BETANIA','LAZARTE GONZALES','2013-11-27',11,37.5,'15236730',5,271,7,'C','E',98,'F',140.2),(627,'ANDREA ','CERVANTES FLORES ','2013-08-09',11,43.5,'15043596',1,270,7,'C','E',98,'F',1.53),(628,'ALEJANDRA NOEMI','CAMACHO REYES','2010-10-13',14,57,'12747978',16,271,7,'C','E',98,'F',170),(629,'NICOLE ALISON','LAZARTE GONZALES','2006-12-07',18,46.5,'13752134',5,271,7,'C','E',98,'F',150.4),(630,'VALERY REYCHEL','GUAMAN ZENTENO','2005-12-28',19,62.3,'9488322',1,269,7,'C','E',98,'F',1.59),(631,'JHIOVANA','VILLARROEL ROCHA','1981-09-15',43,68.5,'5276623',1,269,7,'C','E',98,'F',1.56),(632,'NATALIA ILIANA','CANEO COCA','2013-01-09',11,40,'14193079',16,273,7,'C','E',99,'F',155),(633,'KIRA ALISON ','BARZOLA VEIZAGA','2010-04-23',14,46.5,'10994058',5,273,7,'C','E',99,'F',155.2),(634,'MAIRA','HINOJOSA ROJAS','2010-02-01',14,54,'9447037',5,272,7,'C','E',99,'F',152.8),(635,'ANAHI JHISEL ','RAMOS VILLARROEL','2010-07-13',14,58.5,'13161815',1,273,7,'C','E',99,'F',1.61),(636,'ANTONELLA MICHELLE','RIVERA MOLINA','2009-08-26',15,64,'9470234',16,272,7,'C','E',99,'F',165),(637,'JHASMYN ACARELY','CARRILLO BALDIVIEZO','2001-11-14',23,48,'9373106',16,272,7,'C','E',99,'F',165),(638,'ISABEL ','ROJAS USTARIZ','1994-02-06',29,67,'5319178',5,272,7,'C','E',99,'F',1.63),(639,'PATRICIA NANCY','LUIZAGA CARDOZO','1984-07-07',39,52.5,'4414173',5,272,7,'C','E',99,'F',158.9),(640,'ANDREA FERNANDA ','TORRICOS MERCADO ','2009-06-18',15,54,'9393272',5,275,7,'C','E',100,'F',157.8),(641,'ALISON THAIS ','MAMANI TORREZ','2008-06-20',16,65.4,'13260665',1,274,7,'C','E',100,'F',1.65),(642,'MIKAELA ARACELI','AGUILAR ZUBIETA','2004-03-15',20,48.89,'9483436',2,276,7,'C','E',100,'F',1.76),(643,'FABIOLA','MERCADO MARAÑÓN ','1993-08-09',31,56.1,'8831564',4,274,7,'C','E',100,'F',1.54),(644,'MARIA CONCEPCION','ROCA ACHIVARE','1982-12-08',42,55,'4197928',3,275,7,'C','E',100,'F',1.6),(645,'AGUSTINA ','BASS WERNER LUJAN','2014-03-05',10,34,'13988296',16,245,7,'C','E',87,'F',130),(646,'MAYA','RUEDA CASTRO','2014-01-14',10,48.2,'1234567',6,245,7,'C','E',87,'F',1.48),(647,'VALERIA VICTORIA','ALVAREZ SANDOVAL','2010-04-04',14,45.5,'9416551',2,245,7,'C','E',87,'F',1.58),(648,'DANITZA','COCA ARRASCAIN','2010-03-01',14,51,'14516243',11,245,7,'C','E',87,'F',1.56),(649,'AINOA MADELEN','ESCOBAR CANAVIRI','2010-07-17',14,66.1,'14038128',17,244,7,'C','E',87,'F',1.58),(650,'LUCIANA ','ANTEZANA GUTIERREZ','2008-09-09',16,58,'13875556',16,245,7,'C','E',87,'F',160),(651,'ALEJANDRA ','ALVAREZ PECA','1997-05-14',27,52,'12720458',5,244,7,'C','E',87,'F',147),(652,'GENESIS',' PACOHUANCA VELIZ','2006-06-27',18,62,'16115141',1,245,7,'C','E',87,'F',1.61),(653,'CESIA ROMA','LAZARO MURAÑA','2004-03-09',20,83,'10479686',19,245,7,'C','E',87,'F',170),(654,'KIARA ','POLO DE ACHA','2013-12-02',11,32,'13418840',16,268,7,'C','E',97,'F',140),(655,'TAMARA','VIDAURRE CALLE','2013-12-31',11,39.5,'13943895',11,268,7,'C','E',97,'F',1.43),(656,'EMILY LUCIA','ESPINOZA DE LA FUENTE','2013-10-14',11,48.1,'14735701',1,266,7,'C','E',97,'F',1.5),(657,'KENDRA ARELIZ','RODRIGUEZ VACA','2013-07-22',11,61.9,'13132968',4,267,7,'C','E',97,'F',0),(658,'SHERLYN JHANETH','HINOJOSA BALLESTEROS','2012-10-18',12,42.7,'16904401',13,266,7,'C','E',97,'F',1.49),(659,'LUZ CAMILA','LEON NOYA','2010-04-25',14,55.9,'12869218',1,266,7,'C','E',97,'F',1.53),(660,'NAOMI ADELA','GONZALES GARVIZU','2012-05-02',12,67,'15979007',16,266,7,'C','E',97,'F',160),(661,'ADRIANA','ZOTO RONDAN','2009-07-07',15,51.9,'14512148',1,267,7,'C','E',97,'F',1.5),(662,'AYELEN BETANIA','LAZARTE GONZALES','2013-11-27',11,37.5,'15236730',5,271,7,'C','E',98,'F',140.2),(663,'ANDREA ','CERVANTES FLORES ','2013-08-09',11,43.5,'15043596',1,270,7,'C','E',98,'F',1.53),(664,'ALEJANDRA NOEMI','CAMACHO REYES','2010-10-13',14,57,'12747978',16,271,7,'C','E',98,'F',170),(665,'NICOLE ALISON','LAZARTE GONZALES','2006-12-07',18,46.5,'13752134',5,271,7,'C','E',98,'F',150.4),(666,'VALERY REYCHEL','GUAMAN ZENTENO','2005-12-28',19,62.3,'9488322',1,269,7,'C','E',98,'F',1.59),(667,'JHIOVANA','VILLARROEL ROCHA','1981-09-15',43,68.5,'5276623',1,269,7,'C','E',98,'F',1.56),(668,'NATALIA ILIANA','CANEO COCA','2013-01-09',11,40,'14193079',16,273,7,'C','E',99,'F',155),(669,'KIRA ALISON ','BARZOLA VEIZAGA','2010-04-23',14,46.5,'10994058',5,273,7,'C','E',99,'F',155.2),(670,'MAIRA','HINOJOSA ROJAS','2010-02-01',14,54,'9447037',5,272,7,'C','E',99,'F',152.8),(671,'ANAHI JHISEL ','RAMOS VILLARROEL','2010-07-13',14,58.5,'13161815',1,273,7,'C','E',99,'F',1.61),(672,'ANTONELLA MICHELLE','RIVERA MOLINA','2009-08-26',15,64,'9470234',16,272,7,'C','E',99,'F',165),(673,'JHASMYN ACARELY','CARRILLO BALDIVIEZO','2001-11-14',23,48,'9373106',16,272,7,'C','E',99,'F',165),(674,'ISABEL ','ROJAS USTARIZ','1994-02-06',29,67,'5319178',5,272,7,'C','E',99,'F',1.63),(675,'PATRICIA NANCY','LUIZAGA CARDOZO','1984-07-07',39,52.5,'4414173',5,272,7,'C','E',99,'F',158.9),(676,'ANDREA FERNANDA ','TORRICOS MERCADO ','2009-06-18',15,54,'9393272',5,275,7,'C','E',100,'F',157.8),(677,'ALISON THAIS ','MAMANI TORREZ','2008-06-20',16,65.4,'13260665',1,274,7,'C','E',100,'F',1.65),(678,'MIKAELA ARACELI','AGUILAR ZUBIETA','2004-03-15',20,48.89,'9483436',2,276,7,'C','E',100,'F',1.76),(679,'FABIOLA','MERCADO MARAÑÓN ','1993-08-09',31,56.1,'8831564',4,274,7,'C','E',100,'F',1.54),(680,'VALERIA ESTEFANIA','RODRIGUEZ','1985-10-07',39,72,'5190015',16,274,7,'C','E',100,'F',155),(681,'MARIA CONCEPCION','ROCA ACHIVARE','1982-12-08',42,55,'4197928',3,275,7,'C','E',100,'F',1.6),(682,'ALEX GABRIEL','PAZ BAPTISTA ','2014-11-29',10,28,'14831747',4,244,7,'C','E',87,'M',0),(683,'ETHAN','JHALIL MARQUEZ','2013-09-05',11,40,'12946060',6,245,7,'C','E',87,'M',1.43),(684,'ISAAC DEINER','ALVIS FLORES','2014-09-26',10,45.9,'16006959',13,245,7,'C','E',87,'M',1.44),(685,'MATÍAS IVAN ','FERNANDEZ VARGAS','2014-12-21',10,50.4,'17037747',13,244,7,'C','E',87,'M',1.48),(686,'EDWIN ','TORREZ VERA','2010-05-04',14,56.5,'012024',1,244,7,'C','E',87,'M',1.67),(687,'JORGE IGNACIO','ALVARADO BERAZAIN','2011-04-16',13,57,'1347794',5,244,7,'C','E',87,'M',167.8),(688,'LEONARDO IVAN','QUISPE CORTEZ','2012-06-17',12,64.5,'13474566',17,245,7,'C','E',87,'M',1.65),(689,'NICOLAS MARIO','LOPEZ PEREZ','2009-03-18',15,50.5,'13228232',13,244,7,'C','E',87,'M',1.59),(690,'JHOEL','PACOHUANCA VELIZ','2005-04-09',19,59.4,'16149300',1,245,7,'C','E',87,'M',1.66),(691,'DAVID EMMANUEL','TRIGO RODRIGUEZ','1985-09-13',39,84,'6117136',5,244,7,'C','E',87,'M',169.6),(692,'AUGUSTO NICOLAS ','PASTRANA MEDRANO','2013-08-24',11,31,'14094624',16,266,7,'C','E',97,'M',130),(693,'JOSE MARIA ','GUTIERREZ CUBA','2014-10-23',10,33,'13970097',16,266,7,'C','E',97,'M',130),(694,'VICTOR MANUEL','ANDRADE GUZMAN','2014-10-20',10,43,'15270503',4,268,7,'C','E',97,'M',0),(695,'AGUSTIN JOHANN','SILES ARTUNDUAGA','2013-08-28',11,49.8,'14255286',4,267,7,'C','E',97,'M',1.32),(696,'CRYSTHOFER BRANDON','SOLIZ VIAMONT ','2014-08-24',10,52,'15587405',13,266,7,'C','E',97,'M',1.52),(697,'JOAQUÍN ','CÉSPEDES FLORES ','2013-11-13',11,54.6,'16857294',4,268,7,'C','E',97,'M',0),(698,'TAYLOR LUCAS','VILLARROEL PLAZA ','2012-10-30',12,31.6,'13224713',4,267,7,'C','E',97,'M',0),(699,'CRISTIAN JHORDAN ','ACUÑA ESPINOZA','2012-03-14',12,36.1,'16341386',1,267,7,'C','E',97,'M',1.4),(700,'MIGUEL ANGEL','QUISPE QUISPE','2011-10-24',13,42.5,'16037123',13,266,7,'C','E',97,'M',1.5),(701,'STEVEN','CHOQUE SANTOS','2008-06-19',16,59.1,'15012108',2,268,7,'C','E',97,'M',1.71),(702,'ASSIER','MIRANDA CRUZ','2009-10-19',15,66.4,'10019764',1,267,7,'C','E',97,'M',1.65),(703,'DANY JAMER ','MIRANDA CRUZ','2007-01-22',17,73.1,'8773425',1,267,7,'C','E',97,'M',1.7),(704,'JORGE ABEL ','AÑEZ SENO','2000-05-12',24,78,'14852205',4,267,7,'C','E',97,'M',0),(705,'JUAN IGNACIO','GONZÁLEZ','2014-07-23',10,32,'4554564',5,271,7,'C','E',98,'M',135),(706,'DIEGO ORLANDO ','MAITA VASQUEZ','2012-01-03',12,36.2,'14357959',1,270,7,'C','E',98,'M',1.49),(707,'PABLO ERIK','ORDOÑEZ BALCAZAR','2012-02-29',12,50.7,'10988456',4,269,7,'C','E',98,'M',1.54),(708,'AGUSTIN MAURICIO ','ATAHUICHI CAYOJA','2011-05-27',13,55,'14835195',5,270,7,'C','E',98,'M',155.8),(709,'CALEB BENJAMIN','CAMPUZANO ESPINOZA','2012-01-27',12,62.3,'15985724',1,269,7,'C','E',98,'M',1.58),(710,'ADALID RODRIGO','BLANCO CARBAJAL','2010-01-08',14,73.8,'12682360',2,270,7,'C','E',98,'M',100),(711,'DIEGO ARMANDO ','CUTIPA RAMIREZ','2007-03-10',17,58,'13499248',2,270,7,'C','E',98,'M',1.6),(712,'NYEN AUGUSTO','VILLCA GARCIA','2007-08-23',17,79,'13622952',3,270,7,'C','E',98,'M',1.68),(713,'HAROLD DAVID ','ZENTENO TORRICO','2006-03-06',18,49.5,'1',2,271,7,'C','E',98,'M',100),(714,'JOSUE BENJAMIN','GARCIA ESCALERA','2005-09-14',19,69.9,'13066375',2,269,7,'C','E',98,'M',1.64),(715,'JHIM ANGELO','ARIAS HINOJOSA','2005-03-16',19,86.6,'7402901',1,269,7,'C','E',98,'M',1.82),(716,'BENJAMIN KALEB','ROCHA VARGAS','2014-05-23',10,30.1,'13826038',3,273,7,'C','E',99,'M',1.4),(717,'JHAIR EDSON','QUISPE FERNANDEZ','2014-01-05',10,43.4,'15386850',1,273,7,'C','E',99,'M',1.4),(718,'JORGE FABIAN','MELENDRES BENITEZ','2013-08-30',11,47.8,'13225122',6,273,7,'C','E',99,'M',1.5),(719,'RAMIRO DASTAN','MORALES ALANOCA','2010-12-09',14,51.3,'16382487',4,273,7,'C','E',99,'M',0),(720,'GUSTAVO ALEX ','MONTEIRO DA SILVA','2010-07-06',14,55.4,'E-10755915',5,272,7,'C','E',99,'M',1.7),(721,'DILAN','SANCHEZ SANTOS','2009-12-09',15,60.5,'1231',2,272,7,'C','E',99,'M',1.6),(722,'SANTIAGO EDWARD ','ESCOBAR LEYVA','2009-02-20',15,68,'13347855',2,272,7,'C','E',99,'M',1.76),(723,'DUGLAS HUGO','ZELADA','1999-08-27',25,62,'1231',2,272,7,'C','E',99,'M',1.6),(724,'NICOLAS CRISTIAN ','MARTINEZ GUARACHI ','2011-08-04',13,38,'14196223',5,274,7,'C','E',100,'M',153.5),(725,'NICOLAS CARLOS','CANEDO COCA','2010-01-16',14,54,'13001610',16,274,7,'C','E',100,'M',168),(726,'ADRIAN OLIVER','GUZMAN MEDINA','2009-12-06',15,54,'12620754',16,274,7,'C','E',100,'M',170),(727,'LEANDRO','BRACAMONTE GUTIERREZ','2007-01-05',17,74,'9448238',16,275,7,'C','E',100,'M',175),(728,'JOSEPH DAMASO','TRISTAN ILLANES','2004-05-01',20,94,'9434279',16,274,7,'C','E',100,'M',180),(729,'DIEGO MAURICIO','NAVARRO DURAN','1990-08-09',34,78,'5268822',16,274,7,'C','E',100,'M',173),(730,'ALEX GABRIEL','PAZ BAPTISTA ','2014-11-29',10,28,'14831747',4,244,7,'C','G',87,'M',0),(731,'ETHAN','JHALIL MARQUEZ','2013-09-05',11,40,'12946060',6,245,7,'C','G',87,'M',1.43),(732,'ISAAC DEINER','ALVIS FLORES','2014-09-26',10,45.9,'16006959',13,245,7,'C','G',87,'M',1.44),(733,'MATÍAS IVAN ','FERNANDEZ VARGAS','2014-12-21',10,50.4,'17037747',13,244,7,'C','G',87,'M',1.48),(734,'EDWIN ','TORREZ VERA','2010-05-04',14,56.5,'012024',1,244,7,'C','G',87,'M',1.67),(735,'JORGE IGNACIO','ALVARADO BERAZAIN','2011-04-16',13,57,'1347794',5,244,7,'C','G',87,'M',167.8),(736,'LEONARDO IVAN','QUISPE CORTEZ','2012-06-17',12,64.5,'13474566',17,245,7,'C','G',87,'M',1.65),(737,'NICOLAS MARIO','LOPEZ PEREZ','2009-03-18',15,50.5,'13228232',13,244,7,'C','A',87,'M',1.59),(738,'JHOEL','PACOHUANCA VELIZ','2005-04-09',19,59.4,'16149300',1,245,7,'C','G',87,'M',1.66),(739,'DAVID EMMANUEL','TRIGO RODRIGUEZ','1985-09-13',39,84,'6117136',5,244,7,'C','G',87,'M',169.6),(740,'AUGUSTO NICOLAS ','PASTRANA MEDRANO','2013-08-24',11,31,'14094624',16,266,7,'C','G',97,'M',130),(741,'JOSE MARIA ','GUTIERREZ CUBA','2014-10-23',10,33,'13970097',16,266,7,'C','G',97,'M',130),(742,'VICTOR MANUEL','ANDRADE GUZMAN','2014-10-20',10,43,'15270503',4,268,7,'C','G',97,'M',0),(743,'AGUSTIN JOHANN','SILES ARTUNDUAGA','2013-08-28',11,49.8,'14255286',4,267,7,'C','G',97,'M',1.32),(744,'CRYSTHOFER BRANDON','SOLIZ VIAMONT ','2014-08-24',10,52,'15587405',13,266,7,'C','G',97,'M',1.52),(745,'JOAQUÍN ','CÉSPEDES FLORES ','2013-11-13',11,54.6,'16857294',4,268,7,'C','G',97,'M',0),(746,'TAYLOR LUCAS','VILLARROEL PLAZA ','2012-10-30',12,31.6,'13224713',4,267,7,'C','G',97,'M',0),(747,'CRISTIAN JHORDAN ','ACUÑA ESPINOZA','2012-03-14',12,36.1,'16341386',1,267,7,'C','G',97,'M',1.4),(748,'MIGUEL ANGEL','QUISPE QUISPE','2011-10-24',13,42.5,'16037123',13,266,7,'C','G',97,'M',1.5),(749,'STEVEN','CHOQUE SANTOS','2008-06-19',16,59.1,'15012108',2,268,7,'C','G',97,'M',1.71),(750,'ASSIER','MIRANDA CRUZ','2009-10-19',15,66.4,'10019764',1,267,7,'C','G',97,'M',1.65),(751,'DANY JAMER ','MIRANDA CRUZ','2007-01-22',17,73.1,'8773425',1,267,7,'C','G',97,'M',1.7),(752,'JORGE ABEL ','AÑEZ SENO','2000-05-12',24,78,'14852205',4,267,7,'C','G',97,'M',0),(753,'JUAN IGNACIO','GONZÁLEZ','2014-07-23',10,32,'4554564',5,271,7,'C','G',98,'M',135),(754,'DIEGO ORLANDO ','MAITA VASQUEZ','2012-01-03',12,36.2,'14357959',1,270,7,'C','G',98,'M',1.49),(755,'PABLO ERIK','ORDOÑEZ BALCAZAR','2012-02-29',12,50.7,'10988456',4,269,7,'C','G',98,'M',1.54),(756,'AGUSTIN MAURICIO ','ATAHUICHI CAYOJA','2011-05-27',13,55,'14835195',5,270,7,'C','G',98,'M',155.8),(757,'CALEB BENJAMIN','CAMPUZANO ESPINOZA','2012-01-27',12,62.3,'15985724',1,269,7,'C','G',98,'M',1.58),(758,'ADALID RODRIGO','BLANCO CARBAJAL','2010-01-08',14,73.8,'12682360',2,270,7,'C','G',98,'M',100),(759,'DIEGO ARMANDO ','CUTIPA RAMIREZ','2007-03-10',17,58,'13499248',2,270,7,'C','G',98,'M',1.6),(760,'NYEN AUGUSTO','VILLCA GARCIA','2007-08-23',17,79,'13622952',3,270,7,'C','G',98,'M',1.68),(761,'HAROLD DAVID ','ZENTENO TORRICO','2006-03-06',18,49.5,'1',2,271,7,'C','G',98,'M',100),(762,'JOSUE BENJAMIN','GARCIA ESCALERA','2005-09-14',19,69.9,'13066375',2,269,7,'C','G',98,'M',1.64),(763,'JHIM ANGELO','ARIAS HINOJOSA','2005-03-16',19,86.6,'7402901',1,269,7,'C','G',98,'M',1.82),(764,'BENJAMIN KALEB','ROCHA VARGAS','2014-05-23',10,30.1,'13826038',3,273,7,'C','G',99,'M',1.4),(765,'JHAIR EDSON','QUISPE FERNANDEZ','2014-01-05',10,43.4,'15386850',1,273,7,'C','G',99,'M',1.4),(766,'JORGE FABIAN','MELENDRES BENITEZ','2013-08-30',11,47.8,'13225122',6,273,7,'C','G',99,'M',1.5),(767,'RAMIRO DASTAN','MORALES ALANOCA','2010-12-09',14,51.3,'16382487',4,273,7,'C','G',99,'M',0),(768,'GUSTAVO ALEX ','MONTEIRO DA SILVA','2010-07-06',14,55.4,'E-10755915',5,272,7,'C','G',99,'M',1.7),(769,'DILAN','SANCHEZ SANTOS','2009-12-09',15,60.5,'1231',2,272,7,'C','G',99,'M',1.6),(770,'SANTIAGO EDWARD ','ESCOBAR LEYVA','2009-02-20',15,68,'13347855',2,272,7,'C','G',99,'M',1.76),(771,'DUGLAS HUGO','ZELADA','1999-08-27',25,62,'1231',2,272,7,'C','G',99,'M',1.6),(772,'NICOLAS CRISTIAN ','MARTINEZ GUARACHI ','2011-08-04',13,38,'14196223',5,274,7,'C','A',100,'M',153.5),(773,'NICOLAS CARLOS','CANEDO COCA','2010-01-16',14,54,'13001610',16,274,7,'C','G',100,'M',168),(774,'ADRIAN OLIVER','GUZMAN MEDINA','2009-12-06',15,54,'12620754',16,274,7,'C','G',100,'M',170),(775,'LEANDRO','BRACAMONTE GUTIERREZ','2007-01-05',17,74,'9448238',16,275,7,'C','G',100,'M',175),(776,'DIEGO MAURICIO','NAVARRO DURAN','1990-08-09',34,78,'5268822',16,274,7,'C','G',100,'M',173),(777,'AGUSTINA ','BASS WERNER LUJAN','2014-03-05',10,34,'13988296',16,245,7,'C','A',87,'F',130),(778,'MAYA','RUEDA CASTRO','2014-01-14',10,48.2,'1234567',6,245,7,'C','G',87,'F',1.48),(779,'VALERIA VICTORIA','ALVAREZ SANDOVAL','2010-04-04',14,45.5,'9416551',2,245,7,'C','G',87,'F',1.58),(780,'DANITZA','COCA ARRASCAIN','2010-03-01',14,51,'14516243',11,245,7,'C','G',87,'F',1.56),(781,'AINOA MADELEN','ESCOBAR CANAVIRI','2010-07-17',14,66.1,'14038128',17,244,7,'C','G',87,'F',1.58),(782,'LUCIANA ','ANTEZANA GUTIERREZ','2008-09-09',16,58,'13875556',16,245,7,'C','G',87,'F',160),(783,'ALEJANDRA ','ALVAREZ PECA','1997-05-14',27,52,'12720458',5,244,7,'C','G',87,'F',147),(784,'GENESIS',' PACOHUANCA VELIZ','2006-06-27',18,62,'16115141',1,245,7,'C','G',87,'F',1.61),(785,'CESIA ROMA','LAZARO MURAÑA','2004-03-09',20,83,'10479686',19,245,7,'C','A',87,'F',170),(786,'KIARA ','POLO DE ACHA','2013-12-02',11,32,'13418840',16,268,7,'C','G',97,'F',140),(787,'TAMARA','VIDAURRE CALLE','2013-12-31',11,39.5,'13943895',11,268,7,'C','G',97,'F',1.43),(788,'EMILY LUCIA','ESPINOZA DE LA FUENTE','2013-10-14',11,48.1,'14735701',1,266,7,'C','G',97,'F',1.5),(789,'KENDRA ARELIZ','RODRIGUEZ VACA','2013-07-22',11,61.9,'13132968',4,267,7,'C','G',97,'F',0),(790,'SHERLYN JHANETH','HINOJOSA BALLESTEROS','2012-10-18',12,42.7,'16904401',13,266,7,'C','G',97,'F',1.49),(791,'LUZ CAMILA','LEON NOYA','2010-04-25',14,55.9,'12869218',1,266,7,'C','G',97,'F',1.53),(792,'NAOMI ADELA','GONZALES GARVIZU','2012-05-02',12,67,'15979007',16,266,7,'C','G',97,'F',160),(793,'ADRIANA','ZOTO RONDAN','2009-07-07',15,51.9,'14512148',1,267,7,'C','G',97,'F',1.5),(794,'AYELEN BETANIA','LAZARTE GONZALES','2013-11-27',11,37.5,'15236730',5,271,7,'C','A',98,'F',140.2),(795,'ANDREA ','CERVANTES FLORES ','2013-08-09',11,43.5,'15043596',1,270,7,'C','G',98,'F',1.53),(796,'ALEJANDRA NOEMI','CAMACHO REYES','2010-10-13',14,57,'12747978',16,271,7,'C','G',98,'F',170),(797,'NICOLE ALISON','LAZARTE GONZALES','2006-12-07',18,46.5,'13752134',5,271,7,'C','G',98,'F',150.4),(798,'VALERY REYCHEL','GUAMAN ZENTENO','2005-12-28',19,62.3,'9488322',1,269,7,'C','G',98,'F',1.59),(799,'JHIOVANA','VILLARROEL ROCHA','1981-09-15',43,68.5,'5276623',1,269,7,'C','G',98,'F',1.56),(800,'NATALIA ILIANA','CANEO COCA','2013-01-09',11,40,'14193079',16,273,7,'C','G',99,'F',155),(801,'KIRA ALISON ','BARZOLA VEIZAGA','2010-04-23',14,46.5,'10994058',5,273,7,'C','G',99,'F',155.2),(802,'MAIRA','HINOJOSA ROJAS','2010-02-01',14,54,'9447037',5,272,7,'C','G',99,'F',152.8),(803,'ANAHI JHISEL ','RAMOS VILLARROEL','2010-07-13',14,58.5,'13161815',1,273,7,'C','G',99,'F',1.61),(804,'ANTONELLA MICHELLE','RIVERA MOLINA','2009-08-26',15,64,'9470234',16,272,7,'C','G',99,'F',165),(805,'JHASMYN ACARELY','CARRILLO BALDIVIEZO','2001-11-14',23,48,'9373106',16,272,7,'C','G',99,'F',165),(806,'ISABEL ','ROJAS USTARIZ','1994-02-06',29,67,'5319178',5,272,7,'C','G',99,'F',1.63),(807,'PATRICIA NANCY','LUIZAGA CARDOZO','1984-07-07',39,52.5,'4414173',5,272,7,'C','G',99,'F',158.9),(808,'ANDREA FERNANDA ','TORRICOS MERCADO ','2009-06-18',15,54,'9393272',5,275,7,'C','G',100,'F',157.8),(809,'ALISON THAIS ','MAMANI TORREZ','2008-06-20',16,65.4,'13260665',1,274,7,'C','G',100,'F',1.65),(810,'MIKAELA ARACELI','AGUILAR ZUBIETA','2004-03-15',20,48.89,'9483436',2,276,7,'C','G',100,'F',1.76),(811,'FABIOLA','MERCADO MARAÑÓN ','1993-08-09',31,56.1,'8831564',4,274,7,'C','G',100,'F',1.54),(812,'VALERIA ESTEFANIA','RODRIGUEZ','1985-10-07',39,72,'5190015',16,274,7,'C','G',100,'F',155),(813,'MARIA CONCEPCION','ROCA ACHIVARE','1982-12-08',42,55,'4197928',3,275,7,'C','G',100,'F',1.6);
/*!40000 ALTER TABLE `competidorsinpelea` ENABLE KEYS */;
UNLOCK TABLES;

--
-- Table structure for table `configuracion`
--

DROP TABLE IF EXISTS `configuracion`;
/*!40101 SET @saved_cs_client     = @@character_set_client */;
/*!50503 SET character_set_client = utf8mb4 */;
CREATE TABLE `configuracion` (
  `id` int(11) NOT NULL AUTO_INCREMENT,
  `nombre` varchar(45) DEFAULT NULL,
  `config` blob,
  PRIMARY KEY (`id`)
) ENGINE=InnoDB AUTO_INCREMENT=3 DEFAULT CHARSET=latin1;
/*!40101 SET character_set_client = @saved_cs_client */;

--
-- Dumping data for table `configuracion`
--

LOCK TABLES `configuracion` WRITE;
/*!40000 ALTER TABLE `configuracion` DISABLE KEYS */;
INSERT INTO `configuracion` VALUES (1,'kirugui',_binary '{\"cantAreas\":2,\"numRound\":\"3\",\"timeRound\":90,\"falta\":\"1\",\"maxFaltas\":\"5\",\"timeDescanso\":30,\"numMandos\":\"3\",\"puntosCabeza\":\"3\",\"puntosCabezaGiro\":\"5\",\"puntosPunio\":\"1\",\"puntosPeto\":\"2\",\"puntosPetoGiro\":\"4\",\"enableDif\":true,\"diffPuntos\":\"10\",\"puntosOro\":0,\"enableMaxPoint\":false,\"enableMaxRound\":true,\"maxJueces\":\"2\",\"frecLectura\":\"700\",\"esperaTime\":\"3\"}'),(2,'poomse',_binary '{\"numJueces\":\"5\",\"enablePromedio\":false,\"enableMaximo\":true,\"promedioTradicional\":true,\"promedioEliminador\":false}');
/*!40000 ALTER TABLE `configuracion` ENABLE KEYS */;
UNLOCK TABLES;

--
-- Table structure for table `equipo`
--

DROP TABLE IF EXISTS `equipo`;
/*!40101 SET @saved_cs_client     = @@character_set_client */;
/*!50503 SET character_set_client = utf8mb4 */;
CREATE TABLE `equipo` (
  `idequipo` int(10) unsigned NOT NULL AUTO_INCREMENT,
  `nombre` varchar(20) DEFAULT NULL,
  `descripcion` blob,
  `idcampeonato` int(11) DEFAULT NULL,
  `estado` varchar(1) DEFAULT 'P',
  `numparticipantes` int(11) DEFAULT NULL,
  `idclub` int(11) DEFAULT NULL,
  `puntuacion` double DEFAULT NULL,
  `posicion` int(11) DEFAULT NULL,
  PRIMARY KEY (`idequipo`)
) ENGINE=InnoDB AUTO_INCREMENT=22 DEFAULT CHARSET=latin1;
/*!40101 SET character_set_client = @saved_cs_client */;

--
-- Dumping data for table `equipo`
--

LOCK TABLES `equipo` WRITE;
/*!40000 ALTER TABLE `equipo` DISABLE KEYS */;
INSERT INTO `equipo` VALUES (1,'PRUEBA FUNCIONAMIENT',_binary 'esto es una descripcion de todo el moemnto\n\n- alejandro\n- pedro\n- juan jose',2,'E',10,4,NULL,NULL),(2,'SIJAB BULPE ',_binary 'MATEO RIOS\nANDREA CERVANTES\nJHOSEP JALDIN\nVANIA QUISPE\nJHAIR QUISPE\nVALERY GUAMAN\nANAHI RAMOS\nTATIANA LAFUENTE\nALISON MAMANI\nCLAUDIO ENCINAS\nMAURICO MAGNE\nMARCELO MAMANI',4,'A',12,1,NULL,NULL),(3,'IONG DO ',_binary 'Harold David Zenteno Torrico\nJenifer Melany Vallejos Gonzales \nJassiel Adrianné Lopez Fernandez\nLeandro Molina Medrano\nDiego Armando Cutipa Ramirez\nNicol Camacho\nJosue Mercado Rivero\nDavid Angel Agular Zubieta\nMikaela Areceli Aguilar Zubieta\nAbigail Margarita Saavedra Condori \nJeancarla Lizeth Montaño Condori',4,'A',11,2,NULL,NULL),(4,'PRUEBA 1',_binary 'a\nb\nc',8,'E',4,1,NULL,NULL),(5,'TAE HAN KWAN',_binary 'Luis Leo Huanca Yucra(1er Kup) , Yahil Eduardo Huanca Yucra(2do Kup) y David Alejandro Mercado Sabja(4to Dan). Demostración con Nunchakus y Katanas',8,'P',3,3,NULL,NULL),(6,'PRUEBA ',_binary 'Alun1\nAlun2',8,'P',2,21,NULL,NULL),(7,'IONG DO - FREESTYLE ',_binary 'David Aguilar, Mikaela Aguilar, Josué Mercado, Leandro Molina, Jassiel Lopez, Harold Zenteno, Diego Cutipa, Emily Guillen,Steven Choque Jennifer Vallejos. ',8,'P',10,2,NULL,NULL),(8,'IONG DO - FREESTYLE ',_binary 'Josué Ernesto Mercado Rivero - Freestyle individual',8,'P',1,2,NULL,NULL),(9,'IONG DO - FREESTYLE ',_binary 'Nicole Camacho Rosales - FREESTYLE INDIVIDUAL',8,'P',1,2,NULL,NULL),(10,'EQUIPO SIJAB BULPE',_binary 'Vania\nAndrea \nJoseph\nLucero\nLucho\nLuz\nJovany\nJazmin\nFiel\nTatiana\nClaudio\nMarian\nAriana\nSophia',8,'P',14,1,NULL,NULL),(11,'MUSA TAEKWONDO',_binary 'Alexis Córdoba \nNicolas Martinez \nFrancisco Azcui \nMaira Hinojosa \nSalvador Glade\nNicol Lazarte \nJorge \nDavid Chacon\nMauricio Atahuichi \nArianet ',8,'P',11,5,NULL,NULL),(12,'SIJAB BULPE FS-INDIV',_binary 'JOSEPH JALDIN VALLEJOS',8,'P',1,1,NULL,NULL),(13,'SIJAB BULPE FS-INDIV',_binary 'CLAUDIO DIEGO ENCINAS CHURATA',8,'P',1,0,NULL,NULL),(14,'SIJAB BULPE FS-INDIV',_binary 'GABRIELA GISEL MAMANI DIAZ',8,'P',1,0,NULL,NULL),(15,'SIJAB BULPE FS-INDIV',_binary 'GABRIELA ALEJANDRA VEGA GUAYNOCA',8,'P',1,0,NULL,NULL),(16,'SIJAB BULPE FS-INDIV',_binary 'ANDREA CERVANTES FLORES',8,'P',1,0,NULL,NULL),(17,'SIJAB BULPE FS-INDIV',_binary 'LUZ CAMILA LEON NOYA',8,'P',1,0,NULL,NULL),(18,'SIJAB BULPE FS-INDIV',_binary 'ANAHI JHISEL RAMOS VILLARROEL',8,'P',1,0,NULL,NULL),(19,'SIJAB BULPE FS-INDIV',_binary 'CAROLINA PACOHUANCA VELIZ',8,'P',1,0,NULL,NULL),(20,'SIJAB BULPE FS-INDIV',_binary 'SHEILA OLIVERA CHOQUE',8,'P',1,0,NULL,NULL),(21,'SIJAB BULPE FS-INDIV',_binary 'ALISON THAIS MAMANI TORREZ',8,'P',1,0,NULL,NULL);
/*!40000 ALTER TABLE `equipo` ENABLE KEYS */;
UNLOCK TABLES;

--
-- Table structure for table `estudiante`
--

DROP TABLE IF EXISTS `estudiante`;
/*!40101 SET @saved_cs_client     = @@character_set_client */;
/*!50503 SET character_set_client = utf8mb4 */;
CREATE TABLE `estudiante` (
  `idestudiante` int(11) NOT NULL AUTO_INCREMENT,
  `nombres` varchar(45) DEFAULT NULL,
  `apellidos` varchar(45) DEFAULT NULL,
  `ci` varchar(45) DEFAULT NULL,
  `fecha` date DEFAULT NULL,
  `idclub` int(11) DEFAULT NULL,
  `foto` blob,
  `edad` int(11) DEFAULT NULL,
  `genero` varchar(1) DEFAULT NULL,
  PRIMARY KEY (`idestudiante`)
) ENGINE=InnoDB AUTO_INCREMENT=194 DEFAULT CHARSET=latin1;
/*!40101 SET character_set_client = @saved_cs_client */;

--
-- Dumping data for table `estudiante`
--

LOCK TABLES `estudiante` WRITE;
/*!40000 ALTER TABLE `estudiante` DISABLE KEYS */;
INSERT INTO `estudiante` VALUES (1,'KEYLA ALEXA ',' CONDORI GUTIERREZ','00000','2015-07-27',4,NULL,8,'F'),(2,'FRANKLIN OMAR','QUISBERT FLORES','00000003','1988-01-04',1,NULL,35,'M'),(3,'ANGEL ','CASTIBLANCO CAMARGO','00000005','2014-01-25',1,NULL,9,'M'),(4,'LIZ ARLETH','MAITA VASQUEZ','0000002','2016-03-12',1,NULL,7,'F'),(5,'EMANUEL ANDRE','ARCE ESCOBAR','000002','2017-07-24',8,NULL,6,'M'),(6,'JUAN JOSÉ  ','RIOS VICENTE','000004','2009-04-25',1,NULL,14,'M'),(7,'RODRIGO ','SALAMANCA RIVAS','000007','2007-05-10',1,NULL,16,'M'),(8,'THALYTA KOUM','MENDOZA MERCADO','1','2017-12-06',2,NULL,6,'F'),(9,'CESIA ROMA','LAZARO MURAÑA','10479686','2004-03-09',9,NULL,19,'F'),(10,'LILIANA PIA','NAVARRO QUEREJAZU','1081819','1970-07-12',3,NULL,53,'F'),(11,'PABLO ERIK','ORDOÑEZ BALCAZAR','10988456','2012-02-02',4,NULL,11,'M'),(12,'KIRA ALISON ','BARZOLA VEIZAGA','10994058','2010-04-23',5,NULL,13,'F'),(13,'ANA VIRGINIA ','ROA DURÁN','11600857','2006-01-23',2,NULL,17,'F'),(14,'RICARDO ENRIQUE','RAMOS MOSCOSO','1223181','1982-04-18',1,NULL,41,'M'),(15,'JOSUE ERNESTO','MERCADO RIVERO','12343151','2005-10-10',2,NULL,18,'M'),(16,'BRIANA ','GARCIA ESPINOZA','12402061','2011-01-01',3,NULL,13,'F'),(17,'JOSE ARMANDO','SARABIA MIGUEL','12463119','2005-11-08',1,NULL,18,'M'),(18,'MAYUMI TATIANA ','FERNANDEZ LAFUENTE','12494610','2004-12-30',1,NULL,19,'F'),(19,'SAMUEL XAVI','ROCHA VARGAS','12581551','2011-12-05',3,NULL,12,'M'),(20,'ANTONIO MATEO','GARCÍA LOPEZ','12586896','2007-02-22',5,NULL,16,'M'),(21,'ALISSON','BEJARANO CACERES','12689491','2007-05-30',2,NULL,16,'F'),(22,'IBETH DANIELA','VEIZAGA ZAMBRANA','12713324','2007-02-16',4,NULL,16,'F'),(23,'SEBASTIAN','ESTRADA LA FUENTE','12714024','2010-12-29',3,NULL,13,'M'),(24,'DOUGLAS HUGO','ZELADA','12808483','1999-08-27',2,NULL,24,'M'),(25,'GABRIELA ','CAMACHO','12840747','2007-06-11',12,NULL,15,'F'),(26,'ELIAS','ORTEGA ACHIVARE','12850789','2010-11-14',3,NULL,13,'M'),(27,'CLAUDIO DIEGO ','ENCINAS CHURATA','12905198','2003-03-21',1,NULL,20,'M'),(28,'LAURA COSSET','GUMIEL ROQUE ','12906030','2006-12-27',5,NULL,17,'F'),(29,'DAFNE THAIS','GUMIEL ROQUE','12906031','2009-11-26',5,NULL,14,'F'),(30,'JOSUE FABRICIO ','GUMIEL ROQUE','12906368','2012-01-24',5,NULL,10,'M'),(31,'MICAELA ','ALBORTA BEDOYA','13001834','2007-05-24',2,NULL,16,'F'),(32,'ALEJANDRO MISAEL','PONCE ESCOBAR','13032043','2005-04-17',4,NULL,18,'M'),(33,'ADALID ','VEIZAGA MENCIA','13035879','2008-09-11',1,NULL,15,'M'),(34,'JOSUE BENJAMIN','GARCIA ESCALERA','13066375','2005-09-14',2,NULL,18,'M'),(35,'MADELEN','TRUJILLO PAEZ','13066406','2007-05-06',6,NULL,16,'F'),(36,'JUNIOR','QUISPE','13068490','2023-04-15',12,NULL,21,'M'),(37,'ANDRU LEDEMAN','SANDY NINA','13093828','2013-05-01',5,NULL,10,'M'),(38,'MATIAS ALEJANDRO','CAMACHO ORTIZ','13097892','2008-11-13',13,NULL,15,'M'),(39,'FRANCISCO','ESTRADA LA FUENTE','13131813','2013-04-10',3,NULL,10,'M'),(40,'KENDRA ARELIZ','RODRIGUEZ VACA','13132968','2013-07-22',4,NULL,10,'F'),(41,'ANAHI JHISEL','RAMOS VILLARROEL','13161815','2010-07-13',1,NULL,13,'F'),(42,'JORGE FABIÁN ','MELENDRES BENITEZ ','13225122','2013-08-30',8,NULL,10,'M'),(43,'STEFANY ARIANA ','IRAIZOS ECHALAR','13225953','2006-06-01',2,NULL,17,'F'),(44,'WALTER THABIT','ENCINAS CHURATA','13257905','2012-01-10',1,NULL,11,'M'),(45,'VALENTINA CAMILA ','NOTTA ACOSTA ','13353286','2007-11-01',5,NULL,16,'F'),(46,'LUCIANO ANDREAS','NOTTA ACOSTA ','13353287','2010-12-09',5,NULL,13,'M'),(47,'MAR NAOMI','DIAZ BAPTISTA','13380284','2013-07-28',4,NULL,10,'F'),(48,'JOSE LEANDRO','MOLINA MEDRANO','13416290','2001-10-09',2,NULL,22,'M'),(49,'RICARDO WENRY','MENDOZA VILLAROEL','13417759','1997-09-27',3,NULL,26,'M'),(50,'FERNANDO','GRAGEDA BARROSO','13472731','2005-12-30',3,NULL,18,'M'),(51,'DIEGO ARMANDO ','CUTIPA RAMIREZ','13499248','2007-10-03',2,NULL,16,'M'),(52,'JOSE CRISTHIAN','OBANDO ROCABADO','13525532','2007-02-23',7,NULL,16,'M'),(53,'LIZETH ','LEON CLAROS','13527960','2009-03-25',2,NULL,14,'F'),(54,'THIAGO OLIVER','CASTILLO YUCRA','13535142','2013-01-07',7,NULL,10,'M'),(55,'RICARDO MARCELO ','MAMANI COCA','1358008','2004-12-30',1,NULL,19,'M'),(56,'NICOLE ','CAMACHO ROSALES','13594270','2003-10-12',2,NULL,20,'F'),(57,'NYEN AUGUSTO','VILLCA GARCIA','13622952','2007-08-23',3,NULL,16,'M'),(58,'ABIGAIL MARGARITA ','SAAVEDRA CONDORI','13717994','2009-04-15',2,NULL,14,'F'),(59,'ADRIANA','JORGE VARGAS','13719028','2006-06-27',2,NULL,17,'F'),(60,'LUCIANA CAMILA','CHAVEZ CORDOVA','13748343','2008-11-19',3,NULL,15,'F'),(61,'NATHALY KEISY','TORREZ GUTIERREZ','13749583','2005-12-25',4,NULL,18,'F'),(62,'EMILY ANABEL ','GUILLEN VILLEGAS','13750013','2008-08-24',2,NULL,15,'F'),(63,'EMILY ARIANA ','GALINDO OTALORA','13750232','2010-04-11',3,NULL,13,'F'),(64,'VICTOR JOSE','OCAMPO SOTO','13750757','2007-03-25',13,NULL,16,'M'),(65,'NICOLE ALISON','LAZARTE GONZALES','13752134','2006-12-07',5,NULL,17,'F'),(66,'BRIAN GONZALO','TERAN ARNEZ','13752921','2007-02-11',4,NULL,16,'M'),(67,'JOAQUIN OMAR','ALVAREZ GONZALES','13791978','2008-04-01',3,NULL,15,'M'),(68,'BENJAMIN KALEB','ROCHA VARGAS','13826038','2014-05-23',3,NULL,9,'M'),(69,'SALVADOR ','GLADE CASTELLON ','13875037','2008-12-25',5,NULL,15,'M'),(70,'YISEL ALEJANDRA','MONTAÑO ACHIVARE','13994765','2010-03-08',3,NULL,13,'F'),(71,'MISAEL BENJAMIN ','MARQUINA SANCHEZ','14095681','2009-11-30',5,NULL,14,'M'),(72,'LUIS DANIEL','ALTAMIRANO APANA','14108318','2015-05-25',2,NULL,8,'M'),(73,'JOEL DAVID','TERAN MONTECINOS','141213258','2008-12-29',1,NULL,15,'M'),(74,'BENJAMIN CALEB ','PINTO MAMANI','14123210','2006-01-31',1,NULL,17,'M'),(75,'NICOLAS CRISTIAN ','MARTINEZ GUARACHI ','14196223','2011-08-04',5,NULL,12,'M'),(76,'AGUSTIN JOHANN','SILES ARTUNDUAGA','14255286','2013-08-28',4,NULL,10,'M'),(77,'ANJO ','CAMACHO','14257822','2013-03-27',12,NULL,10,'M'),(78,'BELLA ','CRESPO SAAVEDRA','14328008','2008-03-17',1,NULL,15,'F'),(79,'JHERCELI MARY','QUISBERT PONCE','14328441','2015-01-18',1,NULL,8,'F'),(80,'ERICK DANIEL','MAITA VASQUEZ','14357921','2014-03-13',1,NULL,9,'M'),(81,'DIEGO ORLANDO ','MAITA VASQUEZ','14357959','2012-01-03',1,NULL,11,'M'),(82,'EDUARDO SANTIAGO','ROJAS HINOJOSA','14383248','2012-04-24',3,NULL,11,'M'),(83,'MATEO SEBASTIAN','RIOS TERRAZAS','14383892','2015-03-05',1,NULL,8,'M'),(84,'IAN ANDRE','RODRIGUEZ VACA','14419354','2015-09-22',4,NULL,8,'M'),(85,'JEANCARLA LIZETH ','MONTAÑO CONDORI','14420076','2011-10-31',2,NULL,12,'F'),(86,'JEAN CARLA LIZETH ','MONTAÑO CONDORI','1442007606','2011-10-31',2,NULL,12,'F'),(87,'KRISTEL ASHELIN ','SORIA VALENCIA','14442349','2007-02-21',1,NULL,16,'F'),(88,'ANDREA CECILIA','SANCHEZ ZAMBRANA ','14442909','2012-06-28',4,NULL,11,'F'),(89,'JAVIER HENRRY','GANDARILLAS CAZORLA','14445026','2015-10-16',4,NULL,8,'M'),(90,'LIAN GREGORI','FERNANDEZ CHOQUE','14540835','2014-02-06',9,NULL,9,'M'),(91,'SEBASTIAN MATEO','CUTILE FLORES','146208','2014-02-27',4,NULL,9,'M'),(92,'JENNIFER MELANY ','VALLEJOS GONZALES','14645765','2006-10-22',2,NULL,17,'F'),(93,'CALEB ','VILAR MORALES','14646692','2016-03-01',4,NULL,7,'M'),(94,'AIDAN ADRIAN','GUMUCIO GUMUCIO','14648206','2015-01-19',5,NULL,8,'M'),(95,'MARCELO JUAN CARLOS','REY COSSIO','14648446','2015-08-29',3,NULL,8,'M'),(96,'NATALY ','QUISPE LOPEZ','14668862','2009-12-14',9,NULL,13,'F'),(97,'ARIANA NOELIA ','PINTO ROMERO','14695867','2012-12-21',4,NULL,11,'F'),(98,'JOSE EDUARDO','SOTO LOZA','14697902','2015-11-05',13,NULL,8,'M'),(99,'ISSAC','DELGADILLO','14732767','2011-05-15',12,NULL,12,'M'),(100,'PAOLA','SERRANO','14732920','2016-10-15',12,NULL,7,'F'),(101,'JOSEPH ','JALDIN VALLEJOS','14735067','2012-11-11',1,NULL,11,'M'),(102,'TOMAS ','ANDIA MERCAD','14743946','2016-08-02',4,NULL,7,'M'),(103,'CHELSIE SAMANTHA','CACERES CASTELLON','14755697','2014-05-05',4,NULL,9,'F'),(104,'FERNANDA ISABEL','APAZA BUTRON','14760774','2015-04-30',8,NULL,8,'F'),(105,'SOFIELY MANDIRA','PARDO MENA','14762692','2015-02-11',3,NULL,8,'F'),(106,'LUCIANE VALESKA ','OMONTE RIVAS','14829174','2008-07-27',1,NULL,15,'F'),(107,'ALEXIA CATALINA ','OMONTE RIVAS','14829243','2015-08-05',1,NULL,8,'F'),(108,'AGUSTIN MAURICIO ','ATAHUICHI CAYOJA','14835195','2011-05-27',5,NULL,12,'M'),(109,'CRISTINA ANTUANETH ','RIOS TERRAZAS','14856686','2016-07-15',1,NULL,7,'F'),(110,'RICARDO','BOLAÑOS ESCOBAR','14859772','2015-03-14',4,NULL,8,'M'),(111,'STEVEN','CHOQUE SANTOS','15012108','2008-06-19',2,NULL,15,'M'),(112,'ANDREA','CERVANTES FLORES','15043596','2013-08-09',1,NULL,10,'F'),(113,'MATEO JAZIEL','ARCE ESCOBAR','15097296','2015-01-30',8,NULL,8,'M'),(114,'ANGEL DAMODAR','CASTIBLANCO CAMARGO','15140041','2014-01-25',1,NULL,9,'M'),(115,'CAMILO EZEQUIEL','PEREDO LIZARAZU','15146833','2008-10-02',3,NULL,15,'M'),(116,'KHALED JHEYCOB ','LEVITO SANTANDER','15168568','2017-03-01',4,NULL,6,'M'),(117,'VICTOR MANUEL','ANDRADE GUZMAN','15270503','2014-10-20',4,NULL,9,'M'),(118,'JOSE GERARDO ','OBANDO ROCABADO','15336578','2012-03-02',7,NULL,11,'M'),(119,'LEONARDO','IRIARTE RAMIREZ','15352694','2016-09-13',7,NULL,7,'M'),(120,'JHAIR EDSON ','QUISPE FERNANDEZ','15386850','2014-01-05',1,NULL,9,'M'),(121,'FIORELLA SOFIA','JACOBS MOLINA','15399079','2016-08-01',3,NULL,7,'F'),(122,'JOSEPH','JALDIN VALLEJOS','15429159','2012-11-11',1,NULL,11,'M'),(123,'ABRIL ELIZA','MORALES CHINO','15494807','2018-11-04',4,NULL,5,'F'),(124,'JUAN IGNACIO ','GONZALES CONTRERAS','15501456','2014-07-23',5,NULL,9,'M'),(125,'LETIZIA RUTH','SILES ARTUNDUAGA','15533090','2018-12-07',4,NULL,5,'F'),(126,'JHENNY ESTHER','AYMAYA LAZARO','15544518','2014-01-12',11,NULL,9,'F'),(127,'SERGIO','CAMACHO','15572244','2014-08-12',12,NULL,9,'M'),(128,'AMIR ','VILLCA GARCIA','155742283','2012-09-02',3,NULL,11,'M'),(129,'NOEMI GUADALUPE','RAMIREZ ALVARADO','15590350','2006-09-06',3,NULL,17,'F'),(130,'LESNY ESTHER','RAMIREZ ALVARADO','15590359','2009-02-17',3,NULL,14,'F'),(131,'MIGUEL ANGEL','QUISPE QUISPE','16037123','2011-10-24',13,NULL,12,'M'),(132,'MIGUEL ANGEL ','CEREZO SANABRIA','16049664','2016-10-24',1,NULL,7,'M'),(133,'MATIAS ALEJANDRO ','MARQUINA SANCHEZ ','16353473','2012-11-28',5,NULL,11,'M'),(134,'RAMIRO DASTAN','MORALES ALANOCA','16382487','2010-12-09',4,NULL,13,'M'),(135,'OSCAR IGNACIO ','JORGE VARGAS','16425781','2014-02-06',2,NULL,9,'M'),(136,'ADRIAN NICOLAS','AREVALO LUIZAGA','16562449','2011-05-21',4,NULL,12,'M'),(137,'AMIRA ISABELLA','AREVALO LUIZAGA','16562879','2017-01-18',4,NULL,6,'F'),(138,'JASSIEL ADRANE','LOPEZ FERNANDEZ','16767497','2008-12-17',2,NULL,15,'F'),(139,'JUAQUIN ','CESPEDES FLORES','16857294','2013-11-08',4,NULL,10,'M'),(140,'ELMER MATIAS','ROJAS SOTO','16893751','2013-08-04',13,NULL,10,'M'),(141,'LEONARDO','ROJAS SOTO','16893773','2016-11-17',13,NULL,7,'M'),(142,'KEYDENSE MIRELLE','CHAVEZ MARTÍNEZ ','16907040','2007-11-20',2,NULL,16,'F'),(143,'LEONARDO ABRAHAM ','RODRÍGUEZ OBANDO','16996546','2013-08-26',7,NULL,10,'M'),(144,'RAUL ADRIAN','ALCOBA SOTO','17030528','2015-11-09',13,NULL,8,'M'),(145,'ADRIANA NICOLE ','GABRIEL MAMANI','21042007','2007-04-21',1,NULL,16,'F'),(146,'MARIO ERNESTO','MERCADO SORIA GALVARRO','3035773','1968-09-20',2,NULL,55,'M'),(147,'MARIA CONCEPCION','ROCA ACHIVARE','4197928','1982-12-08',3,NULL,41,'F'),(148,'JOSE AUGUSTO ','SALAMANCA VILLAFUERTE','4413285','1976-10-09',1,NULL,47,'M'),(149,'CARLOS','MANSILLA','4554548','2014-05-04',3,NULL,9,'M'),(150,'JUAN IGNACIO','GONZÁLEZ','4554564','2009-05-04',5,NULL,14,'M'),(151,'NOE','YUCRA QUISPE','45612','2008-07-11',9,NULL,15,'M'),(152,'MARIELA THALIA','MERCADO RIVERO','5155406','1993-07-06',2,NULL,30,'F'),(153,'RICARDO ENRIQUE ','RAMOS MOSCOSO','5223181','1982-04-18',1,NULL,41,'M'),(154,'JHIOVANA','VILLARROEL ROCHA','5276623','1981-09-15',1,NULL,42,'F'),(155,'JHIOVANA','VILLARROEL ROCHA','527663','1981-09-15',1,NULL,42,'F'),(156,'ISABEL ','ROJAS USTARIZ','5319178','1994-02-06',5,NULL,29,'F'),(157,'ADRIAN RODRIGO','CHOQUEVILLCA CAMACHO','6402857','1986-12-15',1,NULL,37,'M'),(158,'FRANKLIN OMAR ','QUISBERT FLORES','6547442','1988-01-04',1,NULL,35,'M'),(159,'OLIVER NICOLAS','JUANEZ HERBAS','69507708','2010-03-04',3,NULL,13,'M'),(160,'ARMANDO','SOLIZ ARI','7379976','2004-02-06',9,NULL,19,'M'),(161,'CYBER','SOLIZ ARI','7379977','2007-10-24',9,NULL,16,'M'),(162,'VICTORIA GISELLE','NINA GONZALES','7424730','2005-12-18',9,NULL,17,'F'),(163,'MATIAS MIGUEL','NINA GONZALES','7424731','2010-03-02',9,NULL,13,'M'),(164,'ARIANA','CHOQUE SILEZ','7946242','2004-11-13',1,NULL,19,'F'),(165,'DAVID ARIEL ','LIJERON FERNANDEZ ','7962178','2001-04-06',5,NULL,22,'M'),(166,'MIKAELA ARACELI','AGUILAR ZUBIETA','79726950','2004-03-15',2,NULL,19,'F'),(167,'ANDRES JHERSSON','QUELALI ROCHA','8696331','2002-10-25',1,NULL,21,'M'),(168,'ROGER SAMUEL ','VASQUEZ PINTO ','87703015','2001-06-16',1,NULL,22,'M'),(169,'HAROLD DAVID ','ZENTENO TORRICO','8780465','2006-03-06',2,NULL,17,'M'),(170,'RODRIGO ','SALAMANCA RIVAS','8812095','2007-05-10',1,NULL,16,'M'),(171,'CAMILA ANDREA ','SALAMANCA RIVAS','8812096','2005-11-08',1,NULL,18,'F'),(172,'SERGIO','GALARZA BECERRA','8815143','1998-10-15',11,NULL,25,'M'),(173,'NICOLAS','MERCADO MARAÑON ','8831568','1998-08-14',4,NULL,25,'M'),(174,'MILENKA','CATORCENO GUZMAN','9380824','2003-04-06',3,NULL,20,'F'),(175,'RONALDO','CHOQUE MONTES','9383261','1999-06-11',6,NULL,24,'M'),(176,'ANDREA FERNANDA ','TORRICOS MERCADO ','9393272','2009-06-18',5,NULL,14,'F'),(177,'NICOLAS KIMEY','GUTIERREZ CABEZAS','9424252','2006-09-15',5,NULL,17,'M'),(178,'MAIRA','HINOJOSA ROJAS','9447037','2010-02-01',5,NULL,13,'F'),(179,'LUIS FERNANDO','CHOQUE DURI','9453295','2006-02-02',5,NULL,17,'M'),(180,'DAVID ANGEL','AGUILAR ZUBIETA','9483435','2003-01-10',2,NULL,20,'M'),(181,'MIKAELA ARACELI','AGUILAR ZUBIETA','9483436','2004-03-15',2,NULL,19,'F'),(182,'VALERY REYCHEL','GUAMAN ZENTENO','9488322','2005-12-28',1,NULL,18,'F'),(183,'ERIKA MARIEL','CAMACHO ROSALES','9499164','1998-09-01',2,NULL,25,'F'),(184,'JUAN DAVID','ESPINOZA DELGADILLO','9832995','2009-08-26',4,NULL,14,'M'),(185,'DILAN ARON MAURICIO ','SANCHEZ MAMANI','9996023','2005-09-12',2,NULL,18,'M'),(186,'ZEUS','GUZMAN',':::','2012-04-15',12,NULL,11,'M'),(187,'IAN','GUZMAN','::::','2011-04-15',12,NULL,12,'M'),(188,'CRISTOPHER','CAMACHO',';;;','2012-07-15',12,NULL,11,'M'),(189,'ANJO','CAMACHO',';;;;','2013-03-27',12,NULL,10,'M'),(190,'JENNIFER','CAMACHO',';;;;;','2015-08-15',12,NULL,8,'F'),(191,'DAMIAN DEANGELO','GUMUCIO','AM074667','2013-03-28',5,NULL,10,'M'),(192,'GUSTAVO ALEX ','MONTEIRO DA SILVA','E-10755915','2010-07-06',5,NULL,13,'M'),(193,'CARLA VALENTINA','GUEVARA LUNAR','E-11259424','2014-06-20',8,NULL,9,'F');
/*!40000 ALTER TABLE `estudiante` ENABLE KEYS */;
UNLOCK TABLES;

--
-- Table structure for table `grado`
--

DROP TABLE IF EXISTS `grado`;
/*!40101 SET @saved_cs_client     = @@character_set_client */;
/*!50503 SET character_set_client = utf8mb4 */;
CREATE TABLE `grado` (
  `idgrado` int(10) unsigned NOT NULL AUTO_INCREMENT,
  `nombre` varchar(45) DEFAULT NULL,
  `tipo` varchar(5) DEFAULT NULL,
  `idcampeonato` int(11) DEFAULT NULL,
  `estado` varchar(10) DEFAULT 'A',
  PRIMARY KEY (`idgrado`)
) ENGINE=InnoDB AUTO_INCREMENT=129 DEFAULT CHARSET=latin1;
/*!40101 SET character_set_client = @saved_cs_client */;

--
-- Dumping data for table `grado`
--

LOCK TABLES `grado` WRITE;
/*!40000 ALTER TABLE `grado` DISABLE KEYS */;
INSERT INTO `grado` VALUES (1,'PRINCIPIANTES','C',2,'A'),(2,'NOVATOS','C',2,'A'),(3,'AVANZADOS','C',2,'A'),(4,'AVANZADOS','C',2,'E'),(5,'CINTURONES NEGROS','C',2,'A'),(6,'PRINCIPIANTES','P',2,'A'),(7,'PRINCIPIANTES A','P',2,'A'),(8,'NOVATOS','P',2,'A'),(9,'NOVATOS A','P',2,'A'),(10,'NOVATOS B','P',2,'E'),(11,'AVANZADO','P',2,'E'),(12,'CINTAS NEGRAS','P',2,'E'),(13,'PRINCIPIANTES CINTAS NEGRAS','P',2,'E'),(14,'NOVATOS CINTAS NEGRAS','P',2,'E'),(15,'AVANZADOS CINTAS NEGRAS','P',2,'E'),(16,'NOVATO B','P',2,'A'),(17,'AVANZADO','P',2,'A'),(18,'CINTURONES NEGROS','P',2,'A'),(19,'PRINCIPIANTES','P',2,'E'),(20,'PRINCIPIANTES','R',2,'A'),(21,'NOVATOS','R',2,'A'),(22,'PRINCIPIANTES','C',3,'A'),(23,'NOVATOS','C',3,'A'),(24,'AVANZADOS','C',3,'A'),(25,'CINTURONES NEGROS','C',3,'A'),(26,'PRINCIPIANTES','P',3,'A'),(27,'PRINCIPIANTES A','P',3,'A'),(28,'NOVATOS','P',3,'A'),(29,'NOVATOS A','P',3,'A'),(30,'NOVATO B','P',3,'A'),(31,'AVANZADO','P',3,'A'),(32,'CINTURONES NEGROS','P',3,'A'),(33,'PRINCIPIANTES','R',3,'A'),(34,'NOVATOS','R',3,'A'),(35,'PRINCIPIANTES','C',4,'A'),(36,'NOVATOS','C',4,'A'),(37,'AVANZADOS','C',4,'A'),(38,'CINTURONES NEGROS','C',4,'A'),(39,'PRINCIPIANTES','P',4,'A'),(40,'PRINCIPIANTES A','P',4,'A'),(41,'NOVATOS','P',4,'A'),(42,'NOVATOS A','P',4,'A'),(43,'NOVATO B','P',4,'A'),(44,'AVANZADO','P',4,'A'),(45,'CINTURONES NEGROS','P',4,'A'),(46,'PRINCIPIANTES','R',4,'A'),(47,'NOVATOS','R',4,'E'),(48,'PRINCIPIANTES 1','R',4,'A'),(49,'NOVATOS','R',4,'A'),(50,'NOVATOS 1','R',4,'A'),(51,'AVANZADOS','R',4,'A'),(52,'CINTURON NEGRO','R',4,'A'),(53,'DEMOSTRACION','D',4,'A'),(54,'PRINCIPIANTES','C',5,'A'),(55,'NOVATOS','C',5,'E'),(56,'AVANZADOS','C',5,'E'),(57,'CINTURONES NEGROS','C',5,'E'),(58,'PRINCIPIANTES','P',5,'A'),(59,'PRINCIPIANTES A','P',5,'A'),(60,'NOVATOS','P',5,'A'),(61,'NOVATOS A','P',5,'A'),(62,'NOVATO B','P',5,'A'),(63,'AVANZADO','P',5,'A'),(64,'CINTURONES NEGROS','P',5,'A'),(65,'PRINCIPIANTES','R',5,'A'),(66,'NOVATOS','R',5,'A'),(67,'NOVATOS 1','C',5,'E'),(68,'NOVATOS 2','C',5,'E'),(69,'NOVATOS 1','C',5,'A'),(70,'NOVATOS 2','C',5,'A'),(71,'AVANZADOS','C',5,'A'),(72,'CINTURONES NEGROS','C',5,'A'),(73,'PRINCIPIANTES','C',6,'A'),(74,'PRINCIPIANTES','P',6,'A'),(75,'PRINCIPIANTES A','P',6,'E'),(76,'NOVATOS','P',6,'A'),(77,'NOVATOS A','P',6,'A'),(78,'NOVATO B','P',6,'E'),(79,'AVANZADO','P',6,'A'),(80,'CINTURONES NEGROS','P',6,'A'),(81,'PRINCIPIANTES','R',6,'A'),(82,'NOVATOS','R',6,'A'),(83,'NOVATOS 1','C',6,'A'),(84,'NOVATOS 2','C',6,'A'),(85,'AVANZADOS','C',6,'A'),(86,'CINTURONES NEGROS','C',6,'A'),(87,'PRINCIPIANTES','C',7,'A'),(88,'PRINCIPIANTES','P',7,'A'),(89,'PRINCIPIANTES A','P',7,'E'),(90,'NOVATOS','P',7,'E'),(91,'NOVATOS A','P',7,'E'),(92,'NOVATO B','P',7,'E'),(93,'AVANZADO','P',7,'E'),(94,'CINTURONES NEGROS','P',7,'E'),(95,'PRINCIPIANTES','R',7,'A'),(96,'NOVATOS','R',7,'A'),(97,'NOVATOS 1','C',7,'A'),(98,'NOVATOS 2','C',7,'A'),(99,'AVANZADOS','C',7,'A'),(100,'CINTURONES NEGROS','C',7,'A'),(101,'NOVATOS 1','P',7,'A'),(102,'NOVATOS2','P',7,'E'),(103,'NOVATOS 2','P',7,'A'),(104,'AVANZADOS','P',7,'A'),(105,'DANES','P',7,'E'),(106,'DAN','P',7,'E'),(107,'CINTURONES NEGROS','P',7,'A'),(108,'PRINCIPIANTES','C',8,'A'),(109,'PRINCIPIANTES','P',8,'A'),(110,'PRINCIPIANTES','R',8,'E'),(111,'NOVATOS','R',8,'E'),(112,'NOVATOS 1','C',8,'A'),(113,'NOVATOS 2','C',8,'A'),(114,'AVANZADOS','C',8,'A'),(115,'CINTURONES NEGROS','C',8,'A'),(116,'NOVATOS 1','P',8,'A'),(117,'NOVATOS 2','P',8,'A'),(118,'AVANZADOS','P',8,'A'),(119,'CINTURONES NEGROS','P',8,'A'),(120,'FREE STYLE','D',8,'E'),(121,'EQUIPO','D',8,'E'),(122,'ARMAS','D',8,'E'),(123,'DESMOSTRACIÓN','D',8,'A'),(124,'PRINCIPIANTES','R',8,'A'),(125,'NOVATOS 1','R',8,'A'),(126,'NOVATOS 2','R',8,'A'),(127,'AVANZADOS','R',8,'A'),(128,'CINTURONES NEGROS','R',8,'A');
/*!40000 ALTER TABLE `grado` ENABLE KEYS */;
UNLOCK TABLES;

--
-- Table structure for table `llave`
--

DROP TABLE IF EXISTS `llave`;
/*!40101 SET @saved_cs_client     = @@character_set_client */;
/*!50503 SET character_set_client = utf8mb4 */;
CREATE TABLE `llave` (
  `idllave` int(11) NOT NULL AUTO_INCREMENT,
  `fecha` datetime NOT NULL DEFAULT CURRENT_TIMESTAMP,
  `tipo` varchar(1) DEFAULT NULL,
  `idgrado` int(11) DEFAULT NULL,
  `genero` varchar(1) DEFAULT NULL,
  `idcategoria` int(11) DEFAULT NULL,
  `idsubcategoria` int(11) DEFAULT NULL,
  `idcampeonato` int(11) DEFAULT NULL,
  `estado` varchar(1) DEFAULT 'A',
  `area` varchar(1) DEFAULT NULL,
  PRIMARY KEY (`idllave`)
) ENGINE=InnoDB AUTO_INCREMENT=307 DEFAULT CHARSET=latin1;
/*!40101 SET character_set_client = @saved_cs_client */;

--
-- Dumping data for table `llave`
--

LOCK TABLES `llave` WRITE;
/*!40000 ALTER TABLE `llave` DISABLE KEYS */;
INSERT INTO `llave` VALUES (3,'2023-04-16 20:39:02','C',1,'M',2,2,2,'A',NULL),(4,'2023-04-16 20:39:03','C',1,'M',2,6,2,'A',NULL),(5,'2023-04-16 20:39:03','C',1,'M',2,20,2,'E',NULL),(6,'2023-04-16 20:39:03','C',1,'M',4,24,2,'A',NULL),(7,'2023-04-16 20:39:03','C',1,'M',4,25,2,'A',NULL),(8,'2023-04-16 20:39:03','C',1,'M',4,28,2,'A',NULL),(9,'2023-04-16 20:39:03','C',1,'M',13,40,2,'A',NULL),(10,'2023-04-16 20:39:03','C',2,'M',2,3,2,'A',NULL),(11,'2023-04-16 20:39:03','C',2,'M',2,6,2,'A',NULL),(12,'2023-04-16 20:39:03','C',2,'M',2,7,2,'A',NULL),(13,'2023-04-16 20:39:04','C',2,'M',4,26,2,'A',NULL),(14,'2023-04-16 20:39:04','C',2,'M',5,31,2,'A',NULL),(15,'2023-04-16 20:39:04','C',3,'M',3,11,2,'A',NULL),(16,'2023-04-16 20:39:04','C',3,'M',4,23,2,'E',NULL),(17,'2023-04-16 20:39:04','C',3,'M',5,29,2,'A',NULL),(18,'2023-04-16 20:39:04','C',3,'M',5,30,2,'A',NULL),(19,'2023-04-16 20:39:05','C',5,'M',5,30,2,'A',NULL),(20,'2023-04-16 20:39:05','C',5,'M',5,31,2,'A',NULL),(21,'2023-04-16 20:48:10','C',1,'F',9,62,2,'E',NULL),(22,'2023-04-16 20:48:10','C',1,'F',10,65,2,'A',NULL),(23,'2023-04-16 20:48:10','C',1,'F',10,66,2,'A',NULL),(24,'2023-04-16 20:48:11','C',2,'F',10,65,2,'A',NULL),(25,'2023-04-16 20:48:11','C',2,'F',10,66,2,'A',NULL),(26,'2023-04-16 20:48:11','C',2,'F',11,71,2,'A',NULL),(27,'2023-04-16 20:54:30','C',-1,'M',-1,-1,2,'A',NULL),(28,'2023-04-16 20:56:02','C',-1,'M',-1,-1,2,'A',NULL),(29,'2023-04-16 21:01:59','C',-1,'M',-1,-1,2,'A',NULL),(30,'2023-04-16 21:05:31','C',-1,'F',-1,-1,2,'A',NULL),(32,'2023-04-18 15:48:49','C',-1,'M',-1,-1,2,'A',NULL),(33,'2023-04-18 15:49:57','C',-1,'M',-1,-1,2,'A',NULL),(34,'2023-04-18 15:50:56','C',-1,'M',-1,-1,2,'A',NULL),(35,'2023-04-18 15:51:16','C',-1,'M',-1,-1,2,'A',NULL),(36,'2023-04-18 15:52:27','C',-1,'F',-1,-1,2,'A',NULL),(37,'2023-04-18 15:53:15','C',-1,'F',-1,-1,2,'A',NULL),(38,'2023-04-18 15:54:04','C',-1,'F',-1,-1,2,'A',NULL),(39,'2023-04-18 15:55:46','C',-1,'F',-1,-1,2,'A',NULL),(40,'2023-04-18 15:56:50','C',-1,'F',-1,-1,2,'A',NULL),(41,'2023-04-18 15:57:06','C',-1,'F',-1,-1,2,'A',NULL),(42,'2023-04-18 15:59:56','C',-1,'M',-1,-1,2,'A',NULL),(43,'2023-04-18 16:00:39','C',-1,'M',-1,-1,2,'A',NULL),(44,'2023-04-18 16:01:21','C',-1,'M',-1,-1,2,'A',NULL),(45,'2023-04-18 16:02:08','C',-1,'M',-1,-1,2,'A',NULL),(46,'2023-04-18 16:14:27','C',-1,'F',-1,-1,2,'A',NULL),(47,'2023-04-18 16:25:27','C',-1,'F',-1,-1,2,'A',NULL),(48,'2023-04-21 03:21:12','C',-1,'M',-1,-1,2,'A',NULL),(49,'2023-04-21 03:21:58','C',-1,'M',-1,-1,2,'A',NULL),(50,'2023-04-21 03:23:34','C',-1,'M',-1,-1,2,'A',NULL),(51,'2023-04-22 18:20:23','C',-1,'M',-1,-1,2,'A',NULL),(85,'2023-12-07 17:57:23','C',54,'M',44,289,5,'A',NULL),(86,'2023-12-07 17:57:24','C',69,'M',41,261,5,'A',NULL),(87,'2023-12-07 17:57:24','C',69,'M',44,290,5,'A',NULL),(88,'2023-12-07 17:57:25','C',70,'M',45,295,5,'A',NULL),(89,'2023-12-07 17:57:26','C',71,'M',44,293,5,'A',NULL),(90,'2023-12-07 17:57:26','C',72,'M',47,306,5,'A',NULL),(91,'2023-12-07 17:57:27','C',72,'M',47,307,5,'A',NULL),(92,'2023-12-07 17:57:38','C',70,'F',46,302,5,'A',NULL),(93,'2023-12-07 17:57:38','C',70,'F',48,312,5,'A',NULL),(94,'2023-12-07 17:57:38','C',71,'F',43,280,5,'A',NULL),(95,'2023-12-07 17:57:39','C',72,'F',46,303,5,'A',NULL),(96,'2023-12-07 17:57:39','C',72,'F',48,311,5,'A',NULL),(97,'2023-12-07 19:49:51','C',-1,'M',-1,-1,5,'A',NULL),(98,'2023-12-07 19:51:48','C',-1,'M',-1,-1,5,'A',NULL),(99,'2023-12-07 19:52:36','C',-1,'M',-1,-1,5,'A',NULL),(100,'2023-12-07 19:53:10','C',-1,'M',-1,-1,5,'A',NULL),(101,'2023-12-07 19:53:58','C',-1,'M',-1,-1,5,'A',NULL),(102,'2023-12-07 19:59:04','C',-1,'M',-1,-1,5,'A',NULL),(103,'2023-12-07 19:59:45','C',-1,'M',-1,-1,5,'A',NULL),(104,'2023-12-07 20:00:32','C',-1,'M',-1,-1,5,'A',NULL),(105,'2023-12-07 20:01:43','C',-1,'M',-1,-1,5,'A',NULL),(106,'2023-12-07 20:02:17','C',-1,'M',-1,-1,5,'A',NULL),(107,'2023-12-07 20:13:09','C',-1,'F',-1,-1,5,'A',NULL),(108,'2023-12-07 20:13:48','C',-1,'F',-1,-1,5,'A',NULL),(109,'2023-12-07 20:14:21','C',-1,'F',-1,-1,5,'A',NULL),(110,'2023-12-07 20:14:56','C',-1,'F',-1,-1,5,'A',NULL),(111,'2023-12-07 20:15:32','C',-1,'F',-1,-1,5,'A',NULL),(112,'2023-12-07 20:16:10','C',-1,'F',-1,-1,5,'A',NULL),(113,'2023-12-07 20:16:41','C',-1,'F',-1,-1,5,'A',NULL),(114,'2023-12-07 20:17:17','C',-1,'F',-1,-1,5,'A',NULL),(115,'2023-12-07 20:18:25','C',-1,'F',-1,-1,5,'A',NULL),(116,'2023-12-07 20:19:02','C',-1,'F',-1,-1,5,'A',NULL),(117,'2023-12-07 20:19:45','C',-1,'F',-1,-1,5,'A',NULL),(118,'2023-12-07 20:20:27','C',-1,'F',-1,-1,5,'A',NULL),(119,'2023-12-08 09:50:12','C',-1,'M',-1,-1,5,'A',NULL),(120,'2024-01-29 21:56:57','C',73,'M',59,379,6,'A',NULL),(121,'2024-01-29 21:56:57','C',73,'M',59,380,6,'A',NULL),(122,'2024-01-29 21:56:58','C',83,'M',59,380,6,'A',NULL),(123,'2024-01-29 22:00:22','C',73,'F',56,347,6,'A',NULL),(124,'2024-01-29 22:00:22','C',73,'F',57,361,6,'A',NULL),(125,'2024-01-29 22:00:22','C',73,'F',57,363,6,'A',NULL),(126,'2024-01-29 22:00:22','C',73,'F',57,365,6,'A',NULL),(127,'2024-01-29 22:00:22','C',73,'F',60,385,6,'A',NULL),(128,'2024-01-29 22:00:22','C',83,'F',57,364,6,'A',NULL),(129,'2024-01-30 08:29:25','C',-1,'M',-1,-1,6,'A',NULL),(130,'2024-01-30 08:30:13','C',-1,'M',-1,-1,6,'A',NULL),(131,'2024-01-30 08:30:35','C',-1,'M',-1,-1,6,'A',NULL),(132,'2024-01-30 08:31:44','C',-1,'M',-1,-1,6,'E',NULL),(133,'2024-01-30 08:43:53','C',-1,'M',-1,-1,6,'A',NULL),(134,'2024-01-30 08:44:34','C',-1,'M',-1,-1,6,'A',NULL),(135,'2024-01-30 08:45:00','C',-1,'M',-1,-1,6,'A',NULL),(136,'2024-01-30 08:45:16','C',-1,'M',-1,-1,6,'A',NULL),(137,'2024-01-30 09:06:32','C',-1,'F',-1,-1,6,'A',NULL),(138,'2024-01-30 09:06:57','C',-1,'F',-1,-1,6,'A',NULL),(139,'2024-01-30 09:07:41','C',-1,'F',-1,-1,6,'A',NULL),(140,'2024-01-30 09:27:46','C',-1,'M',-1,-1,6,'A',NULL),(141,'2024-01-30 09:28:06','C',-1,'M',-1,-1,6,'A',NULL),(142,'2024-01-30 09:30:31','C',-1,'F',-1,-1,6,'A',NULL),(143,'2024-01-30 09:32:49','C',-1,'F',-1,-1,6,'A',NULL),(144,'2024-01-30 09:35:14','C',-1,'F',-1,-1,6,'A',NULL),(145,'2024-01-30 09:35:50','C',-1,'F',-1,-1,6,'A',NULL),(146,'2024-01-30 09:36:47','C',-1,'F',-1,-1,6,'A',NULL),(147,'2024-01-30 09:37:17','C',-1,'F',-1,-1,6,'A',NULL),(148,'2024-01-30 09:47:02','C',-1,'F',-1,-1,6,'A',NULL),(149,'2024-01-30 22:59:28','C',-1,'M',-1,-1,6,'A',NULL),(150,'2024-04-12 13:28:26','C',87,'F',77,484,7,'E',NULL),(151,'2024-04-12 13:28:26','C',99,'F',76,476,7,'E',NULL),(152,'2024-04-13 21:52:01','C',87,'M',78,487,7,'E',NULL),(153,'2024-04-13 21:52:02','C',97,'M',71,428,7,'E',NULL),(154,'2024-04-13 21:52:02','C',97,'M',71,429,7,'E',NULL),(155,'2024-04-13 21:52:02','C',97,'M',71,435,7,'E',NULL),(156,'2024-04-13 21:52:02','C',97,'M',74,465,7,'E',NULL),(157,'2024-04-13 21:52:02','C',97,'M',75,468,7,'E',NULL),(158,'2024-04-13 21:52:02','C',97,'M',78,486,7,'E',NULL),(159,'2024-04-13 21:52:02','C',98,'M',71,428,7,'E',NULL),(160,'2024-04-13 21:52:02','C',98,'M',74,460,7,'E',NULL),(161,'2024-04-13 21:52:02','C',98,'M',74,462,7,'E',NULL),(162,'2024-04-13 21:52:02','C',98,'M',78,486,7,'E',NULL),(163,'2024-04-13 21:52:03','C',99,'M',75,469,7,'E',NULL),(164,'2024-04-13 21:52:03','C',99,'M',78,485,7,'E',NULL),(165,'2024-04-13 21:52:03','C',99,'M',78,487,7,'E',NULL),(166,'2024-04-13 21:52:03','C',100,'M',78,485,7,'E',NULL),(167,'2024-04-13 21:52:03','C',100,'M',78,486,7,'E',NULL),(168,'2024-04-13 21:52:03','C',100,'M',78,487,7,'E',NULL),(169,'2024-04-13 22:39:32','C',87,'M',78,487,7,'E',NULL),(170,'2024-04-13 22:39:32','C',97,'M',71,428,7,'E',NULL),(171,'2024-04-13 22:39:32','C',97,'M',71,429,7,'E',NULL),(172,'2024-04-13 22:39:33','C',97,'M',71,435,7,'E',NULL),(173,'2024-04-13 22:39:33','C',97,'M',74,465,7,'E',NULL),(174,'2024-04-13 22:39:33','C',97,'M',75,468,7,'E',NULL),(175,'2024-04-13 22:39:34','C',97,'M',78,486,7,'E',NULL),(176,'2024-04-13 22:39:35','C',98,'M',71,428,7,'E',NULL),(177,'2024-04-13 22:39:35','C',98,'M',74,460,7,'E',NULL),(178,'2024-04-13 22:39:35','C',98,'M',74,462,7,'E',NULL),(179,'2024-04-13 22:39:36','C',98,'M',78,486,7,'E',NULL),(180,'2024-04-13 22:39:37','C',99,'M',75,469,7,'E',NULL),(181,'2024-04-13 22:39:37','C',99,'M',78,485,7,'E',NULL),(182,'2024-04-13 22:39:37','C',99,'M',78,487,7,'E',NULL),(183,'2024-04-13 22:39:38','C',100,'M',78,485,7,'E',NULL),(184,'2024-04-13 22:39:38','C',100,'M',78,486,7,'E',NULL),(185,'2024-04-13 22:39:38','C',100,'M',78,487,7,'E',NULL),(186,'2024-04-13 23:04:28','C',87,'F',73,452,7,'E',NULL),(187,'2024-04-13 23:04:28','C',87,'F',73,454,7,'E',NULL),(188,'2024-04-13 23:04:28','C',87,'F',76,476,7,'E',NULL),(189,'2024-04-13 23:04:29','C',97,'F',72,438,7,'E',NULL),(190,'2024-04-13 23:04:29','C',97,'F',72,440,7,'E',NULL),(191,'2024-04-13 23:04:30','C',97,'F',73,454,7,'E',NULL),(192,'2024-04-13 23:04:30','C',97,'F',73,455,7,'E',NULL),(193,'2024-04-13 23:04:30','C',97,'F',76,475,7,'E',NULL),(194,'2024-04-13 23:04:30','C',97,'F',77,480,7,'E',NULL),(195,'2024-04-13 23:04:32','C',98,'F',76,476,7,'E',NULL),(196,'2024-04-13 23:04:32','C',98,'F',76,477,7,'E',NULL),(197,'2024-04-13 23:04:32','C',98,'F',77,481,7,'E',NULL),(198,'2024-04-13 23:04:33','C',99,'F',76,476,7,'E',NULL),(199,'2024-04-13 23:04:33','C',99,'F',77,481,7,'E',NULL),(200,'2024-04-14 00:22:00','C',87,'F',73,452,7,'E',NULL),(201,'2024-04-14 00:22:01','C',87,'F',73,454,7,'E',NULL),(202,'2024-04-14 00:22:01','C',87,'F',76,476,7,'E',NULL),(203,'2024-04-14 00:22:02','C',97,'F',72,438,7,'E',NULL),(204,'2024-04-14 00:22:02','C',97,'F',72,440,7,'E',NULL),(205,'2024-04-14 00:22:02','C',97,'F',73,454,7,'E',NULL),(206,'2024-04-14 00:22:02','C',97,'F',73,455,7,'E',NULL),(207,'2024-04-14 00:22:03','C',97,'F',76,475,7,'E',NULL),(208,'2024-04-14 00:22:03','C',97,'F',77,480,7,'E',NULL),(209,'2024-04-14 00:22:04','C',98,'F',76,476,7,'E',NULL),(210,'2024-04-14 00:22:04','C',98,'F',76,477,7,'E',NULL),(211,'2024-04-14 00:22:05','C',98,'F',77,481,7,'E',NULL),(212,'2024-04-14 00:22:06','C',99,'F',76,476,7,'E',NULL),(213,'2024-04-14 00:22:06','C',99,'F',77,481,7,'E',NULL),(214,'2024-04-14 00:22:14','C',87,'M',78,487,7,'E',NULL),(215,'2024-04-14 00:22:15','C',97,'M',71,428,7,'E',NULL),(216,'2024-04-14 00:22:15','C',97,'M',71,429,7,'E',NULL),(217,'2024-04-14 00:22:15','C',97,'M',71,435,7,'E',NULL),(218,'2024-04-14 00:22:16','C',97,'M',74,465,7,'E',NULL),(219,'2024-04-14 00:22:16','C',97,'M',75,468,7,'E',NULL),(220,'2024-04-14 00:22:17','C',97,'M',78,486,7,'E',NULL),(221,'2024-04-14 00:22:17','C',98,'M',71,428,7,'E',NULL),(222,'2024-04-14 00:22:18','C',98,'M',74,460,7,'E',NULL),(223,'2024-04-14 00:22:18','C',98,'M',74,462,7,'E',NULL),(224,'2024-04-14 00:22:18','C',98,'M',78,486,7,'E',NULL),(225,'2024-04-14 00:22:19','C',99,'M',75,469,7,'E',NULL),(226,'2024-04-14 00:22:19','C',99,'M',78,485,7,'E',NULL),(227,'2024-04-14 00:22:20','C',99,'M',78,487,7,'E',NULL),(228,'2024-04-14 00:22:21','C',100,'M',78,485,7,'E',NULL),(229,'2024-04-14 00:22:21','C',100,'M',78,486,7,'E',NULL),(230,'2024-04-14 00:22:21','C',100,'M',78,487,7,'E',NULL),(231,'2024-04-14 10:57:12','C',87,'M',78,487,7,'A',NULL),(232,'2024-04-14 10:57:13','C',97,'M',71,428,7,'A',NULL),(233,'2024-04-14 10:57:13','C',97,'M',71,429,7,'A',NULL),(234,'2024-04-14 10:57:13','C',97,'M',71,435,7,'A',NULL),(235,'2024-04-14 10:57:14','C',97,'M',74,465,7,'A',NULL),(236,'2024-04-14 10:57:14','C',97,'M',75,468,7,'A',NULL),(237,'2024-04-14 10:57:15','C',97,'M',78,486,7,'A',NULL),(238,'2024-04-14 10:57:15','C',98,'M',71,428,7,'A',NULL),(239,'2024-04-14 10:57:15','C',98,'M',74,460,7,'A',NULL),(240,'2024-04-14 10:57:16','C',98,'M',74,462,7,'A',NULL),(241,'2024-04-14 10:57:16','C',98,'M',78,486,7,'A',NULL),(242,'2024-04-14 10:57:17','C',99,'M',75,469,7,'A',NULL),(243,'2024-04-14 10:57:17','C',99,'M',78,485,7,'A',NULL),(244,'2024-04-14 10:57:17','C',99,'M',78,487,7,'A',NULL),(245,'2024-04-14 10:57:18','C',100,'M',78,485,7,'A',NULL),(246,'2024-04-14 10:57:18','C',100,'M',78,486,7,'A',NULL),(247,'2024-04-14 10:57:18','C',100,'M',78,487,7,'A',NULL),(248,'2024-04-14 10:57:19','C',100,'M',78,488,7,'A',NULL),(249,'2024-04-14 10:57:37','C',87,'F',73,452,7,'A',NULL),(250,'2024-04-14 10:57:37','C',87,'F',73,454,7,'A',NULL),(251,'2024-04-14 10:57:37','C',87,'F',76,476,7,'A',NULL),(252,'2024-04-14 10:57:38','C',97,'F',72,438,7,'A',NULL),(253,'2024-04-14 10:57:38','C',97,'F',72,440,7,'A',NULL),(254,'2024-04-14 10:57:39','C',97,'F',73,454,7,'A',NULL),(255,'2024-04-14 10:57:39','C',97,'F',73,455,7,'A',NULL),(256,'2024-04-14 10:57:39','C',97,'F',76,475,7,'A',NULL),(257,'2024-04-14 10:57:39','C',97,'F',77,480,7,'A',NULL),(258,'2024-04-14 10:57:40','C',98,'F',76,476,7,'A',NULL),(259,'2024-04-14 10:57:40','C',98,'F',76,477,7,'A',NULL),(260,'2024-04-14 10:57:41','C',98,'F',77,481,7,'A',NULL),(261,'2024-04-14 10:57:41','C',99,'F',76,476,7,'A',NULL),(262,'2024-04-14 10:57:42','C',99,'F',77,481,7,'A',NULL),(263,'2024-04-14 11:20:38','C',-1,'M',-1,-1,7,'A',NULL),(264,'2024-04-14 11:21:12','C',-1,'M',-1,-1,7,'A',NULL),(265,'2024-04-14 11:21:42','C',-1,'M',-1,-1,7,'A',NULL),(266,'2024-04-14 11:22:33','C',-1,'M',-1,-1,7,'A',NULL),(267,'2024-04-14 11:23:52','C',-1,'M',-1,-1,7,'A',NULL),(268,'2024-04-14 11:24:17','C',-1,'M',-1,-1,7,'A',NULL),(269,'2024-04-14 11:25:18','C',-1,'M',-1,-1,7,'A',NULL),(270,'2024-04-14 11:26:02','C',-1,'M',-1,-1,7,'A',NULL),(271,'2024-04-14 11:26:42','C',-1,'M',-1,-1,7,'A',NULL),(272,'2024-04-14 11:27:35','C',-1,'M',-1,-1,7,'A',NULL),(273,'2024-04-14 11:28:22','C',-1,'M',-1,-1,7,'A',NULL),(274,'2024-04-14 11:28:54','C',-1,'M',-1,-1,7,'A',NULL),(275,'2024-04-14 11:32:48','C',-1,'M',-1,-1,7,'A',NULL),(276,'2024-04-14 11:33:27','C',-1,'M',-1,-1,7,'A',NULL),(277,'2024-04-14 11:34:31','C',-1,'M',-1,-1,7,'A',NULL),(278,'2024-04-14 13:34:04','C',-1,'F',-1,-1,7,'A',NULL),(279,'2024-04-14 13:34:47','C',-1,'F',-1,-1,7,'A',NULL),(280,'2024-04-14 13:35:28','C',-1,'F',-1,-1,7,'A',NULL),(281,'2024-04-14 13:36:15','C',-1,'F',-1,-1,7,'A',NULL),(282,'2024-04-14 13:36:54','C',-1,'F',-1,-1,7,'A',NULL),(283,'2024-04-14 13:38:27','C',-1,'F',-1,-1,7,'A',NULL),(284,'2024-04-14 13:39:05','C',-1,'F',-1,-1,7,'E',NULL),(285,'2024-04-14 13:39:52','C',-1,'F',-1,-1,7,'A',NULL),(286,'2024-04-14 13:40:40','C',-1,'F',-1,-1,7,'A',NULL),(287,'2024-04-14 13:41:26','C',-1,'F',-1,-1,7,'E',NULL),(288,'2024-04-14 13:42:08','C',-1,'F',-1,-1,7,'A',NULL),(289,'2024-04-14 14:43:21','C',-1,'M',-1,-1,7,'A',NULL),(290,'2024-04-14 14:56:51','C',-1,'M',-1,-1,7,'A',NULL),(291,'2024-04-14 16:07:50','C',-1,'F',-1,-1,7,'E',NULL),(292,'2024-04-14 16:09:01','C',-1,'F',-1,-1,7,'A',NULL),(293,'2024-04-14 16:23:45','C',-1,'F',-1,-1,7,'A',NULL),(294,'2024-04-14 16:57:59','C',-1,'F',-1,-1,7,'A',NULL),(295,'2024-04-14 21:44:25','C',-1,'M',-1,-1,7,'A',NULL),(296,'2024-04-14 21:45:07','C',-1,'M',-1,-1,7,'A',NULL),(297,'2024-04-14 21:45:35','C',-1,'M',-1,-1,7,'A',NULL),(298,'2024-04-14 21:52:44','C',-1,'F',-1,-1,7,'E',NULL),(299,'2024-04-14 22:07:54','C',-1,'F',-1,-1,7,'A',NULL),(300,'2024-04-14 22:09:22','C',-1,'F',-1,-1,7,'E',NULL),(301,'2024-04-14 22:17:47','C',-1,'F',-1,-1,7,'E',NULL),(302,'2024-04-14 22:19:13','C',-1,'F',-1,-1,7,'E',NULL),(303,'2024-04-14 22:20:14','C',-1,'F',-1,-1,7,'A',NULL),(304,'2024-04-14 22:29:55','C',-1,'M',-1,-1,7,'E',NULL),(305,'2024-04-14 22:36:23','C',-1,'F',-1,-1,7,'A',NULL),(306,'2024-04-14 22:39:21','C',-1,'M',-1,-1,7,'A',NULL);
/*!40000 ALTER TABLE `llave` ENABLE KEYS */;
UNLOCK TABLES;

--
-- Table structure for table `mandopelea`
--

DROP TABLE IF EXISTS `mandopelea`;
/*!40101 SET @saved_cs_client     = @@character_set_client */;
/*!50503 SET character_set_client = utf8mb4 */;
CREATE TABLE `mandopelea` (
  `id` int(11) NOT NULL AUTO_INCREMENT,
  `idusuario` int(11) DEFAULT NULL,
  `dato` varchar(1) DEFAULT NULL,
  `sector` varchar(1) DEFAULT NULL,
  `estado` varchar(1) DEFAULT NULL,
  PRIMARY KEY (`id`)
) ENGINE=InnoDB DEFAULT CHARSET=latin1;
/*!40101 SET character_set_client = @saved_cs_client */;

--
-- Dumping data for table `mandopelea`
--

LOCK TABLES `mandopelea` WRITE;
/*!40000 ALTER TABLE `mandopelea` DISABLE KEYS */;
/*!40000 ALTER TABLE `mandopelea` ENABLE KEYS */;
UNLOCK TABLES;

--
-- Table structure for table `mandopunto`
--

DROP TABLE IF EXISTS `mandopunto`;
/*!40101 SET @saved_cs_client     = @@character_set_client */;
/*!50503 SET character_set_client = utf8mb4 */;
CREATE TABLE `mandopunto` (
  `id` int(11) NOT NULL AUTO_INCREMENT,
  `idusuario` int(11) DEFAULT NULL,
  `dato` varchar(1) DEFAULT NULL,
  `estado` varchar(1) DEFAULT NULL,
  `sector` varchar(1) DEFAULT NULL,
  `poomseaccuracy` double DEFAULT NULL,
  `poomsepresentation` double DEFAULT NULL,
  `tipoalbitro` varchar(1) DEFAULT NULL,
  PRIMARY KEY (`id`)
) ENGINE=InnoDB AUTO_INCREMENT=16 DEFAULT CHARSET=latin1;
/*!40101 SET character_set_client = @saved_cs_client */;

--
-- Dumping data for table `mandopunto`
--

LOCK TABLES `mandopunto` WRITE;
/*!40000 ALTER TABLE `mandopunto` DISABLE KEYS */;
INSERT INTO `mandopunto` VALUES (1,1,'D','A','0',2.5,2.6,'P'),(2,4,'','I','1',NULL,NULL,NULL),(3,13,'','I','1',NULL,NULL,NULL),(4,2,'','I','1',NULL,NULL,NULL),(5,5,'','I','1',NULL,NULL,NULL),(6,7,'b','A','2',NULL,NULL,'P'),(7,18,'','I','1',NULL,NULL,NULL),(8,3,'','I','1',NULL,NULL,NULL),(9,19,'','I','2',NULL,NULL,NULL),(10,12,'E','I','2',NULL,NULL,NULL),(11,22,'','I','0',NULL,NULL,NULL),(12,35,'A','A','0',4,3.5,'P'),(13,36,NULL,'A','0',0,0,'P'),(14,37,NULL,'A','0',0,0,'P'),(15,38,NULL,'A','0',0,0,'P');
/*!40000 ALTER TABLE `mandopunto` ENABLE KEYS */;
UNLOCK TABLES;

--
-- Table structure for table `pelea`
--

DROP TABLE IF EXISTS `pelea`;
/*!40101 SET @saved_cs_client     = @@character_set_client */;
/*!50503 SET character_set_client = utf8mb4 */;
CREATE TABLE `pelea` (
  `idpelea` int(11) NOT NULL AUTO_INCREMENT,
  `idpeleapadre` int(11) DEFAULT NULL,
  `idllave` int(11) DEFAULT NULL,
  `idcompetidor1` int(11) DEFAULT NULL,
  `idcompetidor2` int(11) DEFAULT NULL,
  `nropelea` int(11) DEFAULT NULL,
  `idganador` int(11) DEFAULT NULL,
  `idperdedor` int(11) DEFAULT NULL,
  PRIMARY KEY (`idpelea`)
) ENGINE=InnoDB AUTO_INCREMENT=485 DEFAULT CHARSET=latin1;
/*!40101 SET character_set_client = @saved_cs_client */;

--
-- Dumping data for table `pelea`
--

LOCK TABLES `pelea` WRITE;
/*!40000 ALTER TABLE `pelea` DISABLE KEYS */;
INSERT INTO `pelea` VALUES (3,NULL,3,283,71,5,NULL,NULL),(4,NULL,4,101,295,2,NULL,NULL),(5,NULL,5,40,154,0,NULL,NULL),(6,NULL,6,167,281,23,NULL,NULL),(7,NULL,7,296,122,24,NULL,NULL),(8,NULL,8,293,69,25,NULL,NULL),(9,NULL,9,121,179,38,NULL,NULL),(10,NULL,10,68,208,1,NULL,NULL),(11,NULL,10,42,0,6,NULL,NULL),(12,NULL,11,111,202,3,NULL,NULL),(13,NULL,12,239,270,4,NULL,NULL),(14,NULL,13,50,80,26,NULL,NULL),(15,NULL,14,176,116,32,NULL,NULL),(16,NULL,15,162,151,12,NULL,NULL),(17,NULL,16,117,245,7,NULL,NULL),(18,NULL,17,173,143,33,NULL,NULL),(19,NULL,18,47,302,34,NULL,NULL),(20,NULL,19,330,331,30,NULL,NULL),(21,NULL,19,26,93,30,NULL,NULL),(22,NULL,20,177,304,35,NULL,NULL),(23,NULL,21,41,253,12,NULL,NULL),(24,NULL,22,137,136,1,NULL,NULL),(25,NULL,23,178,206,20,NULL,NULL),(26,NULL,23,243,166,21,NULL,NULL),(28,NULL,24,16,169,1,NULL,NULL),(29,NULL,25,276,259,22,NULL,NULL),(30,NULL,25,14,0,2,NULL,NULL),(31,NULL,26,44,120,31,NULL,NULL),(32,NULL,26,262,0,2,NULL,NULL),(33,NULL,27,17,3,8,NULL,NULL),(34,NULL,28,5,6,11,NULL,NULL),(35,NULL,29,29,18,10,NULL,NULL),(36,NULL,30,40,41,7,NULL,NULL),(37,NULL,31,42,43,7,NULL,NULL),(38,NULL,32,9,10,19,NULL,NULL),(39,NULL,33,7,8,18,NULL,NULL),(40,NULL,34,22,21,17,NULL,NULL),(41,NULL,35,19,20,16,NULL,NULL),(42,NULL,36,54,53,11,NULL,NULL),(43,NULL,37,61,52,13,NULL,NULL),(44,NULL,38,60,59,14,NULL,NULL),(45,NULL,39,50,47,41,NULL,NULL),(46,NULL,40,49,48,42,NULL,NULL),(47,NULL,41,57,63,43,NULL,NULL),(48,NULL,42,15,27,50,NULL,NULL),(49,NULL,43,11,12,48,NULL,NULL),(50,NULL,44,13,23,47,NULL,NULL),(51,NULL,45,31,26,47,NULL,NULL),(52,NULL,46,55,56,40,NULL,NULL),(53,NULL,46,46,0,43,NULL,NULL),(54,NULL,47,65,62,38,NULL,NULL),(55,NULL,48,34,36,46,NULL,NULL),(56,NULL,49,4,154,9,NULL,NULL),(57,NULL,50,117,24,45,NULL,NULL),(58,NULL,51,14,339,1,NULL,NULL),(59,NULL,52,0,626,0,NULL,NULL),(60,NULL,52,694,0,0,NULL,NULL),(61,NULL,53,0,679,0,NULL,NULL),(62,NULL,53,543,0,0,NULL,NULL),(63,NULL,54,0,558,0,NULL,NULL),(64,NULL,54,624,0,0,NULL,NULL),(65,NULL,55,0,579,0,NULL,NULL),(66,NULL,55,676,677,0,NULL,NULL),(67,NULL,56,0,742,0,NULL,NULL),(68,NULL,56,735,0,0,NULL,NULL),(69,NULL,57,0,728,0,NULL,NULL),(70,NULL,57,755,0,0,NULL,NULL),(71,NULL,58,0,542,0,NULL,NULL),(72,NULL,58,581,0,0,NULL,NULL),(73,NULL,59,0,632,0,NULL,NULL),(74,NULL,59,566,0,0,NULL,NULL),(75,NULL,60,0,662,0,NULL,NULL),(76,NULL,60,687,0,0,NULL,NULL),(77,NULL,61,0,640,0,NULL,NULL),(78,NULL,61,771,0,0,NULL,NULL),(79,NULL,62,344,345,1,NULL,NULL),(80,NULL,63,349,343,3,NULL,NULL),(81,NULL,64,354,342,0,NULL,NULL),(82,NULL,65,356,355,7,NULL,NULL),(83,NULL,66,347,350,1,NULL,NULL),(84,NULL,67,348,346,1,NULL,NULL),(85,NULL,68,357,360,1,NULL,NULL),(86,NULL,69,361,352,1,NULL,NULL),(87,NULL,70,364,365,1,NULL,NULL),(88,NULL,71,362,351,1,NULL,NULL),(89,NULL,72,358,363,1,NULL,NULL),(90,NULL,73,353,359,1,NULL,NULL),(91,NULL,74,383,374,6,NULL,NULL),(92,NULL,75,375,384,5,NULL,NULL),(93,NULL,76,367,390,4,NULL,NULL),(94,NULL,77,370,369,1,NULL,NULL),(95,NULL,78,376,368,1,NULL,NULL),(96,NULL,79,391,385,1,NULL,NULL),(97,NULL,79,386,0,2,NULL,NULL),(98,NULL,80,387,388,1,NULL,NULL),(99,NULL,80,377,0,2,NULL,NULL),(100,NULL,81,373,381,1,NULL,NULL),(101,NULL,82,372,380,1,NULL,NULL),(102,NULL,83,393,389,1,NULL,NULL),(103,NULL,83,392,0,2,NULL,NULL),(104,NULL,84,396,395,1,NULL,NULL),(105,NULL,85,0,728,0,NULL,NULL),(106,NULL,85,755,0,0,NULL,NULL),(107,NULL,86,0,732,0,NULL,NULL),(108,NULL,86,582,0,0,NULL,NULL),(109,NULL,87,0,581,0,NULL,NULL),(110,NULL,87,542,0,0,NULL,NULL),(111,NULL,88,0,638,0,NULL,NULL),(112,NULL,88,720,0,0,NULL,NULL),(113,NULL,89,0,632,0,NULL,NULL),(114,NULL,89,566,0,0,NULL,NULL),(115,NULL,90,0,687,0,NULL,NULL),(116,NULL,90,662,0,0,NULL,NULL),(117,NULL,91,0,771,0,NULL,NULL),(118,NULL,91,640,554,0,NULL,NULL),(119,NULL,92,0,626,0,NULL,NULL),(120,NULL,92,694,0,0,NULL,NULL),(121,NULL,93,0,543,0,NULL,NULL),(122,NULL,93,679,0,0,NULL,NULL),(123,NULL,94,0,558,0,NULL,NULL),(124,NULL,94,624,0,0,NULL,NULL),(125,NULL,95,0,676,0,NULL,NULL),(126,NULL,95,677,579,0,NULL,NULL),(127,NULL,96,0,742,0,NULL,NULL),(128,NULL,96,735,0,0,NULL,NULL),(129,NULL,97,398,420,1,NULL,NULL),(130,NULL,98,414,406,1,NULL,NULL),(131,NULL,99,401,402,1,NULL,NULL),(132,NULL,100,400,407,1,NULL,NULL),(133,NULL,101,421,416,1,NULL,NULL),(134,NULL,101,417,0,2,NULL,NULL),(135,NULL,102,408,418,1,NULL,NULL),(136,NULL,103,405,412,1,NULL,NULL),(137,NULL,104,404,411,1,NULL,NULL),(138,NULL,105,419,424,1,NULL,NULL),(139,NULL,105,422,0,2,NULL,NULL),(140,NULL,106,428,427,1,NULL,NULL),(141,NULL,107,431,432,1,NULL,NULL),(142,NULL,108,430,436,1,NULL,NULL),(143,NULL,109,441,429,1,NULL,NULL),(144,NULL,110,443,442,1,NULL,NULL),(145,NULL,111,434,437,1,NULL,NULL),(146,NULL,112,447,444,1,NULL,NULL),(147,NULL,113,451,452,1,NULL,NULL),(148,NULL,114,435,433,1,NULL,NULL),(149,NULL,115,448,439,1,NULL,NULL),(150,NULL,116,438,449,1,NULL,NULL),(151,NULL,117,445,450,1,NULL,NULL),(152,NULL,118,440,446,1,NULL,NULL),(153,NULL,119,415,399,1,NULL,NULL),(154,NULL,120,894,813,0,NULL,NULL),(155,NULL,120,828,801,0,NULL,NULL),(156,NULL,121,789,797,0,NULL,NULL),(157,NULL,121,811,0,0,NULL,NULL),(158,NULL,122,0,862,0,NULL,NULL),(159,NULL,122,861,0,0,NULL,NULL),(160,NULL,123,0,878,1,NULL,NULL),(161,NULL,123,865,0,0,NULL,NULL),(162,NULL,124,0,842,0,NULL,NULL),(163,NULL,124,858,0,0,NULL,NULL),(164,NULL,125,0,843,0,NULL,NULL),(165,NULL,125,851,0,0,NULL,NULL),(166,NULL,126,0,868,0,NULL,NULL),(167,NULL,126,866,0,0,NULL,NULL),(168,NULL,127,0,785,0,NULL,NULL),(169,NULL,127,841,0,0,NULL,NULL),(170,NULL,128,0,829,0,NULL,NULL),(171,NULL,128,787,0,0,NULL,NULL),(172,NULL,129,456,460,1,NULL,NULL),(173,NULL,129,461,0,2,NULL,NULL),(174,NULL,130,455,459,1,NULL,NULL),(175,NULL,131,469,473,1,NULL,NULL),(176,NULL,132,470,458,1,NULL,NULL),(177,NULL,132,462,0,2,NULL,NULL),(178,NULL,133,464,463,1,NULL,NULL),(179,NULL,134,467,472,1,NULL,NULL),(180,NULL,135,471,474,1,NULL,NULL),(181,NULL,136,468,465,1,NULL,NULL),(182,NULL,137,479,477,1,NULL,NULL),(183,NULL,138,498,499,1,NULL,NULL),(184,NULL,139,481,480,3,NULL,NULL),(185,NULL,140,457,458,1,NULL,NULL),(186,NULL,141,462,470,1,NULL,NULL),(187,NULL,142,488,487,2,NULL,NULL),(188,NULL,142,494,0,2,NULL,NULL),(189,NULL,143,482,478,1,NULL,NULL),(190,NULL,144,490,495,1,NULL,NULL),(191,NULL,145,496,497,1,NULL,NULL),(192,NULL,146,489,483,1,NULL,NULL),(193,NULL,146,484,0,2,NULL,NULL),(194,NULL,147,486,485,1,NULL,NULL),(195,NULL,148,491,492,1,NULL,NULL),(196,NULL,149,475,500,1,NULL,NULL),(197,NULL,150,0,969,0,NULL,NULL),(198,NULL,150,970,0,0,NULL,NULL),(199,NULL,151,0,951,0,NULL,NULL),(200,NULL,151,953,0,0,NULL,NULL),(201,NULL,152,0,1121,0,NULL,NULL),(202,NULL,152,923,0,0,NULL,NULL),(203,NULL,153,0,1071,0,NULL,NULL),(204,NULL,153,1221,0,0,NULL,NULL),(205,NULL,154,0,1165,0,NULL,NULL),(206,NULL,154,1175,0,0,NULL,NULL),(207,NULL,155,0,1219,0,NULL,NULL),(208,NULL,155,1080,0,0,NULL,NULL),(209,NULL,156,0,1230,0,NULL,NULL),(210,NULL,156,1027,1094,0,NULL,NULL),(211,NULL,157,0,952,0,NULL,NULL),(212,NULL,157,1163,0,0,NULL,NULL),(213,NULL,158,0,944,0,NULL,NULL),(214,NULL,158,967,0,0,NULL,NULL),(215,NULL,159,0,976,0,NULL,NULL),(216,NULL,159,1074,0,0,NULL,NULL),(217,NULL,160,0,1068,0,NULL,NULL),(218,NULL,160,1028,0,0,NULL,NULL),(219,NULL,161,0,994,0,NULL,NULL),(220,NULL,161,1131,0,0,NULL,NULL),(221,NULL,162,0,1194,0,NULL,NULL),(222,NULL,162,1134,0,0,NULL,NULL),(223,NULL,163,0,993,0,NULL,NULL),(224,NULL,163,1120,0,0,NULL,NULL),(225,NULL,164,0,991,0,NULL,NULL),(226,NULL,164,917,0,0,NULL,NULL),(227,NULL,165,0,918,0,NULL,NULL),(228,NULL,165,1101,0,0,NULL,NULL),(229,NULL,166,0,1222,0,NULL,NULL),(230,NULL,166,1177,0,0,NULL,NULL),(231,NULL,167,0,1136,0,NULL,NULL),(232,NULL,167,1041,1224,0,NULL,NULL),(233,NULL,168,0,905,0,NULL,NULL),(234,NULL,168,924,1139,0,NULL,NULL),(235,NULL,168,1039,985,0,NULL,NULL),(236,NULL,168,1038,1138,0,NULL,NULL),(237,NULL,169,0,1121,0,NULL,NULL),(238,NULL,169,923,0,0,NULL,NULL),(239,NULL,170,0,1221,0,NULL,NULL),(240,NULL,170,1071,0,0,NULL,NULL),(241,NULL,171,0,1175,0,NULL,NULL),(242,NULL,171,1165,0,0,NULL,NULL),(243,NULL,172,0,1219,0,NULL,NULL),(244,NULL,172,1080,0,0,NULL,NULL),(245,NULL,173,0,1230,0,NULL,NULL),(246,NULL,173,1094,1027,0,NULL,NULL),(247,NULL,174,0,952,0,NULL,NULL),(248,NULL,174,1163,0,0,NULL,NULL),(249,NULL,175,0,967,0,NULL,NULL),(250,NULL,175,944,0,0,NULL,NULL),(251,NULL,176,0,976,0,NULL,NULL),(252,NULL,176,1074,0,0,NULL,NULL),(253,NULL,177,0,1028,0,NULL,NULL),(254,NULL,177,1068,0,0,NULL,NULL),(255,NULL,178,0,1131,0,NULL,NULL),(256,NULL,178,994,0,0,NULL,NULL),(257,NULL,179,0,1134,0,NULL,NULL),(258,NULL,179,1194,0,0,NULL,NULL),(259,NULL,180,0,993,0,NULL,NULL),(260,NULL,180,1120,0,0,NULL,NULL),(261,NULL,181,0,991,0,NULL,NULL),(262,NULL,181,917,0,0,NULL,NULL),(263,NULL,182,0,918,0,NULL,NULL),(264,NULL,182,1101,0,0,NULL,NULL),(265,NULL,183,0,1222,0,NULL,NULL),(266,NULL,183,1177,0,0,NULL,NULL),(267,NULL,184,1041,1138,0,NULL,NULL),(268,NULL,184,1136,1224,0,NULL,NULL),(269,NULL,185,0,985,0,NULL,NULL),(270,NULL,185,1038,924,0,NULL,NULL),(271,NULL,185,905,1039,0,NULL,NULL),(272,NULL,185,1139,0,0,NULL,NULL),(273,NULL,186,0,1227,0,NULL,NULL),(274,NULL,186,1097,0,0,NULL,NULL),(275,NULL,187,0,1228,0,NULL,NULL),(276,NULL,187,1211,0,0,NULL,NULL),(277,NULL,188,0,992,0,NULL,NULL),(278,NULL,188,1226,0,0,NULL,NULL),(279,NULL,189,0,1079,0,NULL,NULL),(280,NULL,189,1004,0,0,NULL,NULL),(281,NULL,190,0,1092,0,NULL,NULL),(282,NULL,190,1153,0,0,NULL,NULL),(283,NULL,191,0,925,0,NULL,NULL),(284,NULL,191,1154,1220,0,NULL,NULL),(285,NULL,192,0,1198,0,NULL,NULL),(286,NULL,192,1095,964,0,NULL,NULL),(287,NULL,193,0,1109,0,NULL,NULL),(288,NULL,193,1199,0,0,NULL,NULL),(289,NULL,194,0,1112,0,NULL,NULL),(290,NULL,194,1113,0,0,NULL,NULL),(291,NULL,195,0,1180,0,NULL,NULL),(292,NULL,195,1060,1132,0,NULL,NULL),(293,NULL,196,0,1181,0,NULL,NULL),(294,NULL,196,1057,0,0,NULL,NULL),(295,NULL,197,0,945,0,NULL,NULL),(296,NULL,197,1115,0,0,NULL,NULL),(297,NULL,198,0,951,0,NULL,NULL),(298,NULL,198,953,0,0,NULL,NULL),(299,NULL,199,0,1189,0,NULL,NULL),(300,NULL,199,1107,1099,0,NULL,NULL),(301,NULL,200,0,1227,0,NULL,NULL),(302,NULL,200,1097,0,0,NULL,NULL),(303,NULL,201,0,1211,0,NULL,NULL),(304,NULL,201,1228,0,0,NULL,NULL),(305,NULL,202,0,1226,0,NULL,NULL),(306,NULL,202,992,0,0,NULL,NULL),(307,NULL,203,0,1079,0,NULL,NULL),(308,NULL,203,1004,0,0,NULL,NULL),(309,NULL,204,0,1153,0,NULL,NULL),(310,NULL,204,1092,0,0,NULL,NULL),(311,NULL,205,0,1220,0,NULL,NULL),(312,NULL,205,925,1154,0,NULL,NULL),(313,NULL,206,0,964,0,NULL,NULL),(314,NULL,206,1198,1095,0,NULL,NULL),(315,NULL,207,0,1199,0,NULL,NULL),(316,NULL,207,1109,0,0,NULL,NULL),(317,NULL,208,0,1113,0,NULL,NULL),(318,NULL,208,1112,0,0,NULL,NULL),(319,NULL,209,0,1180,0,NULL,NULL),(320,NULL,209,1060,1132,0,NULL,NULL),(321,NULL,210,0,1181,0,NULL,NULL),(322,NULL,210,1057,0,0,NULL,NULL),(323,NULL,211,0,945,0,NULL,NULL),(324,NULL,211,1115,0,0,NULL,NULL),(325,NULL,212,0,951,0,NULL,NULL),(326,NULL,212,953,0,0,NULL,NULL),(327,NULL,213,0,1107,0,NULL,NULL),(328,NULL,213,1099,1189,0,NULL,NULL),(329,NULL,214,0,923,0,NULL,NULL),(330,NULL,214,1121,0,0,NULL,NULL),(331,NULL,215,0,1221,0,NULL,NULL),(332,NULL,215,1071,0,0,NULL,NULL),(333,NULL,216,0,1165,0,NULL,NULL),(334,NULL,216,1175,0,0,NULL,NULL),(335,NULL,217,0,1219,0,NULL,NULL),(336,NULL,217,1080,0,0,NULL,NULL),(337,NULL,218,0,1230,0,NULL,NULL),(338,NULL,218,1094,1027,0,NULL,NULL),(339,NULL,219,0,1163,0,NULL,NULL),(340,NULL,219,952,0,0,NULL,NULL),(341,NULL,220,0,944,0,NULL,NULL),(342,NULL,220,967,0,0,NULL,NULL),(343,NULL,221,0,1074,0,NULL,NULL),(344,NULL,221,976,0,0,NULL,NULL),(345,NULL,222,0,1028,0,NULL,NULL),(346,NULL,222,1068,0,0,NULL,NULL),(347,NULL,223,0,994,0,NULL,NULL),(348,NULL,223,1131,0,0,NULL,NULL),(349,NULL,224,0,1134,0,NULL,NULL),(350,NULL,224,1194,0,0,NULL,NULL),(351,NULL,225,0,993,0,NULL,NULL),(352,NULL,225,1120,0,0,NULL,NULL),(353,NULL,226,0,917,0,NULL,NULL),(354,NULL,226,991,0,0,NULL,NULL),(355,NULL,227,0,918,0,NULL,NULL),(356,NULL,227,1101,0,0,NULL,NULL),(357,NULL,228,0,1222,0,NULL,NULL),(358,NULL,228,1177,0,0,NULL,NULL),(359,NULL,229,1041,1224,0,NULL,NULL),(360,NULL,229,1138,1136,0,NULL,NULL),(361,NULL,230,0,1039,0,NULL,NULL),(362,NULL,230,905,924,0,NULL,NULL),(363,NULL,230,985,1139,0,NULL,NULL),(364,NULL,230,1038,0,0,NULL,NULL),(365,NULL,231,0,923,0,NULL,NULL),(366,NULL,231,1121,0,0,NULL,NULL),(367,NULL,232,0,1221,0,NULL,NULL),(368,NULL,232,1071,0,0,NULL,NULL),(369,NULL,233,0,1165,0,NULL,NULL),(370,NULL,233,1175,0,0,NULL,NULL),(371,NULL,234,0,1219,0,NULL,NULL),(372,NULL,234,1080,0,0,NULL,NULL),(373,NULL,235,0,1230,0,NULL,NULL),(374,NULL,235,1027,1094,0,NULL,NULL),(375,NULL,236,0,1163,0,NULL,NULL),(376,NULL,236,952,0,0,NULL,NULL),(377,NULL,237,0,944,0,NULL,NULL),(378,NULL,237,967,0,0,NULL,NULL),(379,NULL,238,0,976,0,NULL,NULL),(380,NULL,238,1074,0,0,NULL,NULL),(381,NULL,239,0,1068,0,NULL,NULL),(382,NULL,239,1028,0,0,NULL,NULL),(383,NULL,240,0,994,0,NULL,NULL),(384,NULL,240,1131,0,0,NULL,NULL),(385,NULL,241,0,1194,0,NULL,NULL),(386,NULL,241,1134,0,0,NULL,NULL),(387,NULL,242,0,993,0,NULL,NULL),(388,NULL,242,1120,0,0,NULL,NULL),(389,NULL,243,0,991,0,NULL,NULL),(390,NULL,243,917,0,0,NULL,NULL),(391,NULL,244,0,1101,0,NULL,NULL),(392,NULL,244,918,0,0,NULL,NULL),(393,NULL,245,0,1222,0,NULL,NULL),(394,NULL,245,1177,0,0,NULL,NULL),(395,NULL,246,1224,1041,0,NULL,NULL),(396,NULL,246,1136,1138,0,NULL,NULL),(397,NULL,247,0,0,0,NULL,NULL),(398,NULL,247,1039,905,0,NULL,NULL),(399,NULL,247,1139,924,0,NULL,NULL),(400,NULL,247,1038,0,0,NULL,NULL),(401,NULL,248,0,985,0,NULL,NULL),(402,NULL,248,971,0,0,NULL,NULL),(403,NULL,249,0,1227,0,NULL,NULL),(404,NULL,249,1097,0,0,NULL,NULL),(405,NULL,250,0,1228,0,NULL,NULL),(406,NULL,250,1211,0,0,NULL,NULL),(407,NULL,251,0,1226,0,NULL,NULL),(408,NULL,251,992,0,0,NULL,NULL),(409,NULL,252,0,1079,0,NULL,NULL),(410,NULL,252,1004,0,0,NULL,NULL),(411,NULL,253,0,1153,-1,NULL,NULL),(412,NULL,253,1092,0,0,NULL,NULL),(413,NULL,254,0,1154,0,NULL,NULL),(414,NULL,254,1220,925,0,NULL,NULL),(415,NULL,255,0,1198,0,NULL,NULL),(416,NULL,255,964,1095,0,NULL,NULL),(417,NULL,256,0,1199,0,NULL,NULL),(418,NULL,256,1109,0,0,NULL,NULL),(419,NULL,257,0,1112,0,NULL,NULL),(420,NULL,257,1113,0,0,NULL,NULL),(421,NULL,258,0,1180,0,NULL,NULL),(422,NULL,258,1060,1132,0,NULL,NULL),(423,NULL,259,0,1057,0,NULL,NULL),(424,NULL,259,1181,0,0,NULL,NULL),(425,NULL,260,0,1115,0,NULL,NULL),(426,NULL,260,945,0,0,NULL,NULL),(427,NULL,261,0,953,0,NULL,NULL),(428,NULL,261,951,0,0,NULL,NULL),(429,NULL,262,0,1189,0,NULL,NULL),(430,NULL,262,1107,1099,0,NULL,NULL),(431,NULL,263,732,731,1,NULL,NULL),(432,NULL,264,740,730,1,NULL,NULL),(433,NULL,265,733,745,1,NULL,NULL),(434,NULL,266,743,741,1,NULL,NULL),(435,NULL,267,764,753,1,NULL,NULL),(436,NULL,268,765,766,1,NULL,NULL),(437,NULL,269,734,735,1,NULL,NULL),(438,NULL,270,747,746,1,NULL,NULL),(439,NULL,271,754,748,1,NULL,NULL),(440,NULL,272,756,755,1,NULL,NULL),(441,NULL,273,736,757,1,NULL,NULL),(442,NULL,274,768,767,1,NULL,NULL),(443,NULL,275,762,750,1,NULL,NULL),(444,NULL,276,752,760,1,NULL,NULL),(445,NULL,276,751,0,2,NULL,NULL),(446,NULL,277,738,739,1,NULL,NULL),(447,NULL,278,778,788,1,NULL,NULL),(448,NULL,279,786,787,1,NULL,NULL),(449,NULL,280,800,795,1,NULL,NULL),(450,NULL,281,789,792,1,NULL,NULL),(451,NULL,282,781,780,1,NULL,NULL),(452,NULL,283,802,803,1,NULL,NULL),(453,NULL,283,801,0,2,NULL,NULL),(454,NULL,284,793,790,1,NULL,NULL),(455,NULL,285,783,791,1,NULL,NULL),(456,NULL,286,809,808,1,NULL,NULL),(457,NULL,287,798,806,1,NULL,NULL),(458,NULL,288,813,811,1,NULL,NULL),(459,NULL,288,810,0,2,NULL,NULL),(460,NULL,289,742,744,1,NULL,NULL),(461,NULL,290,763,775,1,NULL,NULL),(462,NULL,291,807,806,1,NULL,NULL),(463,NULL,291,798,0,2,NULL,NULL),(464,NULL,292,806,798,11,NULL,NULL),(465,NULL,292,807,0,12,NULL,NULL),(466,NULL,293,812,799,1,NULL,NULL),(467,NULL,294,805,797,1,NULL,NULL),(468,NULL,295,771,769,1,NULL,NULL),(469,NULL,296,770,749,1,NULL,NULL),(470,NULL,296,758,0,2,NULL,NULL),(471,NULL,297,761,759,1,NULL,NULL),(472,NULL,298,NULL,779,1,NULL,NULL),(473,NULL,299,784,782,1,NULL,NULL),(474,NULL,300,790,793,1,NULL,NULL),(475,NULL,301,793,790,1,NULL,NULL),(476,NULL,301,779,0,2,NULL,NULL),(477,NULL,302,793,790,1,NULL,NULL),(478,NULL,302,779,0,2,NULL,NULL),(479,NULL,303,779,790,1,NULL,NULL),(480,NULL,303,793,0,2,NULL,NULL),(481,NULL,304,774,773,1,NULL,NULL),(482,NULL,305,804,796,1,NULL,NULL),(483,NULL,306,776,773,1,NULL,NULL),(484,NULL,306,774,0,2,NULL,NULL);
/*!40000 ALTER TABLE `pelea` ENABLE KEYS */;
UNLOCK TABLES;

--
-- Table structure for table `puntospoomse`
--

DROP TABLE IF EXISTS `puntospoomse`;
/*!40101 SET @saved_cs_client     = @@character_set_client */;
/*!50503 SET character_set_client = utf8mb4 */;
CREATE TABLE `puntospoomse` (
  `idcompetidor` int(11) DEFAULT NULL,
  `idcampeonato` int(11) DEFAULT NULL,
  `tipo` varchar(1) DEFAULT NULL,
  `idalbitro` varchar(45) DEFAULT NULL,
  `sync` datetime DEFAULT CURRENT_TIMESTAMP,
  `valoruno` double DEFAULT NULL,
  `valordos` double DEFAULT NULL,
  `valortres` double DEFAULT NULL,
  `valorcuatro` double DEFAULT NULL,
  `valorfinal` double DEFAULT NULL
) ENGINE=InnoDB DEFAULT CHARSET=latin1;
/*!40101 SET character_set_client = @saved_cs_client */;

--
-- Dumping data for table `puntospoomse`
--

LOCK TABLES `puntospoomse` WRITE;
/*!40000 ALTER TABLE `puntospoomse` DISABLE KEYS */;
INSERT INTO `puntospoomse` VALUES (590,5,'P','1','2024-09-28 13:25:59',3.1,3,NULL,NULL,6.1),(590,5,'P','35','2024-09-28 13:26:00',3.7,3.5,NULL,NULL,7.2),(590,5,'P','36','2024-09-28 13:26:00',3.1,2.3,NULL,NULL,5.4),(590,5,'P','37','2024-09-28 13:26:00',1.9,1.9,NULL,NULL,3.8),(590,5,'P','38','2024-09-28 13:26:00',4,6,NULL,NULL,10),(773,5,'P','1','2024-09-28 13:34:55',3.1,3,NULL,NULL,6.1),(773,5,'P','35','2024-09-28 13:34:55',3.7,3.5,NULL,NULL,7.2),(773,5,'P','36','2024-09-28 13:34:55',3.1,2.3,NULL,NULL,5.4),(773,5,'P','37','2024-09-28 13:34:55',1.9,1.9,NULL,NULL,3.8),(773,5,'P','38','2024-09-28 13:34:55',4,6,NULL,NULL,10),(594,5,'P','1','2024-09-28 13:38:39',3.1,3,NULL,NULL,6.1),(594,5,'P','35','2024-09-28 13:38:39',3.7,3.5,NULL,NULL,7.2),(594,5,'P','36','2024-09-28 13:38:39',2.1,6,NULL,NULL,8.1),(594,5,'P','37','2024-09-28 13:38:39',1.9,1.9,NULL,NULL,3.8),(594,5,'P','38','2024-09-28 13:38:39',2,6,NULL,NULL,8);
/*!40000 ALTER TABLE `puntospoomse` ENABLE KEYS */;
UNLOCK TABLES;

--
-- Table structure for table `subcategoria`
--

DROP TABLE IF EXISTS `subcategoria`;
/*!40101 SET @saved_cs_client     = @@character_set_client */;
/*!50503 SET character_set_client = utf8mb4 */;
CREATE TABLE `subcategoria` (
  `idsubcategoria` int(10) unsigned NOT NULL AUTO_INCREMENT,
  `idcategoria` int(11) DEFAULT NULL,
  `nombre` varchar(45) DEFAULT NULL,
  `pesoini` double DEFAULT '0',
  `pesofin` double DEFAULT '0',
  PRIMARY KEY (`idsubcategoria`)
) ENGINE=InnoDB AUTO_INCREMENT=590 DEFAULT CHARSET=latin1;
/*!40101 SET character_set_client = @saved_cs_client */;

--
-- Dumping data for table `subcategoria`
--

LOCK TABLES `subcategoria` WRITE;
/*!40000 ALTER TABLE `subcategoria` DISABLE KEYS */;
INSERT INTO `subcategoria` VALUES (1,2,'MINIMOSCA',0,25.9),(2,2,'MOSCA',26,28.9),(3,2,'GALLO',29,31.9),(4,2,'PLUMA',32,34.9),(5,2,'LIGERO',35,37.9),(6,2,'SUPERLIGERO',38,40.9),(7,2,'WELTER',41,43.9),(8,3,'ATOMO',0,32.9),(9,3,'MOLECULA',33,36.9),(10,3,'MICRA',37,40.9),(11,3,'ESCAMA',41,44.9),(12,3,'PAJA',45,48.9),(13,3,'MOSCO',49,52.9),(14,3,'POLILLA',53,56.9),(15,3,'MEDIANO',57,60.9),(16,3,'MORDELON',61,64.9),(17,3,'BOMBERO',65,150),(18,2,'MEDIANO',44,46.9),(19,2,'SEMIPESADO',47,49.9),(20,2,'PESADO',50,52.9),(21,2,'SUPER PESADO',53,55.9),(22,2,'PESADO LIBRE',56,200),(23,4,'MINIMOSCA',0,47.9),(24,4,'MOSCA',48,54.9),(25,4,'GALLO',55,62.9),(26,4,'PLUMA',63,72.9),(27,4,'SEMIPESADO',73,82.9),(28,4,'PESADO',83,200),(29,5,'MEDIANO',0,57.9),(30,5,'SEMIPESADO',58,67.9),(31,5,'PESADO',68,79.9),(32,5,'SUPERPESADO',80,200),(33,6,'MEDIANO',0,57.9),(34,6,'SEMIPESADO',58,67.9),(35,6,'PESADO',68,79.9),(36,6,'SUPERPESADO',80,200),(37,13,'MEDIANO',0,57.9),(38,13,'SEMIPESADO',58,67.9),(39,13,'PESADO',68,79.9),(40,13,'SUPERPESADO',80,200),(41,8,'MINIMOSCA',0,25.9),(42,8,'MOSCA',26,28.9),(43,8,'GALLO',29,31.9),(44,8,'PLUMA',32,34.9),(45,8,'LIGERO',35,37.9),(46,8,'SUPERLIGERO',38,40.9),(47,8,'WELTER',41,43.9),(48,8,'MEDIANO',44,46.9),(49,8,'SEMIPESADO',47,49.9),(50,8,'PESADO',50,52.9),(51,8,'SUPERPESADO',53,55.9),(52,8,'PESADO LIBRE',56,200),(53,9,'MOSCA',0,28.9),(54,9,'GALLO',29,32.9),(55,9,'PLUMA',33,36.9),(56,9,'LIGERO',37,40.9),(57,9,'SIPERLIGERO',41,43.9),(58,9,'WELTER',44,46.9),(59,9,'MEDIANO',47,50.9),(60,9,'SEMIPESADO',51,54.9),(61,9,'PESADO',55,58.9),(62,9,'SUPERPESADO',59,200),(63,10,'MEDIANO',0,43.9),(64,10,'SEMIPESADO',44,48.9),(65,10,'PESADO',49,54.9),(66,10,'SUPER PESADO',55,62.9),(67,10,'PESADO LIBRE',63,72.9),(68,10,'GORDITOS',73,200),(69,11,'MEDIANO',0,48.9),(70,11,'SEMIPESADO',49,56.9),(71,11,'PESADO',57,66.9),(72,11,'SUPER PESADO',67,78.9),(73,11,'PESADO LIBRE',79,200),(74,12,'MEDIANO',0,48.9),(75,12,'SEMI PESADO',49,56.9),(76,12,'PESADO',57,66.9),(77,12,'SUPER PESADO',67,78.9),(78,12,'PESADO LIBRE',79,200),(79,14,'MEDIANO',0,48.9),(80,14,'SEMI PESADO',49,56.9),(81,14,'PESADO',57,66.9),(82,14,'SUPER PESADO',67,78.9),(83,14,'PESADO LIBRE',79,200),(84,15,'MINIMOSCA',0,25.9),(85,15,'MOSCA',26,28.9),(86,15,'GALLO',29,31.9),(87,15,'PLUMA',32,34.9),(88,15,'LIGERO',35,37.9),(89,15,'SUPERLIGERO',38,40.9),(90,15,'WELTER',41,43.9),(91,15,'MEDIANO',44,46.9),(92,15,'SEMIPESADO',47,49.9),(93,15,'PESADO',50,52.9),(94,15,'SUPER PESADO',53,55.9),(95,15,'PESADO LIBRE',56,200),(96,16,'MINIMOSCA',0,25.9),(97,16,'MOSCA',26,28.9),(98,16,'GALLO',29,31.9),(99,16,'PLUMA',32,34.9),(100,16,'LIGERO',35,37.9),(101,16,'SUPERLIGERO',38,40.9),(102,16,'WELTER',41,43.9),(103,16,'MEDIANO',44,46.9),(104,16,'SEMIPESADO',47,49.9),(105,16,'PESADO',50,52.9),(106,16,'SUPERPESADO',53,55.9),(107,16,'PESADO LIBRE',56,200),(108,17,'ATOMO',0,32.9),(109,17,'MOLECULA',33,36.9),(110,17,'MICRA',37,40.9),(111,17,'ESCAMA',41,44.9),(112,17,'PAJA',45,48.9),(113,17,'MOSCO',49,52.9),(114,17,'POLILLA',53,56.9),(115,17,'MEDIANO',57,60.9),(116,17,'MORDELON',61,64.9),(117,17,'BOMBERO',65,150),(118,18,'MOSCA',0,28.9),(119,18,'GALLO',29,32.9),(120,18,'PLUMA',33,36.9),(121,18,'LIGERO',37,40.9),(122,18,'SIPERLIGERO',41,43.9),(123,18,'WELTER',44,46.9),(124,18,'MEDIANO',47,50.9),(125,18,'SEMIPESADO',51,54.9),(126,18,'PESADO',55,58.9),(127,18,'SUPERPESADO',59,200),(128,19,'MINIMOSCA',0,47.9),(129,19,'MOSCA',48,54.9),(130,19,'GALLO',55,62.9),(131,19,'PLUMA',63,72.9),(132,19,'SEMIPESADO',73,82.9),(133,19,'PESADO',83,200),(134,20,'MEDIANO',0,43.9),(135,20,'SEMIPESADO',44,48.9),(136,20,'PESADO',49,54.9),(137,20,'SUPER PESADO',55,62.9),(138,20,'PESADO LIBRE',63,72.9),(139,20,'GORDITOS',73,200),(140,21,'MEDIANO',0,57.9),(141,21,'SEMIPESADO',58,67.9),(142,21,'PESADO',68,79.9),(143,21,'SUPERPESADO',80,200),(144,22,'MEDIANO',0,48.9),(145,22,'SEMIPESADO',49,56.9),(146,22,'PESADO',57,66.9),(147,22,'SUPER PESADO',67,78.9),(148,22,'PESADO LIBRE',79,200),(149,23,'MEDIANO',0,57.9),(150,23,'SEMIPESADO',58,67.9),(151,23,'PESADO',68,79.9),(152,23,'SUPERPESADO',80,200),(153,24,'MEDIANO',0,48.9),(154,24,'SEMI PESADO',49,56.9),(155,24,'PESADO',57,66.9),(156,24,'SUPER PESADO',67,78.9),(157,24,'PESADO LIBRE',79,200),(158,25,'MEDIANO',0,57.9),(159,25,'SEMIPESADO',58,67.9),(160,25,'PESADO',68,79.9),(161,25,'SUPERPESADO',80,200),(162,26,'MEDIANO',0,48.9),(163,26,'SEMI PESADO',49,56.9),(164,26,'PESADO',57,66.9),(165,26,'SUPER PESADO',67,78.9),(166,26,'PESADO LIBRE',79,200),(167,27,'MINIMOSCA',0,25.9),(168,27,'MOSCA',26,28.9),(169,27,'GALLO',29,31.9),(170,27,'PLUMA',32,34.9),(171,27,'LIGERO',35,37.9),(172,27,'SUPERLIGERO',38,40.9),(173,27,'WELTER',41,43.9),(174,27,'MEDIANO',44,46.9),(175,27,'SEMIPESADO',47,49.9),(176,27,'PESADO',50,52.9),(177,27,'SUPER PESADO',53,55.9),(178,27,'PESADO LIBRE',56,200),(179,28,'MINIMOSCA',0,25.9),(180,28,'MOSCA',26,28.9),(181,28,'GALLO',29,31.9),(182,28,'PLUMA',32,34.9),(183,28,'LIGERO',35,37.9),(184,28,'SUPERLIGERO',38,40.9),(185,28,'WELTER',41,43.9),(186,28,'MEDIANO',44,46.9),(187,28,'SEMIPESADO',47,49.9),(188,28,'PESADO',50,52.9),(189,28,'SUPERPESADO',53,55.9),(190,28,'PESADO LIBRE',56,200),(191,29,'MOSCA',0,28.9),(192,29,'GALLO',29,32.9),(193,29,'PLUMA',33,36.9),(194,29,'LIGERO',37,40.9),(195,29,'SIPERLIGERO',41,43.9),(196,29,'WELTER',44,46.9),(197,29,'MEDIANO',47,50.9),(198,29,'SEMIPESADO',51,54.9),(199,29,'PESADO',55,58.9),(200,29,'SUPERPESADO',59,200),(201,30,'ATOMO',0,32.9),(202,30,'MOLECULA',33,36.9),(203,30,'MICRA',37,40.9),(204,30,'ESCAMA',41,44.9),(205,30,'PAJA',45,48.9),(206,30,'MOSCO',49,52.9),(207,30,'POLILLA',53,56.9),(208,30,'MEDIANO',57,60.9),(209,30,'MORDELON',61,64.9),(210,30,'BOMBERO',65,150),(211,31,'MINIMOSCA',0,47.9),(212,31,'MOSCA',48,54.9),(213,31,'GALLO',55,62.9),(214,31,'PLUMA',63,72.9),(215,31,'SEMIPESADO',73,82.9),(216,31,'PESADO',83,200),(217,32,'MEDIANO',0,43.9),(218,32,'SEMIPESADO',44,48.9),(219,32,'PESADO',49,54.9),(220,32,'SUPER PESADO',55,62.9),(221,32,'PESADO LIBRE',63,72.9),(222,32,'GORDITOS',73,200),(223,33,'MEDIANO',0,57.9),(224,33,'SEMIPESADO',58,67.9),(225,33,'PESADO',68,79.9),(226,33,'SUPERPESADO',80,200),(227,34,'MEDIANO',0,48.9),(228,34,'SEMIPESADO',49,56.9),(229,34,'PESADO',57,66.9),(230,34,'SUPER PESADO',67,78.9),(231,34,'PESADO LIBRE',79,200),(232,35,'MEDIANO',0,57.9),(233,35,'SEMIPESADO',58,67.9),(234,35,'PESADO',68,79.9),(235,35,'SUPERPESADO',80,200),(236,36,'MEDIANO',0,48.9),(237,36,'SEMI PESADO',49,56.9),(238,36,'PESADO',57,66.9),(239,36,'SUPER PESADO',67,78.9),(240,36,'PESADO LIBRE',79,200),(241,37,'MEDIANO',0,57.9),(242,37,'SEMIPESADO',58,67.9),(243,37,'PESADO',68,79.9),(244,37,'SUPERPESADO',80,200),(245,38,'MEDIANO',0,48.9),(246,38,'SEMI PESADO',49,56.9),(247,38,'PESADO',57,66.9),(248,38,'SUPER PESADO',67,78.9),(249,38,'PESADO LIBRE',79,200),(250,41,'MINIMOSCA',0,25.9),(251,41,'MOSCA',26,28.9),(252,41,'GALLO',29,31.9),(253,41,'PLUMA',32,34.9),(254,41,'LIGERO',35,37.9),(255,41,'SUPERLIGERO',38,40.9),(256,41,'WELTER',41,43.9),(257,41,'MEDIANO',44,46.9),(258,41,'SEMIPESADO',47,49.9),(259,41,'PESADO',50,52.9),(260,41,'SUPER PESADO',53,55.9),(261,41,'PESADO LIBRE',56,200),(262,42,'MINIMOSCA',0,25.9),(263,42,'MOSCA',26,28.9),(264,42,'GALLO',29,31.9),(265,42,'PLUMA',32,34.9),(266,42,'LIGERO',35,37.9),(267,42,'SUPERLIGERO',38,40.9),(268,42,'WELTER',41,43.9),(269,42,'MEDIANO',44,46.9),(270,42,'SEMIPESADO',47,49.9),(271,42,'PESADO',50,52.9),(272,42,'SUPERPESADO',53,55.9),(273,42,'PESADO LIBRE',56,200),(274,43,'MOSCA',0,28.9),(275,43,'GALLO',29,32.9),(276,43,'PLUMA',33,36.9),(277,43,'LIGERO',37,40.9),(278,43,'SIPERLIGERO',41,43.9),(279,43,'WELTER',44,46.9),(280,43,'MEDIANO',47,50.9),(281,43,'SEMIPESADO',51,54.9),(282,43,'PESADO',55,58.9),(283,43,'SUPERPESADO',59,200),(284,44,'ATOMO',0,32.9),(285,44,'MOLECULA',33,36.9),(286,44,'MICRA',37,40.9),(287,44,'ESCAMA',41,44.9),(288,44,'PAJA',45,48.9),(289,44,'MOSCO',49,52.9),(290,44,'POLILLA',53,56.9),(291,44,'MEDIANO',57,60.9),(292,44,'MORDELON',61,64.9),(293,44,'BOMBERO',65,150),(294,45,'MINIMOSCA',0,47.9),(295,45,'MOSCA',48,54.9),(296,45,'GALLO',55,62.9),(297,45,'PLUMA',63,72.9),(298,45,'SEMIPESADO',73,82.9),(299,45,'PESADO',83,200),(300,46,'MEDIANO',0,43.9),(301,46,'SEMIPESADO',44,48.9),(302,46,'PESADO',49,54.9),(303,46,'SUPER PESADO',55,62.9),(304,46,'PESADO LIBRE',63,72.9),(305,46,'GORDITOS',73,200),(306,47,'MEDIANO',0,57.9),(307,47,'SEMIPESADO',58,67.9),(308,47,'PESADO',68,79.9),(309,47,'SUPERPESADO',80,200),(310,48,'MEDIANO',0,48.9),(311,48,'SEMIPESADO',49,56.9),(312,48,'PESADO',57,66.9),(313,48,'SUPER PESADO',67,78.9),(314,48,'PESADO LIBRE',79,200),(315,49,'MEDIANO',0,57.9),(316,49,'SEMIPESADO',58,67.9),(317,49,'PESADO',68,79.9),(318,49,'SUPERPESADO',80,200),(319,50,'MEDIANO',0,48.9),(320,50,'SEMI PESADO',49,56.9),(321,50,'PESADO',57,66.9),(322,50,'SUPER PESADO',67,78.9),(323,50,'PESADO LIBRE',79,200),(324,51,'MEDIANO',0,57.9),(325,51,'SEMIPESADO',58,67.9),(326,51,'PESADO',68,79.9),(327,51,'SUPERPESADO',80,200),(328,52,'MEDIANO',0,48.9),(329,52,'SEMI PESADO',49,56.9),(330,52,'PESADO',57,66.9),(331,52,'SUPER PESADO',67,78.9),(332,52,'PESADO LIBRE',79,200),(333,55,'MINIMOSCA',0,25.9),(334,55,'MOSCA',26,28.9),(335,55,'GALLO',29,31.9),(336,55,'PLUMA',32,34.9),(337,55,'LIGERO',35,37.9),(338,55,'SUPERLIGERO',38,40.9),(339,55,'WELTER',41,43.9),(340,55,'MEDIANO',44,46.9),(341,55,'SEMIPESADO',47,49.9),(342,55,'PESADO',50,52.9),(343,55,'SUPER PESADO',53,55.9),(344,55,'PESADO LIBRE',56,200),(345,56,'MINIMOSCA',0,25.9),(346,56,'MOSCA',26,28.9),(347,56,'GALLO',29,31.9),(348,56,'PLUMA',32,34.9),(349,56,'LIGERO',35,37.9),(350,56,'SUPERLIGERO',38,40.9),(351,56,'WELTER',41,43.9),(352,56,'MEDIANO',44,46.9),(353,56,'SEMIPESADO',47,49.9),(354,56,'PESADO',50,52.9),(355,56,'SUPERPESADO',53,55.9),(356,56,'PESADO LIBRE',56,200),(357,57,'MOSCA',0,28.9),(358,57,'GALLO',29,32.9),(359,57,'PLUMA',33,36.9),(360,57,'LIGERO',37,40.9),(361,57,'SIPERLIGERO',41,43.9),(362,57,'WELTER',44,46.9),(363,57,'MEDIANO',47,50.9),(364,57,'SEMIPESADO',51,54.9),(365,57,'PESADO',55,58.9),(366,57,'SUPERPESADO',59,200),(367,58,'ATOMO',0,32.9),(368,58,'MOLECULA',33,36.9),(369,58,'MICRA',37,40.9),(370,58,'ESCAMA',41,44.9),(371,58,'PAJA',45,48.9),(372,58,'MOSCO',49,52.9),(373,58,'POLILLA',53,56.9),(374,58,'MEDIANO',57,60.9),(375,58,'MORDELON',61,64.9),(376,58,'BOMBERO',65,150),(377,59,'MINIMOSCA',0,47.9),(378,59,'MOSCA',48,54.9),(379,59,'GALLO',55,62.9),(380,59,'PLUMA',63,72.9),(381,59,'SEMIPESADO',73,82.9),(382,59,'PESADO',83,200),(383,60,'SUPER LIGERO',0,43.9),(384,60,'LIGERO',44,48.9),(385,60,'MEDIANO',49,54.9),(386,60,'SEMI COMPLETO',55,62.9),(387,60,'COMPLETO',63,72.9),(388,60,'PESADO',73,200),(389,61,'SUPER LIGERO',0,48.9),(390,61,'LIGERO',49,56.9),(391,61,'MEDIANO',57,66.9),(392,61,'COMPLETO',67,78.9),(393,61,'PESADO LIBRE',79,200),(394,62,'MEDIANO',0,57.9),(395,62,'SEMIPESADO',58,67.9),(396,62,'PESADO',68,79.9),(397,62,'SUPERPESADO',80,200),(398,63,'MEDIANO',0,57.9),(399,63,'SEMIPESADO',58,67.9),(400,63,'PESADO',68,79.9),(401,63,'SUPERPESADO',80,200),(402,64,'MEDIANO',0,48.9),(403,64,'SEMI PESADO',49,56.9),(404,64,'PESADO',57,66.9),(405,64,'SUPER PESADO',67,78.9),(406,64,'PESADO LIBRE',79,200),(407,65,'MEDIANO',0,57.9),(408,65,'SEMIPESADO',58,67.9),(409,65,'PESADO',68,79.9),(410,65,'SUPERPESADO',80,200),(411,66,'MEDIANO',0,48.9),(412,66,'SEMI PESADO',49,56.9),(413,66,'PESADO',57,66.9),(414,66,'SUPER PESADO',67,78.9),(415,66,'PESADO LIBRE',79,200),(416,68,'LIGERO',0,48.9),(417,68,'MEDIANO',49,56.9),(418,68,'SEMI COMPLETO',57,66.9),(419,68,'COMPLETO',67,200),(420,67,'LIGERO',0,57.9),(421,67,'MEDIANO',58,67.9),(422,67,'SEMI COMPLETO',68,79.9),(423,67,'COMPLETO',80,200),(424,71,'MINIMOSCA',0,25.9),(425,71,'MOSCA',26,28.9),(426,71,'GALLO',29,31.9),(427,71,'PLUMA',32,34.9),(428,71,'LIGERO',35,37.9),(429,71,'SUPERLIGERO',38,40.9),(430,71,'WELTER',41,43.9),(431,71,'MEDIANO',44,46.9),(432,71,'SEMIPESADO',47,49.9),(433,71,'PESADO',50,52.9),(434,71,'SUPER PESADO',53,55.9),(435,71,'PESADO LIBRE',56,200),(436,72,'MINIMOSCA',0,25.9),(437,72,'MOSCA',26,28.9),(438,72,'GALLO',29,31.9),(439,72,'PLUMA',32,34.9),(440,72,'LIGERO',35,37.9),(441,72,'SUPERLIGERO',38,40.9),(442,72,'WELTER',41,43.9),(443,72,'MEDIANO',44,46.9),(444,72,'SEMIPESADO',47,49.9),(445,72,'PESADO',50,52.9),(446,72,'SUPERPESADO',53,55.9),(447,72,'PESADO LIBRE',56,200),(448,73,'MOSCA',0,28.9),(449,73,'GALLO',29,32.9),(450,73,'PLUMA',33,36.9),(451,73,'LIGERO',37,40.9),(452,73,'SIPERLIGERO',41,43.9),(453,73,'WELTER',44,46.9),(454,73,'MEDIANO',47,50.9),(455,73,'SEMIPESADO',51,54.9),(456,73,'PESADO',55,58.9),(457,73,'SUPERPESADO',59,200),(458,74,'ATOMO',0,32.9),(459,74,'MOLECULA',33,36.9),(460,74,'MICRA',37,40.9),(461,74,'ESCAMA',41,44.9),(462,74,'PAJA',45,48.9),(463,74,'MOSCO',49,52.9),(464,74,'POLILLA',53,56.9),(465,74,'MEDIANO',57,60.9),(466,74,'MORDELON',61,64.9),(467,74,'BOMBERO',65,150),(468,75,'MINIMOSCA',0,47.9),(469,75,'MOSCA',48,54.9),(470,75,'GALLO',55,62.9),(471,75,'PLUMA',63,72.9),(472,75,'SEMIPESADO',73,82.9),(473,75,'PESADO',83,200),(474,76,'MEDIANO',0,43.9),(475,76,'SEMIPESADO',44,48.9),(476,76,'PESADO',49,54.9),(477,76,'SUPER PESADO',55,62.9),(478,76,'PESADO LIBRE',63,72.9),(479,76,'GORDITOS',73,200),(480,77,'MEDIANO',0,48.9),(481,77,'SEMIPESADO',49,56.9),(482,77,'PESADO',57,66.9),(483,77,'SUPER PESADO',67,78.9),(484,77,'PESADO LIBRE',79,200),(485,78,'MEDIANO',0,57.9),(486,78,'SEMIPESADO',58,67.9),(487,78,'PESADO',68,79.9),(488,78,'SUPERPESADO',80,200),(489,79,'MEDIANO',0,57.9),(490,79,'SEMIPESADO',58,67.9),(491,79,'PESADO',68,79.9),(492,79,'SUPERPESADO',80,200),(493,80,'MEDIANO',0,48.9),(494,80,'SEMI PESADO',49,56.9),(495,80,'PESADO',57,66.9),(496,80,'SUPER PESADO',67,78.9),(497,80,'PESADO LIBRE',79,200),(498,81,'MEDIANO',0,57.9),(499,81,'SEMIPESADO',58,67.9),(500,81,'PESADO',68,79.9),(501,81,'SUPERPESADO',80,200),(502,82,'MEDIANO',0,48.9),(503,82,'SEMI PESADO',49,56.9),(504,82,'PESADO',57,66.9),(505,82,'SUPER PESADO',67,78.9),(506,82,'PESADO LIBRE',79,200),(507,85,'MINIMOSCA',0,25.9),(508,85,'MOSCA',26,28.9),(509,85,'GALLO',29,31.9),(510,85,'PLUMA',32,34.9),(511,85,'LIGERO',35,37.9),(512,85,'SUPERLIGERO',38,40.9),(513,85,'WELTER',41,43.9),(514,85,'MEDIANO',44,46.9),(515,85,'SEMIPESADO',47,49.9),(516,85,'PESADO',50,52.9),(517,85,'SUPER PESADO',53,55.9),(518,85,'PESADO LIBRE',56,200),(519,86,'MINIMOSCA',0,25.9),(520,86,'MOSCA',26,28.9),(521,86,'GALLO',29,31.9),(522,86,'PLUMA',32,34.9),(523,86,'LIGERO',35,37.9),(524,86,'SUPERLIGERO',38,40.9),(525,86,'WELTER',41,43.9),(526,86,'MEDIANO',44,46.9),(527,86,'SEMIPESADO',47,49.9),(528,86,'PESADO',50,52.9),(529,86,'SUPERPESADO',53,55.9),(530,86,'PESADO LIBRE',56,200),(531,87,'MOSCA',0,28.9),(532,87,'GALLO',29,32.9),(533,87,'PLUMA',33,36.9),(534,87,'LIGERO',37,40.9),(535,87,'SIPERLIGERO',41,43.9),(536,87,'WELTER',44,46.9),(537,87,'MEDIANO',47,50.9),(538,87,'SEMIPESADO',51,54.9),(539,87,'PESADO',55,58.9),(540,87,'SUPERPESADO',59,200),(541,88,'ATOMO',0,32.9),(542,88,'MOLECULA',33,36.9),(543,88,'MICRA',37,40.9),(544,88,'ESCAMA',41,44.9),(545,88,'PAJA',45,48.9),(546,88,'MOSCO',49,52.9),(547,88,'POLILLA',53,56.9),(548,88,'MEDIANO',57,60.9),(549,88,'MORDELON',61,64.9),(550,88,'BOMBERO',65,150),(551,89,'MINIMOSCA',0,47.9),(552,89,'MOSCA',48,54.9),(553,89,'GALLO',55,62.9),(554,89,'PLUMA',63,72.9),(555,89,'SEMIPESADO',73,82.9),(556,89,'PESADO',83,200),(557,90,'MEDIANO',0,43.9),(558,90,'SEMIPESADO',44,48.9),(559,90,'PESADO',49,54.9),(560,90,'SUPER PESADO',55,62.9),(561,90,'PESADO LIBRE',63,72.9),(562,90,'GORDITOS',73,200),(563,91,'MEDIANO',0,57.9),(564,91,'SEMIPESADO',58,67.9),(565,91,'PESADO',68,79.9),(566,91,'SUPERPESADO',80,200),(567,92,'MEDIANO',0,48.9),(568,92,'SEMIPESADO',49,56.9),(569,92,'PESADO',57,66.9),(570,92,'SUPER PESADO',67,78.9),(571,92,'PESADO LIBRE',79,200),(572,93,'MEDIANO',0,57.9),(573,93,'SEMIPESADO',58,67.9),(574,93,'PESADO',68,79.9),(575,93,'SUPERPESADO',80,200),(576,94,'MEDIANO',0,48.9),(577,94,'SEMI PESADO',49,56.9),(578,94,'PESADO',57,66.9),(579,94,'SUPER PESADO',67,78.9),(580,94,'PESADO LIBRE',79,200),(581,95,'MEDIANO',0,57.9),(582,95,'SEMIPESADO',58,67.9),(583,95,'PESADO',68,79.9),(584,95,'SUPERPESADO',80,200),(585,96,'MEDIANO',0,48.9),(586,96,'SEMI PESADO',49,56.9),(587,96,'PESADO',57,66.9),(588,96,'SUPER PESADO',67,78.9),(589,96,'PESADO LIBRE',79,200);
/*!40000 ALTER TABLE `subcategoria` ENABLE KEYS */;
UNLOCK TABLES;

--
-- Table structure for table `tiposcampeonato`
--

DROP TABLE IF EXISTS `tiposcampeonato`;
/*!40101 SET @saved_cs_client     = @@character_set_client */;
/*!50503 SET character_set_client = utf8mb4 */;
CREATE TABLE `tiposcampeonato` (
  `idtipo` int(10) unsigned NOT NULL AUTO_INCREMENT,
  `idcampeonato` int(11) DEFAULT NULL,
  `tipo` varchar(1) DEFAULT NULL,
  `descripcion` varchar(45) DEFAULT NULL,
  `estado` varchar(1) DEFAULT 'A',
  PRIMARY KEY (`idtipo`)
) ENGINE=InnoDB AUTO_INCREMENT=68 DEFAULT CHARSET=latin1;
/*!40101 SET character_set_client = @saved_cs_client */;

--
-- Dumping data for table `tiposcampeonato`
--

LOCK TABLES `tiposcampeonato` WRITE;
/*!40000 ALTER TABLE `tiposcampeonato` DISABLE KEYS */;
INSERT INTO `tiposcampeonato` VALUES (1,2,'R','´PUÑO VOLCADO','A'),(2,2,'R','PALMA DE BUDA','A'),(3,4,'R','MANO ABIERTA','E'),(4,4,'R','MANO CERRADA','E'),(5,4,'R','PTADA CON GIRO TUIT CHAGUI','E'),(6,4,'R','PTADA CON GIRO DOLGUE CHAGUI','E'),(7,4,'R','PTADA SIN GIRO YOP CHAGUI','E'),(8,4,'R','PTADA SIN GIRO AP DOLLYO CHAGUI','E'),(9,4,'R','PATADA CON GIRO TUIT CHAGUI','E'),(10,4,'R','PATADA CON GIRO DOLGUE CHAGUI','E'),(11,4,'R','PATADA SIN GIRO YOP CHAGUI','E'),(12,4,'R','PATADA SIN GIRO AP DOLLYO CHAGUI','E'),(13,4,'R','PATADA CON GIRO TUIT CHAGUI','E'),(14,4,'R','PATADA CON GIRO DOLGUE CHAGUI','E'),(15,4,'R','PATADA SIN GIRO YOP CHAGUI','E'),(16,4,'R','PATADA SIN GIRO AP DOLLYO CHAGUI','E'),(17,4,'R','DISTANCIA YOP CHAGUI','E'),(18,4,'R','DISTANCIA TUIT CHAGUI','E'),(19,4,'R','PATADA CON SALTO TIMYO DWI DOLLYO','E'),(20,4,'R','PATADA CON SALTO DOLGUE CHAGUI','E'),(21,4,'R','PATADA CON SALTO TIMYO AP CHAGUI','E'),(22,4,'R','PATADA SIN SALTO YOP CHAGUI','E'),(23,4,'R','PATADA SIN SALTO AP DOLLYO CHAGUI','E'),(24,4,'R','PATADA SIN SALTO DWI DOLLYO CHAGUI','E'),(25,4,'R','FREE STYLE','E'),(26,4,'R','PATADA SIN GIRO YOP CHAGUI POTENCIA','E'),(27,4,'R','PATADA SIN GIRO AP DOLLYO CHAGUI POTENCIA','E'),(28,4,'R','PATADA CON GIRO TUIT CHAGUI POTENCIA','E'),(29,4,'R','PATADA CON GIRO DOLGUE CHAGUI POTENCIA','E'),(30,4,'R','POTENCIA - MANO ABIERTA','E'),(31,4,'R','POTENCIA - MANO CERRADA','E'),(32,4,'R','POTENCIA GIRO - DOLGUE CHAGUI','E'),(33,4,'R','POTENCIA GIRO - TUIT CHAGUI','E'),(34,4,'R','POTENCIA - AP DOLLYO CHAGUI','E'),(35,4,'R','POTENCIA - YOP CHAGUI','E'),(36,4,'R','DISTANCIA - YOP CHAGUI','E'),(37,4,'R','ALTURA SALTO - DOLGUE CHAGUI','E'),(38,4,'R','ALTURA SALTO - TIMYO AP CHAGUI','E'),(39,4,'R','ALTURA - AP DOLLYO CHAGUI','E'),(40,4,'R','ALTURA - DWI DOLYO CHAGUI','E'),(41,4,'R','POTENCIA - MANO CERRADA','A'),(42,4,'R','POTENCIA - MANO ABIERTA','A'),(43,4,'R','POTENCIA GIRO - TUIT CHAGUI','A'),(44,4,'R','POTENCIA GIRO - DOLGUE CHAGUI','A'),(45,4,'R','POTENCIA - YOP CHAGUI','A'),(46,4,'R','POTENCIA - AP DOLLYO CHAGUI','A'),(47,4,'R','DISTANCIA - YOP CHAGUI','A'),(48,4,'R','ALTURA SALTO - DOLGUE CHAGUI','A'),(49,4,'R','ALTURA SALTO - TIMYO AP CHAGUI','A'),(50,4,'R','ALTURA - AP DOLLYO CHAGUI','A'),(51,4,'R','ALTURA - DWI DOLLYO CHAGUI','A'),(52,8,'R','POTENCIA - MANO CERRADA','A'),(53,8,'R','POTENCIA - MANO ABIERTA','A'),(54,8,'R','POTENCIA GIRO - TUIT CHAGUI','A'),(55,8,'R','POTENCIA GIRO - DOLGUE CHAGUI','A'),(56,8,'R','POTENCIA - YOP CHAGUI','A'),(57,8,'R','POTENCIA - AP DOLLYO CHAGUI','A'),(58,8,'R','DISTANCIA - YOP CHAGUI','A'),(59,8,'R','ALTURA SALTO - DOLGUE CHAGUI','A'),(60,8,'R','ALTURA SALTO - TIMYO AP CHAGUI','A'),(61,8,'R','ALTURA - AP DOLLYO CHAGUI','A'),(62,8,'R','ALTURA - DWI DOLLYO CHAGUI','A'),(63,8,'R','FREESTYLE INDIVIDUAL','A'),(64,8,'R','FREESTYLE EQUIPO','A'),(65,8,'R','DEMO. ARMAS','A'),(66,8,'R','FREESTYLE PAREJA','A'),(67,8,'R','DEMO. EQUIPO','A');
/*!40000 ALTER TABLE `tiposcampeonato` ENABLE KEYS */;
UNLOCK TABLES;

--
-- Table structure for table `usuario`
--

DROP TABLE IF EXISTS `usuario`;
/*!40101 SET @saved_cs_client     = @@character_set_client */;
/*!50503 SET character_set_client = utf8mb4 */;
CREATE TABLE `usuario` (
  `idusuario` int(11) NOT NULL AUTO_INCREMENT,
  `correo` text,
  `password` text,
  `nombres` text,
  `apellidos` text,
  `idclub` int(11) NOT NULL DEFAULT '0',
  `idcinturon` int(11) NOT NULL DEFAULT '0',
  `foto` text,
  `ci` int(11) DEFAULT NULL,
  `estado` varchar(1) DEFAULT 'K',
  `tipo` varchar(1) DEFAULT 'A',
  `albitro` varchar(1) DEFAULT 'A',
  `tipoalbitro` varchar(1) DEFAULT 'C',
  PRIMARY KEY (`idusuario`)
) ENGINE=InnoDB AUTO_INCREMENT=39 DEFAULT CHARSET=latin1;
/*!40101 SET character_set_client = @saved_cs_client */;

--
-- Dumping data for table `usuario`
--

LOCK TABLES `usuario` WRITE;
/*!40000 ALTER TABLE `usuario` DISABLE KEYS */;
INSERT INTO `usuario` VALUES (1,'jjchsan@gmail.com','$2b$10$yqzfU4sR92PFJ0rkCYAEnevl1wKu82rxSlBc4hsg2nU8grklDGYxm','JUAN JOSE','SANCHEZ',4,0,'12',7933318,'A','A','A','P'),(2,'ar.choquevillca@gmail.com','$2b$10$FFyuCNovFTQkeJLhsK56Q.7nTIXJe4eZVdrrQ0KyPBm9PKRK3bRAa','ADRIAN RODRIGO ','CHOQUEVILLCA CAMACHO',1,0,'24',6402857,'A','A','I','C'),(3,'davidalejandromercadosabja@gmail.com','$2b$10$MJew0OBELO9PSw9CRESzyORMjboTAHU78dBpSpbp2UoqbBxnF.v.2','DAVID ALEJANDRO ','MERCADO SABJA ',3,0,NULL,6417679,'K','A','I','C'),(4,'baemdocb@gmail.com','$2b$10$QeWoaGJWFUjDL434RSdpvef5VlKezGwhhNYksnZVJb5szKt24MmAS','GERARDO ','ROJAS GARCÍA ',3,0,NULL,6424201,'E','A','I','C'),(5,'david55lijeron@gmail.com','$2b$10$IJ.TpYUzSdxCijzB/uzQV.uFTi0WgJHXBuJx4WaBqhjVCfoi5xGLy','DAVID ','LIJERON FERNANDEZ ',5,0,NULL,70382775,'K','A','I','C'),(6,'david55lijeron@gmail.com','$2b$10$EpBn2rJsGEwg8m.PBDoHoeEcAN25bFwaFSHCflTzSKKpyAT4YXcNi','DAVID ','LIJERON FERNANDEZ ',5,0,NULL,70382775,'E','A','I','C'),(7,'ronalch32x@gmail.com','$2b$10$gmY/3r1fjg6e1gNvp1pQt.hJjKDGS0Jpkd9XKSEf5ReoMJzqNrNX.','RONALDO ','CHOQUE MONTES',6,0,NULL,9383261,'A','A','A','P'),(8,'ronalch32x@gmail.com','$2b$10$EpBn2rJsGEwg8m.PBDoHoeEcAN25bFwaFSHCflTzSKKpyAT4YXcNi','RONALDO ','CHOQUE MONTES',6,0,NULL,9383261,'E','A','A','C'),(9,'ronalch32x@gmail.com','$2b$10$EpBn2rJsGEwg8m.PBDoHoeEcAN25bFwaFSHCflTzSKKpyAT4YXcNi','RONALDO ','CHOQUE MONTES',6,0,NULL,9383261,'E','A','A','C'),(10,'ronalch32x@gmail.com','$2b$10$EpBn2rJsGEwg8m.PBDoHoeEcAN25bFwaFSHCflTzSKKpyAT4YXcNi','RONALDO ','CHOQUE MONTES',6,0,NULL,9383261,'E','A','I','C'),(11,'mariela.tmr@gmail.com','$2b$10$EDwB0e9zTMVRTY2yB2AwkuD/.2ym9kt1n/4XVZ9/YDE7E51jSTil.','MARIELA','MERCADO RIVERO',2,0,NULL,5155406,'E','A','I','C'),(12,'melichiki6@gmail.com','$2b$10$sWilSI7xpvygcJSNgl/Isu6bDAFwpDVQAb6I4lQI3X6MQW1yFE3QO','MELISSA','MERCADO MARAÑON',4,0,NULL,6553918,'K','A','I','C'),(13,'dragondeorokwan@gmail.com','$2b$10$QwQkF1WvVGjgD0GKHk97yenakdVDU/cwl3nqvJrHEHkzhqDsNvTC.','JORGE ARMANDO ','CHAMBI JANCOO ',7,0,NULL,5241142,'K','A','I','C'),(14,'crisra.1996@gmail.com','$2b$10$EpBn2rJsGEwg8m.PBDoHoeEcAN25bFwaFSHCflTzSKKpyAT4YXcNi','FELMAR CHISTHIAN ','ROJAS APAZA',10,0,NULL,7347599,'E','A','I','C'),(15,'ibratkd@gmail.com','$2b$10$EpBn2rJsGEwg8m.PBDoHoeEcAN25bFwaFSHCflTzSKKpyAT4YXcNi','IBRAHIM ','MENACHO GUERRERO',12,0,NULL,7226777,'E','A','I','C'),(16,'bethipanoso@gmail.com','$2b$10$EpBn2rJsGEwg8m.PBDoHoeEcAN25bFwaFSHCflTzSKKpyAT4YXcNi','BETHI','PANOSO GONZALES',9,0,NULL,3127064,'E','A','I','C'),(17,'ibratkd85@gmail.com','$2b$10$EpBn2rJsGEwg8m.PBDoHoeEcAN25bFwaFSHCflTzSKKpyAT4YXcNi','IBRAHIM','MENACHO GUERRERO',12,0,NULL,7226777,'E','A','I','C'),(18,'josu5525n@gmail.com','$2b$10$Wc7PdmwkaQsQK.fxDlspcugM9/cGtCotQroVTDlr1vFe/y.az.k1u','JOSUE ERNESTO ','MERCADO RIVERO',2,0,NULL,12343151,'E','A','I','C'),(19,'sgalarzabecerra@gmail.com','$2b$10$yiAr0y3jpijwagmWKz4t1eEFwoDgWdcO7DFCQebkC16knAcSOzqvy','SERGIO','GALARZA BECERRA',11,0,NULL,8815143,'K','A','I','C'),(20,'shont2016@gmail.com','$2b$10$PLnaEtVUFCI/tp5YqtPHzOLhCqQs5/DLK91eEVxzYh7.C8l2PuA5q','SERGIO','GALARZA BECERRA ',11,0,NULL,8815153,'E','A','I','C'),(21,'Feherquiro@gmail.com','$2b$10$yJ/YKzF1ioD.A49j4P5ePuNHHd.7J0HlvBQVsQLn08alJIrsmAujO','FERNANDO','QUIROGA',13,0,NULL,6500114,'K','A','I','C'),(22,'juan05@gmail.com','$2b$10$uj8AP7dHBnx22feL83zlquSWlTkKd0kamJbbMt.7J.FvQ14u/x7O.','PRUEBAS','SISTEMAS',2,0,NULL,9,'E','K','I','C'),(23,'cristianzapata@gmail.com','$2b$10$jPvz8nKUTHWycJ.iOpODgOZSzbpB6wOH/V1/7VTik.wOTGvXi6ydG','CRISTIAN ','ZAPATA',14,0,NULL,60788079,'E','A','I','C'),(24,'sergiogalarza@gmail.com','$2b$10$MF7RJpgBTRP09GKAZuQI2OnT4eHjyySsl1T.6cMtNB53.RXFiPuu6','SERGIO','GALARZA',11,0,NULL,72257798,'E','A','I','C'),(25,'fernandoquiroga@gmail.com','$2b$10$DK1U7oC9iqf.Ma0KcyHMVegooQxgzoXAhjP6gSxBFQeyY7R6oYq2O','FERNANDO','QUIROGA',13,0,NULL,72755279,'E','A','A','C'),(26,'ejemplo@gmail.com','$2b$10$5QB7kv64Stg/E7meiFaUx.QjpaWn96Srj8QDqU44X7VfJGLOOjMFK','EJEMPLO','CAMPEONATO',15,0,NULL,1,'E','A','I','C'),(27,'julio@gmail.com','$2b$10$gO8BZTaZOC2dtTn4CPYhjOgOtFlNthdv6I3c7KlhujnCFPKn3p0Qu','JULIO','BELA',15,0,NULL,1234567,'E','A','I','C'),(28,'a@gmail.com','$2b$10$QaeXfetJomqxt.DyIiaz.uP/562bHYpA7R489.9YX5QujET.wDajq','JULIO','ARCO',15,0,NULL,1234567,'E','A','I','C'),(29,'abelbravo@gmail.com','$2b$10$6YqPVwxnFujXk25gSMzlBONg.yNtlgggAas64gAYOvujqorMQUsJW','ABEL','BRAVO',16,0,NULL,60397018,'I','A','I','C'),(30,'rafaellopez@gmail.com','$2b$10$opvJKY9HzJC90sX3EY6hF.k5eMlGw.KVLSrxYHkKQVf/.iMg9AnQG','RAFAEL','LOPEZ',17,0,NULL,62612488,'I','A','I','C'),(31,'valeriaclavijo@gmail.com','$2b$10$FKm2EqRzJEJnzrkjbwKEcOihD7FouCupAp8OtB3GvB4cg4byTBPi6','VALERIA','CLAVIJO',18,0,NULL,70309374,'E','A','I','C'),(32,'betypanoso@gmail.com','$2b$10$IYoPasLjlnjemZKEb7RT..HUeFqpfYAcg34HCk291OkfquUM./r36','BETY','PANOSO',19,0,NULL,74261440,'I','A','I','C'),(33,'ibrahimmenacho@gmail.com','$2b$10$kxbDnHEMCrdbxoHcBGjwxuzBAxganki0XhVp/4SUCAB3xrVgn5My6','IBRAHIM ','MENACHO',20,0,NULL,75121285,'E','A','I','C'),(34,'mododemo@gmail.com','$2b$10$iI0WDcP3Z1zbfgqaKgVUp.O2AxRE4j2jrSBfKN1olTXIjLN8nPFhW','MODO DEMO','DEMO',21,0,NULL,76410131,'A','A','A','C'),(35,'mando1@gmail.com','$2b$10$yH3mDFIGen71207LYeKh8uF6UTV6cKmaFoz14RB1jfm3yICkbkpw.','MANDO1','.',3,0,NULL,1234,'K','A','A','P'),(36,'mando2@gmail.com','$2b$10$bpKyj9.2pptj2my.KRPUzeoli6449EhtoqBGs3gtf7QIpB2IyEWUq','MANDO2','.',6,0,NULL,123,'K','A','A','P'),(37,'mando3@gmail.com','$2b$10$HVhObQTZyfU6p9kYOb0pf.gsD5txEfGCUHFDnswYMasOOR0SKmyBG','MANDO3','.',5,0,NULL,1234,'K','A','A','P'),(38,'mando5@gmail.com','$2b$10$IXUABn7bwQ.8lBl/EcnTouK3ngNCLxT4Rl2tmG1MEj./USaW.DP/S','MANDO5','.',6,0,NULL,1234,'K','A','A','P');
/*!40000 ALTER TABLE `usuario` ENABLE KEYS */;
UNLOCK TABLES;
/*!40103 SET TIME_ZONE=@OLD_TIME_ZONE */;

/*!40101 SET SQL_MODE=@OLD_SQL_MODE */;
/*!40014 SET FOREIGN_KEY_CHECKS=@OLD_FOREIGN_KEY_CHECKS */;
/*!40014 SET UNIQUE_CHECKS=@OLD_UNIQUE_CHECKS */;
/*!40101 SET CHARACTER_SET_CLIENT=@OLD_CHARACTER_SET_CLIENT */;
/*!40101 SET CHARACTER_SET_RESULTS=@OLD_CHARACTER_SET_RESULTS */;
/*!40101 SET COLLATION_CONNECTION=@OLD_COLLATION_CONNECTION */;
/*!40111 SET SQL_NOTES=@OLD_SQL_NOTES */;

-- Dump completed on 2024-10-12 10:41:18
